-- phpMyAdmin SQL Dump
-- version 3.3.9
-- http://www.phpmyadmin.net
--
-- Servidor: localhost
-- Tempo de Geração: Fev 07, 2013 as 11:26 
-- Versão do Servidor: 5.5.8
-- Versão do PHP: 5.3.5

SET SQL_MODE="NO_AUTO_VALUE_ON_ZERO";


/*!40101 SET @OLD_CHARACTER_SET_CLIENT=@@CHARACTER_SET_CLIENT */;
/*!40101 SET @OLD_CHARACTER_SET_RESULTS=@@CHARACTER_SET_RESULTS */;
/*!40101 SET @OLD_COLLATION_CONNECTION=@@COLLATION_CONNECTION */;
/*!40101 SET NAMES utf8 */;

--
-- Banco de Dados: `2013`
--

-- --------------------------------------------------------

--
-- Estrutura da tabela `ajustes`
--

CREATE TABLE IF NOT EXISTS `ajustes` (
  `id` int(11) NOT NULL AUTO_INCREMENT,
  `cx_retira` int(6) NOT NULL,
  `descricao_cx_ret` text NOT NULL,
  `cx_inclui` int(6) NOT NULL,
  `descricao_cx_inc` text NOT NULL,
  `vlr_or_pecent` char(1) NOT NULL,
  `valor` decimal(8,2) DEFAULT NULL,
  `ativo` int(1) NOT NULL,
  PRIMARY KEY (`id`)
) ENGINE=InnoDB  DEFAULT CHARSET=latin1 AUTO_INCREMENT=3 ;

--
-- Extraindo dados da tabela `ajustes`
--

INSERT INTO `ajustes` (`id`, `cx_retira`, `descricao_cx_ret`, `cx_inclui`, `descricao_cx_inc`, `vlr_or_pecent`, `valor`, `ativo`) VALUES
(1, 2123300, 'SALARIOS', 2222300, 'M.O. ENC.', '%', 10.00, 0),
(2, 3100000, 'SALDO INICIAL', 3200000, 'SALDO FINAL', '$', 100.00, 0);

-- --------------------------------------------------------

--
-- Estrutura da tabela `ajustes_lancados`
--

CREATE TABLE IF NOT EXISTS `ajustes_lancados` (
  `id` int(11) NOT NULL AUTO_INCREMENT,
  `data` date DEFAULT NULL,
  `cx_retira` int(6) NOT NULL,
  `descricao_cx_ret` text NOT NULL,
  `cx_inclui` int(6) NOT NULL,
  `descricao_cx_inc` text NOT NULL,
  `vlr_or_pecent` char(1) NOT NULL,
  `valor` decimal(8,2) DEFAULT NULL,
  PRIMARY KEY (`id`)
) ENGINE=InnoDB  DEFAULT CHARSET=latin1 AUTO_INCREMENT=3 ;

--
-- Extraindo dados da tabela `ajustes_lancados`
--

INSERT INTO `ajustes_lancados` (`id`, `data`, `cx_retira`, `descricao_cx_ret`, `cx_inclui`, `descricao_cx_inc`, `vlr_or_pecent`, `valor`) VALUES
(1, '2013-01-01', 1111110, 'SALARIOS', 2222300, 'MO ENC', '%', 10.00),
(2, '2013-02-01', 1111200, 'SERVICO', 2224000, 'MANUTENCAO', '%', 10.00);

-- --------------------------------------------------------

--
-- Estrutura da tabela `ajustes_temporario`
--

CREATE TABLE IF NOT EXISTS `ajustes_temporario` (
  `id` int(11) NOT NULL AUTO_INCREMENT,
  `cx_temp` int(6) NOT NULL,
  `descricao_temp` text NOT NULL,
  `valor_temp` decimal(8,2) DEFAULT NULL,
  PRIMARY KEY (`id`)
) ENGINE=InnoDB  DEFAULT CHARSET=latin1 AUTO_INCREMENT=2155 ;

--
-- Extraindo dados da tabela `ajustes_temporario`
--

INSERT INTO `ajustes_temporario` (`id`, `cx_temp`, `descricao_temp`, `valor_temp`) VALUES
(2153, 0, 'SEM CONTA CAIXA', -7016.35),
(2154, 2224000, 'MANUTEN&Ccedil;&Atilde;O', -21.03);

-- --------------------------------------------------------

--
-- Estrutura da tabela `cheques`
--

CREATE TABLE IF NOT EXISTS `cheques` (
  `id` int(11) NOT NULL AUTO_INCREMENT,
  `id_conta_corrente` int(11) NOT NULL,
  `data_emissao` date DEFAULT NULL,
  `historico` text,
  `numero_doc` text,
  `valor` decimal(8,2) DEFAULT NULL,
  `data_vencimento` date NOT NULL,
  `conta_caixa` int(11) DEFAULT NULL,
  `data_baixa` date DEFAULT NULL,
  `obs` text,
  `vazio` text,
  PRIMARY KEY (`id`)
) ENGINE=InnoDB  DEFAULT CHARSET=latin1 AUTO_INCREMENT=220 ;

--
-- Extraindo dados da tabela `cheques`
--

INSERT INTO `cheques` (`id`, `id_conta_corrente`, `data_emissao`, `historico`, `numero_doc`, `valor`, `data_vencimento`, `conta_caixa`, `data_baixa`, `obs`, `vazio`) VALUES
(44, 1, '2013-02-13', 'MAQUINA DIVINO', '854136', 1200.00, '2013-02-13', 0, NULL, NULL, NULL),
(45, 1, '2013-02-14', '???', '854137', 1.00, '2013-02-14', 0, NULL, NULL, NULL),
(46, 1, '2013-03-14', 'DIVINO MAQUINA', '854138', 1200.00, '2013-03-14', 0, NULL, NULL, NULL),
(47, 1, '2013-04-14', 'DIVINO MAQUINA', '854139', 1200.00, '2013-04-14', 0, NULL, NULL, NULL),
(48, 1, '2013-05-14', 'DIVINO MAQUINA', '854140', 1200.00, '2013-05-14', 0, NULL, NULL, NULL),
(49, 1, '2013-06-14', 'DIVINO MAQUINA', '854141', 1200.00, '2013-06-14', 0, NULL, NULL, NULL),
(75, 1, '2012-11-09', 'PEÇA_LANCHA', '854191', 556.00, '2012-11-09', 0, NULL, NULL, NULL),
(97, 1, '2013-01-27', 'CARRETA LANCHA', '854207', 833.00, '2013-01-27', 0, '2013-01-01', NULL, NULL),
(98, 1, '2013-02-27', 'CARRETA LANCHA', '854208', 833.00, '2013-02-27', 0, NULL, NULL, NULL),
(104, 1, '2013-02-06', 'JOAO CERUTTI', '854214', 1100.00, '2013-02-06', 0, NULL, NULL, NULL),
(113, 1, '2012-12-04', 'MATERIAL MANGELS', '854217', 588.00, '2012-12-04', 0, NULL, NULL, NULL),
(115, 1, '2012-12-05', 'LUIZ LANCHA', '854219', 475.00, '2012-12-05', 0, NULL, NULL, NULL),
(117, 1, '2012-12-05', 'RAÇÃO', '854221', 67.00, '2012-12-05', 0, NULL, NULL, NULL),
(119, 1, '2012-12-08', 'AÇOUGUE', '854223', 305.49, '2012-12-08', 0, NULL, NULL, NULL),
(120, 1, '2013-01-30', 'FABIO', '854224', 2000.00, '2013-01-30', 0, '2013-01-01', NULL, NULL),
(121, 1, '2013-02-28', 'FABIO', '854225', 2000.00, '2013-02-28', 0, NULL, NULL, NULL),
(122, 1, '2012-12-10', 'MAGNESITA_SUCATA', '854226', 300.00, '2012-12-11', 0, NULL, NULL, NULL),
(124, 1, '2012-12-12', 'SUCATA MAGNESITA', '854228', 270.00, '2012-12-12', 0, NULL, NULL, NULL),
(125, 1, '2013-03-10', '1 10 SOFA', '854249', 449.70, '2013-03-10', 0, NULL, NULL, NULL),
(127, 1, '2012-12-21', 'CANCELADO', '854230', 0.00, '2012-12-21', 0, NULL, NULL, NULL),
(128, 1, '2012-12-17', 'FRETE LIXO ', '854231', 400.00, '2012-12-17', 0, NULL, NULL, NULL),
(129, 1, '2013-04-10', '2 10 SOFA', '854250', 449.70, '2013-04-10', 0, NULL, NULL, NULL),
(130, 1, '2013-05-10', '3 10 SOFA', '854251', 449.70, '2013-05-10', 0, NULL, NULL, NULL),
(131, 1, '2013-06-10', '4 70 SOFA', '854252', 449.70, '2013-06-10', 0, NULL, NULL, NULL),
(132, 1, '2013-07-10', '5 10 SOFA', '854253', 449.70, '2013-07-10', 0, NULL, NULL, NULL),
(133, 1, '2013-08-10', '6 10 SOFA', '854254', 449.70, '2013-08-10', 0, NULL, NULL, NULL),
(134, 1, '2013-09-10', '7 10 SOFA', '854255', 449.70, '2013-09-10', 0, NULL, NULL, NULL),
(135, 1, '2013-10-10', '8 10 SOFA', '854256', 449.70, '2013-10-10', 0, NULL, NULL, NULL),
(136, 1, '2013-02-10', '10 10 SOFA', '854258', 449.70, '2013-02-10', 0, NULL, NULL, NULL),
(137, 1, '2013-03-10', 'IMPERMIB SOFA', '854259', 208.00, '2013-03-10', 0, NULL, NULL, NULL),
(138, 1, '2012-12-12', 'CONS MICRO ONDAS', '854260', 80.00, '2012-12-12', 0, NULL, NULL, NULL),
(139, 1, '2012-11-10', '9 10 SOFA ', '854257', 449.70, '2012-11-10', 0, NULL, NULL, NULL),
(144, 1, '2013-02-10', 'CONSERT LANCHA', '854236', 490.00, '2013-02-10', 0, '2013-01-01', NULL, NULL),
(148, 1, '2013-02-09', 'EMBALAGENS PLÁSTICAS', '854240', 496.80, '2013-02-09', 0, NULL, NULL, NULL),
(152, 1, '2013-02-10', 'FABIO', '854244', 2000.00, '2013-02-10', 0, NULL, NULL, NULL),
(153, 1, '2013-03-10', 'FABIO', '854245', 2000.00, '2013-03-10', 0, NULL, NULL, NULL),
(156, 1, '2013-01-25', 'FRETE MANGELS', '854248', 950.00, '2013-01-25', 0, '2013-01-01', NULL, NULL),
(158, 1, '2013-01-11', 'CONDOMÍNIO', '854262', 715.98, '2013-01-11', 0, '2013-01-01', NULL, NULL),
(163, 1, '2013-02-16', '2/8 CORTINA', '854267', 254.00, '2013-02-16', 0, NULL, NULL, NULL),
(164, 1, '2013-03-16', '3/8 CORTINA', '854268', 254.00, '2013-03-16', 0, NULL, NULL, NULL),
(165, 1, '2013-04-16', '4/8 CORTINA', '854269', 254.00, '2013-04-16', 0, NULL, NULL, NULL),
(166, 1, '2013-05-16', '5/8 CORTINA', '854270', 254.00, '2013-05-16', 0, NULL, NULL, NULL),
(167, 1, '2013-06-16', '6/8 CORTINA', '854271', 254.00, '2013-06-16', 0, NULL, NULL, NULL),
(168, 1, '2013-07-16', '7/8 CORTINA', '854272', 254.00, '2013-07-16', 0, NULL, NULL, NULL),
(169, 1, '2013-08-16', '8/8 CORTINA', '854273', 254.00, '2013-08-16', 0, NULL, NULL, NULL),
(175, 1, '2013-01-21', 'LAVAGEM TRITON', '854281', 70.00, '2013-01-21', 0, '2013-01-01', NULL, NULL),
(176, 1, '2013-01-30', 'GAS', '854282', 816.00, '2013-01-30', 0, '2013-01-01', NULL, NULL),
(177, 1, '2013-01-23', 'RAFAEL', '854274', 1808.00, '2013-01-23', 0, '2013-01-01', NULL, NULL),
(178, 1, '2013-01-22', 'RADIOGRAFIA BIANCA', '854168', 40.00, '2013-01-22', 0, NULL, NULL, NULL),
(179, 1, '2013-01-23', 'CONSERTO IMPRESSORA', '854283', 125.00, '2013-01-23', 0, NULL, NULL, NULL),
(180, 1, '2013-01-24', 'CONS. MOTOR MAQ', '854284', 140.00, '2013-01-24', 0, '2013-01-01', NULL, NULL),
(181, 1, '2013-01-25', 'EDUARDO FACÇÃO', '854285', 121.00, '2013-01-25', 0, '2013-01-01', NULL, NULL),
(182, 1, '2013-01-26', '2/2 REFORMA SOFÁ', '854276', 195.00, '2013-01-26', 0, '2013-01-01', NULL, NULL),
(183, 1, '2013-01-27', 'FRANGO', '854277', 67.00, '2013-01-27', 0, '2013-01-01', NULL, NULL),
(184, 1, '2013-02-10', 'HONORÁRIO JOPHAL', '854278', 693.10, '2013-02-10', 0, NULL, NULL, NULL),
(185, 1, '2013-02-15', 'LUVA CLEUSA', '854286', 425.00, '2013-02-15', 0, NULL, NULL, NULL),
(186, 1, '2013-03-15', 'LUVA CLEUSA', '854287', 425.00, '2013-03-15', 0, NULL, NULL, NULL),
(187, 1, '2013-01-26', 'HELVÉCIO ', '864289', 208.66, '2013-01-26', 0, NULL, NULL, NULL),
(188, 1, '2013-01-25', 'FRETE MÁQUINA ', '854288', 200.00, '2013-01-25', 0, '2013-01-01', NULL, NULL),
(189, 1, '2013-01-13', 'MAQUINA DIVINO', '854135', 1200.00, '2013-01-13', 0, '2013-01-01', NULL, NULL),
(190, 1, '2013-01-10', 'FABIO', '854175', 2000.00, '2013-01-10', 0, '2013-01-01', NULL, NULL),
(191, 1, '2013-01-05', 'ZE RODRIGUES', '854184', 750.00, '2013-01-05', 0, '2013-01-01', NULL, NULL),
(192, 1, '2013-01-06', 'DIVINO', '854210', 650.00, '2013-01-06', 0, '2013-01-01', NULL, NULL),
(193, 1, '2013-01-06', 'JOAO CERUTTI', '854213', 1100.00, '2013-01-06', 0, '2013-01-01', NULL, NULL),
(194, 1, '2013-01-02', 'PAPELARIA', '854218', 158.00, '2013-01-02', 0, '2013-01-01', NULL, NULL),
(195, 1, '2013-01-05', 'LUIZ LANCHA', '854220', 475.00, '2013-01-05', 0, '2013-01-01', NULL, NULL),
(196, 1, '2013-01-12', 'MANGUEIRAS SITIO ', '854229', 430.00, '2013-01-12', 0, '2013-01-01', NULL, NULL),
(197, 1, '2013-01-02', 'FRETE LANCHA', '854235', 90.00, '2013-01-02', 0, '2013-01-01', NULL, NULL),
(198, 1, '2013-01-04', 'FAIXA', '854237', 106.00, '2013-01-04', 0, '2013-01-01', NULL, NULL),
(199, 1, '2013-01-14', 'GAS', '854238', 988.00, '2013-01-14', 0, '2013-01-01', NULL, NULL),
(200, 1, '2013-01-09', 'AÇOUGUE GERSON', '854239', 178.00, '2013-01-09', 0, '2013-01-01', NULL, NULL),
(201, 1, '2013-01-10', 'EDUARDO FACCAO', '854241', 110.00, '2013-01-10', 0, '2013-01-01', NULL, NULL),
(202, 1, '2013-01-10', 'DESPACHANTE MOTO', '854242', 70.00, '2013-01-10', 0, '2013-01-01', NULL, NULL),
(203, 1, '2013-01-10', 'FRETE LIXO', '854243', 200.00, '2013-01-10', 0, '2013-01-01', NULL, NULL),
(204, 1, '2013-01-10', 'VALE NETO (MECANICO)', '854246', 70.00, '2013-01-10', 0, '2013-01-01', NULL, NULL),
(205, 1, '2013-01-10', 'SUCATA MANGELS', '854247', 486.00, '2013-01-10', 0, '2013-01-01', NULL, NULL),
(206, 1, '2013-01-14', 'DESPACHANTE JET BOAT', '854261', 350.00, '2013-01-14', 0, '2013-01-01', NULL, NULL),
(207, 1, '2013-01-15', 'CONS MAQ PERCLORO', '854263', 180.00, '2013-01-15', 0, '2013-01-01', NULL, NULL),
(208, 1, '2013-01-18', 'FRETE LIXO', '854264', 200.00, '2013-01-18', 0, '2013-01-01', NULL, NULL),
(209, 1, '2013-01-19', 'RACAO PEIXE', '854265', 289.00, '2013-01-19', 0, '2013-01-01', NULL, NULL),
(210, 1, '2013-01-19', 'PEIXE', '854266', 90.00, '2013-01-19', 0, '2013-01-01', NULL, NULL),
(211, 1, '2013-01-08', '1/2 REF SOFA', '854165', 645.00, '2013-01-08', 0, '2013-01-01', NULL, NULL),
(212, 1, '2013-01-10', 'JOPHAL', '854166', 1391.22, '2013-01-10', 0, '2013-01-01', NULL, NULL),
(213, 1, '2013-01-14', 'REST SEG', '854167', 415.20, '2013-01-14', 0, '2013-01-01', NULL, NULL),
(219, 1, '2013-01-26', '2/2_REFORMA_SOFA', '854275', 450.00, '2013-02-26', 0, '2013-01-28', NULL, NULL);

-- --------------------------------------------------------

--
-- Estrutura da tabela `conta_caixa`
--

CREATE TABLE IF NOT EXISTS `conta_caixa` (
  `id` int(11) NOT NULL AUTO_INCREMENT,
  `num_conta_caixa` int(6) NOT NULL,
  `descricao` text NOT NULL,
  PRIMARY KEY (`id`),
  UNIQUE KEY `num_conta_caixa` (`num_conta_caixa`)
) ENGINE=InnoDB  DEFAULT CHARSET=latin1 AUTO_INCREMENT=389 ;

--
-- Extraindo dados da tabela `conta_caixa`
--

INSERT INTO `conta_caixa` (`id`, `num_conta_caixa`, `descricao`) VALUES
(1, 0, 'SEM CONTA CAIXA'),
(2, 3100000, 'SALDO INICIAL'),
(3, 3200000, 'SALDO FINAL'),
(4, 1111000, 'RECEITAS OPERACIONAIS'),
(7, 1113000, 'RECURSOS FINANCEIROS'),
(15, 1121000, 'RECEITAS OPERACIONAIS'),
(18, 1123000, 'RECURSOS FINANCEIROS'),
(23, 1212000, 'RETORNO DE INVESTIMENTOS'),
(28, 1222000, 'RETORNO DE INVESTIMENTOS'),
(29, 1223000, 'RECURSOS FINANCEIROS'),
(30, 1310000, 'CONCILIACAO'),
(31, 1320000, 'CONCILIACAO'),
(132, 2211000, 'DESP RED ALTERNATIVAS'),
(137, 2226000, 'INVESTIMENTOS'),
(138, 2227000, 'OUTROS'),
(139, 2310000, 'CONCILIACAO'),
(140, 2320000, 'CONCILIACAO'),
(157, 2225000, 'FINANCEIRA'),
(158, 1112000, 'RETORNO DE INVESTIMENTO'),
(159, 1114000, 'OUTRAS ENTRADAS'),
(160, 1122000, 'RETORNO DE INVESTIMENTOS'),
(161, 1124000, 'OUTRAS ENTRADAS'),
(162, 1221000, 'RENDA PRINCIPAL(SAL/PRO LAB/RET)'),
(163, 2111000, 'IMPOSTOS'),
(164, 2112000, 'FORNECEDORES'),
(165, 2113000, 'PRODU&Ccedil;&Atilde;O'),
(166, 2114000, 'ADMINISTRA&Ccedil;&Atilde;O'),
(167, 2115000, 'FINANCEIRO'),
(168, 2116000, 'INVESTIMENTO'),
(169, 2117000, 'OUTROS'),
(177, 2221000, 'IMPOSTOS'),
(178, 2222000, 'CONSUMO'),
(179, 2223000, 'PADR&Atilde;O'),
(180, 2224000, 'MANUTEN&Ccedil;&Atilde;O'),
(181, 1211000, 'RENDA ALTERNATIVAS'),
(182, 1224000, 'OUTRAS ENTRADAS'),
(188, 1213000, 'RECURSOS FINANCEIROS'),
(189, 1214000, 'OUTRAS ENTRADAS'),
(190, 2212000, 'INVESTIMENTOS P/ NEG&Oacute;CIOS'),
(191, 2213000, 'FINANCEIRO'),
(192, 2214000, 'OUTROS'),
(193, 1121100, 'VENDA'),
(194, 1121200, 'SERVICO'),
(195, 1122100, 'VENDA PATRIMONI'),
(196, 1111100, 'VENDA'),
(197, 1111200, 'SERVICO'),
(198, 1112100, 'VENDA PATRIMONIO'),
(199, 1112200, 'REND RESG CAPITAL'),
(200, 1113100, 'EMPRESTIMO CAP GIRO'),
(201, 1114100, 'DOACOES '),
(202, 1122200, 'REND RESG CAPITAL'),
(203, 1123100, 'EMPRESTIMO CAP GIRO'),
(204, 1124100, 'DOACOES'),
(205, 1211100, 'QUADRI '),
(206, 1211200, 'GP'),
(207, 1212100, 'ALUGUEIS '),
(208, 1213100, 'EMPRESTIMOS P NEG PF'),
(209, 1221100, 'PRO LABORE KR'),
(210, 1221200, 'RETIRADA DA SEGURA '),
(211, 1222100, 'VENDA PATRIMONIO'),
(212, 1223100, 'EMPRESTIMOS P FAM PF'),
(213, 1224100, 'DISTRIBUICAO DE LUCRO'),
(214, 1224200, 'DOACOES '),
(215, 2111100, 'S FATURAMENTO'),
(216, 2111200, 'S MO'),
(217, 2111300, 'S PATRIMONIO'),
(218, 2112100, 'MERCADORIAS'),
(221, 2113100, 'HIGIENIZACAO'),
(222, 2113200, 'REPARACAO E EMBALAGENS'),
(223, 2113300, 'M.O.'),
(224, 2113400, 'M.O. TERCEIRIZADA'),
(225, 2113500, 'FRETES'),
(226, 2113600, 'DESTINACAO RESIDUOS'),
(230, 2114100, 'INFRAESTRUTURA '),
(231, 2114200, 'COMUNICACAO E MARKETING'),
(232, 2114300, 'TRANSPORTE COMBUSTIVEL'),
(233, 2114400, 'MATERIAS '),
(234, 2114500, 'SERV TERCEIROS '),
(235, 2115100, 'ENCARGOS E TARIFAS BANC'),
(236, 2115200, 'EMPRESTIMOS E CAP GIRO'),
(237, 2116100, 'PATRIMONIAL'),
(238, 2116200, 'QUALITATIVO '),
(239, 2117100, 'DOACOES'),
(240, 2117200, 'OUTROS'),
(262, 2211100, 'QUADRI'),
(263, 2211200, 'GP'),
(264, 2212100, 'AQUISICAO IMOVEIS P ALG'),
(265, 2213100, 'ENCARGOS E TARIGAS BANC'),
(266, 2213200, 'EMPRESTIMOS P NEG PF'),
(267, 2221100, 'IR IPTU IPVA'),
(268, 2222100, 'ALIMENT HIGIENE '),
(269, 2222200, 'AG LUZ GAS'),
(270, 2222300, 'COMUNICACAO'),
(271, 2222400, 'TRANSP COMBUST'),
(272, 2222500, 'VESTUARIO'),
(273, 2223100, 'SAUDE'),
(274, 2223200, 'ESCOLA'),
(275, 2223300, 'MO E ENCARGOS '),
(276, 2223400, 'SITIO'),
(277, 2223500, 'ATIVIDADES EXTRAS'),
(278, 2223600, 'LAZER E CULTURA '),
(279, 2223700, 'MESADAS '),
(280, 2225100, 'ENCARGOS E TARIFAS BANC'),
(281, 2225200, 'EMPRESTIMOS P FAMILIA'),
(282, 2226100, 'PATRIMONIAL'),
(283, 2227100, 'DOACOES '),
(284, 1111110, 'MATERIAL NOVO'),
(285, 1111120, 'MATERIAL USADO'),
(286, 1111130, 'DESCARTE'),
(287, 1121110, 'MATERIAL NOVO'),
(288, 1121120, 'MATERIAL USADO'),
(289, 1121130, 'DESCARTE'),
(290, 2112110, 'NOVOS'),
(291, 2112120, 'SUCATA'),
(292, 2113110, 'PRODUTO LIMPEZA'),
(293, 2113120, 'AGUA'),
(294, 2113130, 'LUZ'),
(295, 2113140, 'GAS'),
(302, 2113910, 'SUCATA CLIENTE'),
(303, 2114110, 'MANUTECAO E ME'),
(304, 2114210, 'TEL CEL INTERNE'),
(305, 2114220, 'DIVULGACAO ANUN'),
(306, 2114410, 'MAT ESCRITORIO'),
(307, 2114420, 'MAT LIMP ALIMEN'),
(308, 2114510, 'PROW POWMX CSIT'),
(309, 2116110, 'VEICULOS'),
(310, 2116120, 'MAQUINAS'),
(311, 2116130, 'EQUIP MOV UTENS'),
(312, 2116140, 'RESERVA CAPITAL'),
(313, 2116150, 'SEGUROS'),
(314, 2116210, 'TREINAM CONSULT'),
(315, 2121000, 'IMPOSTOS'),
(316, 2121100, 'S FATURAMENTO'),
(317, 2121200, 'S MO'),
(318, 2121300, 'S PATRIMONIO'),
(319, 2122000, 'FORNECEDORES'),
(320, 2122100, 'MERCADORIAS'),
(321, 2122110, 'NOVOS'),
(322, 2122120, 'SUCATA'),
(323, 2123000, 'PRODU&Ccedil;&Atilde;O'),
(324, 2123100, 'HIGIENIZACAO'),
(325, 2123110, 'PRODUTO LIMPEZA'),
(326, 2123120, 'AGUA'),
(327, 2123130, 'LUZ'),
(328, 2123140, 'GAS'),
(329, 2123200, 'REPARACAO E EMBALAGENS'),
(330, 2123300, 'M.O.'),
(331, 2123400, 'M.O. TERCEIRIZADA'),
(332, 2123500, 'FRETES'),
(333, 2123600, 'DESTINACAO RESIDUOS'),
(334, 2123910, 'SUCATA CLIENTE'),
(335, 2124000, 'ADMINISTRA&Ccedil;&Atilde;O'),
(336, 2124100, 'INFRAESTRUTURA '),
(337, 2124110, 'MANUTECAO E ME'),
(338, 2124200, 'COMUNICACAO E MARKETING'),
(339, 2124210, 'TEL CEL INTERNE'),
(340, 2124220, 'DIVULGACAO ANUN'),
(341, 2124300, 'TRANSPORTE COMBUSTIVEL'),
(342, 2124400, 'MATERIAS '),
(343, 2124410, 'MAT ESCRITORIO'),
(344, 2124420, 'MAT LIMP ALIMEN'),
(345, 2124500, 'SERV TERCEIROS '),
(346, 2124510, 'PROW POWMX CSIT'),
(347, 2125000, 'FINANCEIRO'),
(348, 2125100, 'ENCARGOS E TARIFAS BANC'),
(349, 2125200, 'EMPRESTIMOS E CAP GIRO'),
(350, 2126000, 'INVESTIMENTO'),
(351, 2126100, 'PATRIMONIAL'),
(352, 2126110, 'VEICULOS'),
(353, 2126120, 'MAQUINAS'),
(354, 2126130, 'EQUIP MOV UTENS'),
(355, 2126140, 'RESERVA CAPITAL'),
(356, 2126150, 'SEGUROS'),
(357, 2126200, 'QUALITATIVO '),
(358, 2126210, 'TREINAM CONSULT'),
(359, 2127000, 'OUTROS'),
(360, 2127100, 'DOACOES'),
(361, 2127200, 'OUTROS'),
(362, 2113310, 'SALARIOS'),
(363, 2113320, 'PROVISOES'),
(364, 2113330, 'FER DT AC PRES'),
(365, 2113410, 'TRANSP COL ENT'),
(366, 2113420, 'COSTUREIRA'),
(367, 2113430, 'FAXINA CHAPA ET'),
(368, 2113510, 'FRT SUC E CLIEN'),
(369, 2113610, 'ETE'),
(370, 2113620, 'LIXO'),
(371, 2113630, 'DESNTUP INSINER'),
(372, 2111400, 'TX E IMP DIVERSOS'),
(373, 2226110, 'IMOVEIS'),
(374, 2226120, 'VEICULOS'),
(375, 2226130, 'EAUIP E MOVEIS'),
(376, 2226140, 'RESERVA CAP'),
(377, 2226150, 'SEGUROS'),
(378, 2121400, 'TX IMP DIVERSOS'),
(379, 2123310, 'SALARIOS'),
(380, 2123320, 'PROVISOES'),
(381, 2123330, 'FER DT AC PRES'),
(382, 2123410, 'TRANSP COL ENT'),
(383, 2123420, 'COSTUREIRA'),
(384, 2123430, 'FAX CHAPA ETC'),
(385, 2123510, 'FRT SUCAT CLIEN'),
(386, 2123610, 'ETE'),
(387, 2123620, 'LIXO E FRT LIXO'),
(388, 2123630, 'DESNTUP INSINER');

-- --------------------------------------------------------

--
-- Estrutura da tabela `conta_corrente`
--

CREATE TABLE IF NOT EXISTS `conta_corrente` (
  `id` int(11) NOT NULL AUTO_INCREMENT,
  `id_tconta` int(11) NOT NULL,
  `numero_conta` text,
  `descricao` text,
  `obs` text,
  `vazio` text,
  PRIMARY KEY (`id`)
) ENGINE=InnoDB  DEFAULT CHARSET=latin1 AUTO_INCREMENT=15 ;

--
-- Extraindo dados da tabela `conta_corrente`
--

INSERT INTO `conta_corrente` (`id`, `id_tconta`, `numero_conta`, `descricao`, `obs`, `vazio`) VALUES
(1, 1, '79480-5', 'BB SEGURA', 'BBS', NULL),
(2, 2, '26698-1', 'BB KATIA', 'BBK', NULL),
(3, 2, '38585-9', 'BB RONALDO', 'BBR', NULL),
(4, 3, '026698-1', 'POUP KATIA', 'PPK', NULL),
(5, 3, '038585-9', 'POUP RONALDO', 'PPR', NULL),
(6, 4, '4791-1', 'ITAU', 'ITA', NULL),
(7, 5, '51272-9', 'BRADESCO', 'BRD', NULL),
(8, 6, '', 'CAIXA SEGURA', 'CXS', NULL),
(9, 7, '', 'VISA K', 'VSK', NULL),
(10, 8, '', 'ITAUCARD', 'ITC', NULL),
(11, 7, '', 'VISA R', 'VSR', NULL),
(12, 7, '', 'MASTER K', 'MTK', NULL),
(13, 7, '', 'MASTER R', 'MTR', NULL),
(14, 6, '', 'CAIXA PRODUCAO', 'CXP', NULL);

-- --------------------------------------------------------

--
-- Estrutura da tabela `extratos`
--

CREATE TABLE IF NOT EXISTS `extratos` (
  `id` int(11) NOT NULL AUTO_INCREMENT,
  `id_conta_corrente` int(11) NOT NULL,
  `data_emissao` date DEFAULT NULL,
  `historico` text,
  `numero_doc` text,
  `valor` decimal(8,2) DEFAULT NULL,
  `conta_caixa` int(11) DEFAULT NULL,
  `obs` text,
  `vazio` text,
  PRIMARY KEY (`id`)
) ENGINE=InnoDB  DEFAULT CHARSET=latin1 AUTO_INCREMENT=1404 ;

--
-- Extraindo dados da tabela `extratos`
--

INSERT INTO `extratos` (`id`, `id_conta_corrente`, `data_emissao`, `historico`, `numero_doc`, `valor`, `conta_caixa`, `obs`, `vazio`) VALUES
(1, 1, '2013-01-02', 'Depósito Online          ', '350140', 504.00, 1111110, 'EDINHO PAPAGAIOS   ', NULL),
(2, 1, '2013-01-02', 'BB Giro Rápido           ', '000505', 4049.34, 0, 'BB Giro Rapido           ', NULL),
(3, 1, '2013-01-02', 'Cheque descontado        ', '308879', -3670.88, 2320000, 'Cheque descontado        ', NULL),
(4, 1, '2013-01-02', 'Pagamento de Título      ', '010201', -103.08, 0, 'BANCO BRADESCO S.A.                   ', NULL),
(5, 1, '2013-01-02', 'Pagamento de Título      ', '010202', -195.75, 0, 'BANCO BRADESCO S.A.                   \r\n', NULL),
(6, 1, '2013-01-02', 'Pagamento de Título      ', '010203', -1221.34, 0, 'HSBC BANK BRASIL S.A.-BANCO MULTIPLO  ', NULL),
(7, 1, '2013-01-02', 'Pagto conta telefone     ', '010204', -39.90, 0, 'VIVO MG - TELEMIG                     \r\n', NULL),
(8, 1, '2013-01-02', 'Débito Serviço Cobrança  ', '007853', -20.80, 0, 'Débito Serviço Cobrança  ', NULL),
(9, 1, '2013-01-02', 'Débito Serviço Cobrança  ', '000633', -3.50, 0, 'Débito Serviço Cobrança  ', NULL),
(10, 1, '2013-01-02', 'Cheque Compensado        ', '854211', -356.00, 0, 'Cheque Compensado        ', NULL),
(11, 1, '2013-01-02', 'Cheque Compensado        ', '854233', -80.00, 0, 'Cheque Compensado        ', NULL),
(12, 1, '2013-01-02', 'Cheque Compensado        ', '854234', -130.00, 0, 'Cheque Compensado        ', NULL),
(13, 1, '2013-01-02', 'Cobrança de I.O.F.       ', '100702', -62.37, 0, 'Cobrança de I.O.F.       ', NULL),
(14, 1, '2013-01-03', 'Transferência on line    ', '000327', 419.59, 1111200, 'CR ALMEIDA (03-01-12)', NULL),
(15, 1, '2013-01-03', 'Depósito COMPE           ', '309810', 182.26, 0, 'NATURAL IMOVEIS 26-12-13)', NULL),
(16, 1, '2013-01-03', 'Cobrança                 ', '041023', 10250.28, 0, 'Cobrança                 ', NULL),
(17, 1, '2013-01-03', 'Transferência on line    ', '026051', -110.00, 0, '03/01 2818      26051-7 GREGORIO ALVES\r\n', NULL),
(18, 1, '2013-01-03', 'Transferência on line    ', '008998', -140.00, 0, '03/01 4383       8998-2 NILSON DA SILV\r\n', NULL),
(19, 1, '2013-01-02', 'Empréstimo               ', '000333', -69.31, 0, 'Empréstimo               ', NULL),
(20, 1, '2013-01-02', 'BB Giro Rápido           ', '000603', -37.42, 0, 'BB Giro Rápido           ', NULL),
(21, 1, '2013-01-03', 'Impostos                 ', '010301', -71.30, 0, 'SECRET. FAZENDA MG                    \r\n', NULL),
(22, 1, '2013-01-03', 'Emissão de DOC           ', '010302', -1170.00, 0, 'Emissão de DOC           ', NULL),
(23, 1, '2013-01-03', 'Débito Serviço Cobrança  ', '009094', -13.00, 0, 'Débito Serviço Cobrança  ', NULL),
(24, 1, '2013-01-03', 'Cheque Compensado        ', '854163', -80.00, 0, 'Cheque Compensado        ', NULL),
(25, 1, '2013-01-03', 'Cheque Compensado        ', '854232', -90.00, 0, 'Cheque Compensado        ', NULL),
(26, 1, '2013-01-04', 'Depósito Online          ', '898509', 28.00, 0, 'Depósito Online          ', NULL),
(27, 1, '2013-01-04', 'Depósito COMPE           ', '434692', 172.12, 0, '237 3134 12773519000191 SULA METALURGI\r\n', NULL),
(28, 1, '2013-01-04', 'Cobrança                 ', '080223', 1753.11, 0, 'Cobrança                 ', NULL),
(29, 1, '2013-01-04', 'Saque com cartão         ', '783933', -1000.00, 0, '04/01 10:39 SOP-CEASA-CONTAGEM        \r\n', NULL),
(30, 8, '2013-01-04', 'Saque com cartão', '783933', 1000.00, 1310000, '04/01', NULL),
(31, 1, '2013-01-04', 'Impostos                 ', '010401', -279.67, 0, 'FGTS ARREC GRRF                       \r\n', NULL),
(32, 1, '2013-01-04', 'Pagamento de Título      ', '010402', -124.78, 0, 'POWERMAX SEGURANCA PATRIMONIAL        \r\n', NULL),
(33, 1, '2013-01-04', 'Débito Serviço Cobrança  ', '020577', -2.86, 0, 'Débito Serviço Cobrança  ', NULL),
(34, 1, '2013-01-04', 'Débito Serviço Cobrança  ', '001612', -3.50, 0, 'Débito Serviço Cobrança  ', NULL),
(35, 1, '2013-01-04', 'Débito Serviço Cobrança  ', '012515', -10.40, 0, 'Débito Serviço Cobrança  ', NULL),
(36, 1, '2013-01-04', 'Cheque Compensado        ', '854218', -158.40, 0, 'Cheque Compensado        ', NULL),
(37, 1, '2013-01-04', 'Desbloqueio de depósito  ', '800273', 618.68, 0, 'Desbloqueio de depósito  ', NULL),
(38, 1, '2013-01-07', 'Depósito Online          ', '687007', 300.00, 0, 'Depósito Online          ', NULL),
(39, 1, '2013-01-07', 'Transferência on line    ', '024477', 740.00, 0, '07/01 3494      24477-5 BEL LAV SERVIC\r\n', NULL),
(40, 1, '2013-01-07', 'Depósito COMPE           ', '014251', 262.00, 0, '237 1463  3523188000140 DENSO SISTEMAS\r\n', NULL),
(41, 1, '2013-01-07', 'TED Transf.Eletr.Disponív', '552589', 5068.80, 0, '237 3484 17193590000119 MASCARENHAS BA\r\n', NULL),
(42, 1, '2013-01-07', 'Cobrança                 ', '119270', 404.16, 0, 'Cobrança                 ', NULL),
(43, 1, '2013-01-07', 'Compra com Cartão        ', '139288', -169.60, 0, '05/01 10:54  SUPREMO                  \r\n', NULL),
(44, 1, '2013-01-07', 'Saque com cartão         ', '937891', -400.00, 0, '05/01 13:03 SAA-JABOTICATUBAS         \r\n', NULL),
(45, 8, '2013-01-07', 'Saque com cartão', '937891', 400.00, 1310000, '05/01', NULL),
(46, 1, '2013-01-07', 'Saque com cartão         ', '783933', -100.00, 0, '07/01 12:27 SOP-PAMPULHA              \r\n', NULL),
(47, 8, '2013-01-07', 'Saque com cartão', '783933', 100.00, 1310000, '07/01', NULL),
(48, 1, '2013-01-07', 'Transferido para Poupança', '003333', -60.00, 0, '07/01 2190  510003333-5 LOJA MACONICA \r\n', NULL),
(49, 1, '2013-01-07', 'Transferência on line    ', '026051', -1408.54, 0, '07/01 2818      26051-7 GREGORIO ALVES\r\n', NULL),
(50, 1, '2013-01-07', 'Pagamento de Título      ', '010701', -113.47, 0, 'BANCO BRADESCO S.A.                   \r\n', NULL),
(51, 1, '2013-01-07', 'Pagamento de Título      ', '010702', -917.00, 0, 'BANCO SAFRA S.A.                      \r\n', NULL),
(52, 1, '2013-01-07', 'Impostos                 ', '010703', -673.85, 0, 'FGTS ARRECADACAO GRF                  \r\n', NULL),
(53, 1, '2013-01-07', 'Impostos                 ', '010704', -49.76, 0, 'FGTS ARRECADACAO GRF                  \r\n', NULL),
(54, 1, '2013-01-07', 'Débito Serviço Cobrança  ', '001073', -112.00, 0, 'Débito Serviço Cobrança  ', NULL),
(55, 1, '2013-01-07', 'Débito Serviço Cobrança  ', '009324', -44.20, 0, 'Débito Serviço Cobrança  ', NULL),
(56, 1, '2013-01-07', 'Débito Serviço Cobrança  ', '000790', -17.55, 0, 'Débito Serviço Cobrança  ', NULL),
(57, 1, '2013-01-07', 'Cheque Compensado        ', '854184', -750.00, 0, 'Cheque Compensado        ', NULL),
(58, 1, '2013-01-07', 'Cheque Compensado        ', '854220', -475.00, 0, 'Cheque Compensado        ', NULL),
(59, 1, '2013-01-07', 'Cheque Compensado        ', '854237', -106.00, 0, 'Cheque Compensado        ', NULL),
(60, 1, '2013-01-07', 'Pagto TV por Assinatura  ', '043101', -237.60, 0, 'Pagto TV por Assinatura  ', NULL),
(61, 1, '2013-01-07', 'Desbloqueio de depósito  ', '400620', 3630.00, 0, 'Desbloqueio de depósito  ', NULL),
(62, 1, '2013-01-08', 'Cobrança                 ', '079997', 20522.15, 0, 'Cobrança                 ', NULL),
(63, 1, '2013-01-08', 'Transferência on line    ', '014834', -151.72, 0, '08/01 1804      14834-2 SUPM BARRIGAO \r\n', NULL),
(64, 1, '2013-01-08', 'Transferência on line    ', '026698', -7000.00, 0, '08/01 4888      26698-1 KATIA VIEIRA S\r\n', NULL),
(65, 1, '2013-01-08', 'Transferência on line    ', '038585', -7000.00, 0, '08/01 4888      38585-9 RONALDO COSTA \r\n', NULL),
(66, 1, '2013-01-08', 'Folha de Pagamento       ', '002932', -1729.68, 0, 'Folha de Pagamento       ', NULL),
(67, 1, '2013-01-08', 'Emissão de DOC           ', '010801', -312.58, 0, 'Emissão de DOC           ', NULL),
(68, 1, '2013-01-08', 'Emissão de DOC           ', '010802', -632.41, 0, 'Emissão de DOC           ', NULL),
(69, 1, '2013-01-08', 'Emissão de DOC           ', '010803', -603.41, 0, 'Emissão de DOC           ', NULL),
(70, 1, '2013-01-08', 'Emissão de DOC           ', '010804', -725.41, 0, 'Emissão de DOC           ', NULL),
(71, 1, '2013-01-08', 'Emissão de DOC           ', '010805', -596.40, 0, 'Emissão de DOC           ', NULL),
(72, 1, '2013-01-08', 'Emissão de DOC           ', '010806', -961.23, 0, 'Emissão de DOC           ', NULL),
(73, 1, '2013-01-08', 'Débito Serviço Cobrança  ', '001087', -3.50, 0, 'Débito Serviço Cobrança  ', NULL),
(74, 1, '2013-01-08', 'Débito Serviço Cobrança  ', '009197', -59.80, 0, 'Débito Serviço Cobrança  ', NULL),
(75, 1, '2013-01-08', 'Tar Pag Salár Créd Conta ', '516074', -5.00, 0, 'Tarifa referente a 08/01/2013         \r\n', NULL),
(76, 1, '2013-01-08', 'Tar DOC/TED Eletrônico   ', '175139', -7.40, 0, 'Tarifa referente a 08/01/2013         \r\n', NULL),
(77, 1, '2013-01-08', 'Tar DOC/TED Eletrônico   ', '175140', -7.40, 0, 'Tarifa referente a 08/01/2013         \r\n', NULL),
(78, 1, '2013-01-08', 'Tar DOC/TED Eletrônico   ', '175141', -7.40, 0, 'Tarifa referente a 08/01/2013         \r\n', NULL),
(79, 1, '2013-01-08', 'Tar DOC/TED Eletrônico   ', '175142', -7.40, 0, 'Tarifa referente a 08/01/2013         \r\n', NULL),
(80, 1, '2013-01-08', 'Tar DOC/TED Eletrônico   ', '175143', -7.40, 0, 'Tarifa referente a 08/01/2013         \r\n', NULL),
(81, 1, '2013-01-08', 'Cheque Compensado        ', '854210', -650.00, 0, 'Cheque Compensado        ', NULL),
(82, 1, '2013-01-08', 'Pagamento de Telefone    ', '042157', -209.17, 0, 'Pagamento de Telefone    ', NULL),
(83, 1, '2013-01-09', 'Depósito Online          ', '900110', 276.44, 0, 'Depósito Online          ', NULL),
(84, 1, '2013-01-09', 'Transferência on line    ', '753366', 238.16, 0, '09/01 1614     753366-7 TERMOTECNICA I\r\n', NULL),
(85, 1, '2013-01-09', 'Transferência on line    ', '057225', 61.67, 0, '09/01 0503      57225-X STP SERV PRECI\r\n', NULL),
(86, 1, '2013-01-09', 'DOC devolvido            ', '000009', 725.41, 0, 'DOC devolvido            ', NULL),
(87, 1, '2013-01-09', 'Depósito COMPE           ', '057631', 467.01, 0, '341 3120  7254599000139 UNIARTE TUBOLA\r\n', NULL),
(88, 1, '2013-01-09', 'DOC devolvido            ', '100010', 603.41, 0, 'DOC devolvido            ', NULL),
(89, 1, '2013-01-09', 'DOC devolvido            ', '700014', 632.41, 0, 'DOC devolvido            ', NULL),
(90, 1, '2013-01-09', 'Depósito COMPE           ', '797021', 516.64, 0, '237 2906  5266324000190 SERQUIP TRATAM\r\n', NULL),
(91, 1, '2013-01-09', 'Cobrança                 ', '079077', 408.90, 0, 'Cobrança                 ', NULL),
(92, 1, '2013-01-09', 'Transferência on line    ', '049333', -300.00, 0, '09/01 0032      49333-3 NETHORIZONTES \r\n', NULL),
(93, 1, '2013-01-09', 'Débito Serviço Cobrança  ', '001108', -35.00, 0, 'Débito Serviço Cobrança  ', NULL),
(94, 1, '2013-01-09', 'Débito Serviço Cobrança  ', '009806', -20.80, 0, 'Débito Serviço Cobrança  ', NULL),
(95, 1, '2013-01-09', 'Débito Serviço Cobrança  ', '100955', -2.86, 0, 'Débito Serviço Cobrança  ', NULL),
(96, 1, '2013-01-09', 'Cheque Compensado        ', '854158', -40.00, 0, 'Cheque Compensado        ', NULL),
(97, 1, '2013-01-09', 'Cheque Compensado        ', '854165', -645.00, 0, 'Cheque Compensado        ', NULL),
(98, 1, '2013-01-09', 'Cheque Compensado        ', '854213', -1100.00, 0, 'Cheque Compensado        ', NULL),
(99, 1, '2013-01-09', 'Cheque Compensado        ', '854235', -90.00, 0, 'Cheque Compensado        ', NULL),
(100, 1, '2013-01-10', 'Depósito Online          ', '992478', 525.00, 0, 'Depósito Online          ', NULL),
(101, 1, '2013-01-10', 'Depósito COMPE           ', '014864', 432.32, 0, '237 1463  3523188000140 DENSO SISTEMAS\r\n', NULL),
(102, 1, '2013-01-10', 'Cobrança                 ', '062669', 1000.00, 0, 'Cobrança                 ', NULL),
(103, 1, '2013-01-10', 'Saque com cartão         ', '783933', -1000.00, 0, '10/01 11:15 SOP-CEASA-CONTAGEM        \r\n', NULL),
(104, 8, '2013-01-10', 'Saque com cartão', '783933', 1000.00, 1310000, '10/01', NULL),
(105, 1, '2013-01-10', 'BB Giro Flex             ', '001491', -1288.41, 0, 'BB Giro Flex             ', NULL),
(106, 1, '2013-01-10', 'BB Giro Flex             ', '000489', -2033.24, 0, 'BB Giro Flex             ', NULL),
(107, 1, '2013-01-10', 'BB Giro Flex             ', '000036', -3212.71, 0, 'BB Giro Flex             ', NULL),
(108, 1, '2013-01-10', 'Débito Serviço Cobrança  ', '000448', -5.85, 0, 'Débito Serviço Cobrança  ', NULL),
(109, 1, '2013-01-10', 'Cheque Compensado        ', '854236', -490.00, 0, 'Cheque Compensado        ', NULL),
(110, 1, '2013-01-11', 'Depósito Online          ', '400485', 604.00, 0, 'Depósito Online          ', NULL),
(111, 1, '2013-01-11', 'Transferência on line    ', '026698', 5000.00, 0, '11/01 4888      26698-1 KATIA VIEIRA S\r\n', NULL),
(112, 1, '2013-01-11', 'Transferência on line    ', '028468', 301.21, 0, '11/01 2818      28468-8 M&M INSTALACOE\r\n', NULL),
(113, 1, '2013-01-11', 'Cobrança                 ', '294136', 307.14, 0, 'Cobrança                 ', NULL),
(114, 1, '2013-01-11', 'Compra com Cartão        ', '164204', -33.56, 0, '11/01 17:50  5 MIL                    \r\n', NULL),
(115, 1, '2013-01-11', 'Empréstimo               ', '000230', -1898.64, 0, 'Empréstimo               ', NULL),
(116, 1, '2013-01-11', 'Débito Serviço Cobrança  ', '294136', -86.27, 0, 'Débito Serviço Cobrança  ', NULL),
(117, 1, '2013-01-11', 'Pagto via Auto-Atend.BB  ', '011102', -85.13, 0, 'SECRET. FAZENDA MG                    \r\n', NULL),
(118, 1, '2013-01-11', 'TED Transf.Eletr.Disponiv', '011103', -15000.00, 0, 'TED Transf.Eletr.Disponiv', NULL),
(119, 1, '2013-01-11', 'Pagamento de Título      ', '011104', -188.36, 0, 'BANCO BRADESCO S.A.                   \r\n', NULL),
(120, 1, '2013-01-11', 'Débito Serviço Cobrança  ', '001066', -21.00, 0, 'Débito Serviço Cobrança  ', NULL),
(121, 1, '2013-01-11', 'Débito Serviço Cobrança  ', '006507', -6.00, 0, 'Débito Serviço Cobrança  ', NULL),
(122, 1, '2013-01-11', 'Débito Serviço Cobrança  ', '000518', -5.85, 0, 'Débito Serviço Cobrança  ', NULL),
(123, 1, '2013-01-11', 'Tar DOC/TED Eletrônico   ', '187579', -7.40, 0, 'Tarifa referente a 11/01/2013         \r\n', NULL),
(124, 1, '2013-01-11', 'Cheque Compensado        ', '854175', -2000.00, 0, 'Cheque Compensado        ', NULL),
(125, 1, '2013-01-14', 'Depósito COMPE           ', '336659', 338.76, 0, '033 4435  7414599000159 ALVORADA PRODU\r\n', NULL),
(126, 1, '2013-01-11', 'Cheque Devolv sem Fundos ', '854175', 2000.00, 0, 'Cheque Devolv sem Fundos ', NULL),
(127, 1, '2013-01-14', 'Cobrança                 ', '060847', 1649.50, 0, 'Cobrança                 ', NULL),
(128, 1, '2013-01-14', 'Empréstimo               ', '000336', 5000.00, 0, 'Empréstimo               ', NULL),
(129, 1, '2013-01-14', 'Transferência Agendada   ', '026698', 5000.00, 0, '14/01 4888      26698-1 KATIA VIEIRA S\r\n', NULL),
(130, 1, '2013-01-14', 'Empréstimo               ', '000345', -1272.92, 0, 'Empréstimo               ', NULL),
(131, 1, '2013-01-14', 'Pagamento de Título      ', '011401', -153.00, 0, 'ITAU UNIBANCO S.A.                    \r\n', NULL),
(132, 1, '2013-01-14', 'Pagamento de Título      ', '011402', -917.92, 0, 'BANCO SAFRA S.A.                      \r\n', NULL),
(133, 1, '2013-01-14', 'Débito Serviço Cobrança  ', '001042', -23.50, 0, 'Débito Serviço Cobrança  ', NULL),
(134, 1, '2013-01-14', 'Débito Serviço Cobrança  ', '009157', -7.80, 0, 'Débito Serviço Cobrança  ', NULL),
(135, 1, '2013-01-14', 'Tar Custódia Cheque      ', '865100', -0.38, 0, 'Tarifa referente a 14/01/2013         \r\n', NULL),
(136, 1, '2013-01-14', 'Cheque Compensado        ', '854167', -415.20, 0, 'Cheque Compensado        ', NULL),
(137, 1, '2013-01-14', 'Cheque Compensado        ', '854242', -70.00, 0, 'Cheque Compensado        ', NULL),
(138, 1, '2013-01-14', 'Pagto Energia Elétrica   ', '002534', -45.50, 0, 'Pagto Energia Elétrica   ', NULL),
(139, 1, '2013-01-15', 'Transferência on line    ', '009744', 147.33, 0, '15/01 2288       9744-6 E S N ENGENHAR\r\n', NULL),
(140, 1, '2013-01-15', 'Cobrança                 ', '084115', 1035.50, 0, 'Cobrança                 ', NULL),
(141, 1, '2013-01-15', 'INSS Arrecadação         ', '011501', -124.40, 0, 'GPS- Ident.:     16884554534 - 12/2012\r\n', NULL),
(142, 1, '2013-01-15', 'Impostos                 ', '011502', -144.91, 0, 'SECRET. FAZENDA MG                    \r\n', NULL),
(143, 1, '2013-01-15', 'Pagamento de Título      ', '011503', -32.00, 0, 'ITAU UNIBANCO S.A.                    \r\n', NULL),
(144, 1, '2013-01-15', 'Pagamento de Título      ', '011504', -15.00, 0, 'BANCO BRADESCO S.A.                   \r\n', NULL),
(145, 1, '2013-01-15', 'BB Giro Flex             ', '001498', -373.87, 0, 'BB Giro Flex             ', NULL),
(146, 1, '2013-01-15', 'BB Giro Flex             ', '000493', -2844.15, 0, 'BB Giro Flex             ', NULL),
(147, 1, '2013-01-15', 'Débito Serviço Cobrança  ', '001061', -3.50, 0, 'Débito Serviço Cobrança  ', NULL),
(148, 1, '2013-01-15', 'Débito Serviço Cobrança  ', '009506', -26.00, 0, 'Débito Serviço Cobrança  ', NULL),
(149, 1, '2013-01-15', 'Tarifa Devol de Cheque   ', '029885', -21.50, 0, 'Tarifa referente a 14/01/2013         \r\n', NULL),
(150, 1, '2013-01-15', 'Cheque Compensado        ', '854135', -1200.00, 0, 'Cheque Compensado        ', NULL),
(151, 1, '2013-01-15', 'Cheque Compensado        ', '854229', -430.00, 0, 'Cheque Compensado        ', NULL),
(152, 1, '2013-01-15', 'Desbloqueio de depósito  ', '871246', 555.88, 0, 'Desbloqueio de depósito  ', NULL),
(153, 1, '2013-01-16', 'Depósito COMPE           ', '206600', 297.29, 0, '341 2971  7340605000170 MEGA ENERGIA L\r\n', NULL),
(154, 1, '2013-01-16', 'Cobrança                 ', '063484', 5323.59, 0, 'Cobrança                 ', NULL),
(155, 1, '2013-01-16', 'Pagamento de Título      ', '011601', -514.60, 0, 'BANCO SANTANDER (BRASIL) S.A.         \r\n', NULL),
(156, 1, '2013-01-16', 'Pagamento de Título      ', '011602', -517.44, 0, 'BANCO BRADESCO S.A.                   \r\n', NULL),
(157, 1, '2013-01-16', 'Emissão de DOC           ', '011603', -1000.00, 0, 'Emissão de DOC           ', NULL),
(158, 1, '2013-01-16', 'Pagamento de Título      ', '011604', -420.00, 0, 'BANCO BRADESCO S.A.                   \r\n', NULL),
(159, 1, '2013-01-16', 'Pagto cartão crédito     ', '066860', -4190.59, 0, 'Pagto cartão crédito     ', NULL),
(160, 1, '2013-01-16', 'Débito Serviço Cobrança  ', '000507', -11.70, 0, 'Débito Serviço Cobrança  ', NULL),
(161, 1, '2013-01-16', 'Tar DOC/TED Eletrônico   ', '234913', -7.40, 0, 'Tarifa referente a 16/01/2013         \r\n', NULL),
(162, 1, '2013-01-16', 'Cheque Compensado        ', '854166', -1391.22, 0, 'Cheque Compensado        ', NULL),
(163, 1, '2013-01-16', 'Cheque Compensado        ', '854238', -988.00, 0, 'Cheque Compensado        ', NULL),
(164, 1, '2013-01-16', 'Cheque Compensado        ', '854243', -200.00, 0, 'Cheque Compensado        ', NULL),
(165, 1, '2013-01-16', 'Cheque Compensado        ', '854261', -350.00, 0, 'Cheque Compensado        ', NULL),
(166, 1, '2013-01-16', 'Desbloqueio de depósito  ', '473419', 67.42, 0, 'Desbloqueio de depósito  ', NULL),
(167, 1, '2013-01-17', 'Depósito Online          ', '330013', 75.00, 0, 'Depósito Online          ', NULL),
(168, 1, '2013-01-17', 'Depósito COMPE           ', '621198', 1288.90, 0, '033 3154 17500224000246 USIMINAS MECAN\r\n', NULL),
(169, 1, '2013-01-17', 'Cobrança                 ', '056533', 471.00, 0, 'Cobrança                 ', NULL),
(170, 1, '2013-01-17', 'Transferência Agendada   ', '038585', 2000.00, 0, '17/01 4888      38585-9 RONALDO COSTA \r\n', NULL),
(171, 1, '2013-01-17', 'Pagamento de Título      ', '011701', -79.89, 0, 'BANCO BRADESCO S.A.                   \r\n', NULL),
(172, 1, '2013-01-17', 'Impostos                 ', '011702', -110.38, 0, 'MG-2013-DPVAT                 KXL-3113\r\n', NULL),
(173, 1, '2013-01-17', 'Impostos                 ', '011703', -623.16, 0, 'MG-2013-IPVA Cota 1           KXL-3113\r\n', NULL),
(174, 1, '2013-01-17', 'Débito Serviço Cobrança  ', '008710', -7.80, 0, 'Débito Serviço Cobrança  ', NULL),
(175, 1, '2013-01-17', 'Débito Serviço Cobrança  ', '000471', -17.55, 0, 'Débito Serviço Cobrança  ', NULL),
(176, 1, '2013-01-17', 'Tar Custódia Ch Exclusão ', '020273', -7.70, 0, 'Tarifa referente a 17/01/2013         \r\n', NULL),
(177, 1, '2013-01-17', 'Cheque Compensado        ', '854247', -486.00, 0, 'Cheque Compensado        ', NULL),
(178, 1, '2013-01-17', 'Cheque Compensado        ', '854263', -180.00, 0, 'Cheque Compensado        ', NULL),
(179, 1, '2013-01-17', 'Pagto Energia Elétrica   ', '002534', -313.17, 0, 'Pagto Energia Elétrica   ', NULL),
(180, 1, '2013-01-17', 'Pagamento de Telefone    ', '042157', -334.43, 0, 'Pagamento de Telefone    ', NULL),
(181, 1, '2013-01-18', 'Saque com cartão         ', '783933', -300.00, 0, '18/01 13:37 SAA-JABOTICATUBAS         \r\n', NULL),
(182, 8, '2013-01-18', 'Saque com cartão         ', '783933', 300.00, 1310000, '18/01', NULL),
(183, 1, '2013-01-18', 'Impostos                 ', '011801', -877.20, 0, 'GPS - CODIGO DE BARRAS                \r\n', NULL),
(184, 1, '2013-01-18', 'Impostos                 ', '011802', -71.30, 0, 'MG-2013-Licenciamento         KXL-3113\r\n', NULL),
(185, 1, '2013-01-18', 'Impostos                 ', '011803', -126.40, 0, 'MG-2013-IPVA Cota 1           DGL-4945\r\n', NULL),
(186, 1, '2013-01-18', 'Impostos                 ', '011804', -110.38, 0, 'MG-2013-DPVAT                 DGL-4945\r\n', NULL),
(187, 1, '2013-01-18', 'Impostos                 ', '011805', -71.30, 0, 'MG-2013-Licenciamento         DGL-4945\r\n', NULL),
(188, 1, '2013-01-18', 'Emissão de DOC           ', '011806', -1807.81, 0, 'Emissão de DOC           ', NULL),
(189, 1, '2013-01-18', 'Débito Serviço Cobrança  ', '001057', -87.50, 0, 'Débito Serviço Cobrança  ', NULL),
(190, 1, '2013-01-18', 'Débito Serviço Cobrança  ', '009016', -13.00, 0, 'Débito Serviço Cobrança  ', NULL),
(191, 1, '2013-01-18', 'Tar DOC/TED Eletrônico   ', '240445', -7.40, 0, 'Tarifa referente a 18/01/2013         \r\n', NULL),
(192, 1, '2013-01-18', 'Cheque Compensado        ', '854246', -70.00, 0, 'Cheque Compensado        ', NULL),
(193, 1, '2013-01-21', 'Depósito COMPE           ', '972780', 3000.00, 0, '341 8606    41745221620 RONALDO COSTA \r\n', NULL),
(194, 1, '2013-01-21', 'Cobrança                 ', '056893', 1236.33, 0, 'Cobrança                 ', NULL),
(195, 1, '2013-01-21', 'Transferência Agendada   ', '026698', 6000.00, 0, '21/01 4888      26698-1 KATIA VIEIRA S\r\n', NULL),
(196, 1, '2013-01-21', 'Transferência Agendada   ', '038585', 2000.00, 0, '21/01 4888      38585-9 RONALDO COSTA \r\n', NULL),
(197, 1, '2013-01-21', 'Impostos                 ', '012101', -6143.38, 0, 'DAS - SIMPLES NACIONAL                \r\n', NULL),
(198, 1, '2013-01-21', 'BB Giro Flex             ', '001505', -1790.47, 0, 'BB Giro Flex             ', NULL),
(199, 1, '2013-01-21', 'BB Giro Flex             ', '000503', -288.12, 0, 'BB Giro Flex             ', NULL),
(200, 1, '2013-01-21', 'Débito Serviço Cobrança  ', '008597', -7.80, 0, 'Débito Serviço Cobrança  ', NULL),
(201, 1, '2013-01-21', 'Tarifa Pacote de Serviços', '603347', -68.50, 0, 'Tarifa referente a 21/01/2013         \r\n', NULL),
(202, 1, '2013-01-21', 'Cheque Compensado        ', '854164', -220.00, 0, 'Cheque Compensado        ', NULL),
(203, 1, '2013-01-22', 'Depósito COMPE           ', '009870', 358.14, 0, '237 1463  3523188000140 DENSO SISTEMAS\r\n', NULL),
(204, 1, '2013-01-22', 'Cobrança                 ', '062255', 6320.49, 0, 'Cobrança                 ', NULL),
(205, 1, '2013-01-22', 'TED Transf.Eletr.Disponiv', '012201', -3000.00, 0, 'TED Transf.Eletr.Disponiv', NULL),
(206, 1, '2013-01-22', 'Débito Serviço Cobrança  ', '008815', -20.80, 0, 'Débito Serviço Cobrança  ', NULL),
(207, 1, '2013-01-22', 'Tar DOC/TED Eletrônico   ', '227125', -7.40, 0, 'Tarifa referente a 22/01/2013         \r\n', NULL),
(208, 1, '2013-01-22', 'Pagto Energia Elétrica   ', '002534', -1153.45, 0, 'Pagto Energia Elétrica   ', NULL),
(209, 1, '2013-01-22', 'Pagamento Fatura de Água ', '043580', -634.56, 0, 'Pagamento Fatura de Água ', NULL),
(210, 1, '2013-01-22', 'Desbloqueio de depósito  ', '501899', 105.00, 0, 'Desbloqueio de depósito  ', NULL),
(211, 2, '2013-01-02', 'Cobrança de I.O.F.', '100701', -111.37, 0, '', NULL),
(212, 2, '2013-01-07', 'Compra com Cartão - 07/01 18:51    GIARDINO PANNE', '167866', -29.60, 0, '', NULL),
(213, 2, '2013-01-07', 'Tarifa Pacote de Serviços - Tarifa referente a 07/01/2013', '356007', -38.00, 0, '', NULL),
(214, 2, '2013-01-07', 'Cobrança de Juros', '058901', -856.67, 0, '', NULL),
(215, 2, '2013-01-08', 'Transferência on line - 08/01 1222      79480-5 SEGURA UNIFORM', '079480', 7000.00, 0, '', NULL),
(216, 2, '2013-01-10', 'Compra com Cartão - 10/01 13:21  SUPREMO', '148087', -138.00, 0, '', NULL),
(217, 2, '2013-01-11', 'Transferência on line - 11/01 1222      79480-5 SEGURA UNIFORM', '079480', -5000.00, 0, '', NULL),
(218, 2, '2013-01-14', 'Transferência Agendada - 14/01 1222      79480-5 SEGURA UNIFORM', '079480', -5000.00, 0, '', NULL),
(219, 2, '2013-01-16', 'Compra com Cartão - 16/01 15:31    NOBRE CORTINAS', '155878', -254.00, 0, '', NULL),
(220, 2, '2013-01-16', 'Compra com Cartão - 16/01 15:49  SUPREMO', '256943', -126.00, 0, '', NULL),
(221, 2, '2013-01-16', 'Pagto cartão crédito', '240214', -2450.28, 0, '', NULL),
(222, 2, '2013-01-16', 'Pagto cartão crédito', '122315', -401.78, 0, '', NULL),
(223, 2, '2013-01-17', 'Depósito bloquead.1d útil', '473575', 697.70, 0, '', NULL),
(224, 2, '2013-01-18', 'Desbloqueio de depósito', '473575', 697.70, 0, '', NULL),
(225, 2, '2013-01-21', 'Transferência Agendada - 21/01 1222      79480-5 SEGURA UNIFORM', '079480', -6000.00, 0, '', NULL),
(226, 2, '2013-01-21', 'Pgto CDC Empr Eletrônico', '469945', -772.15, 0, '', NULL),
(227, 3, '2013-01-02', 'Cobrança de I.O.F.', '100701', -119.31, 0, '', NULL),
(228, 3, '2013-01-04', 'Saque com cartão - 04/01 10:45 SOP-CEASA-CONTAGEM', '991433', -100.00, 0, '', NULL),
(229, 3, '2013-01-07', 'Tarifa Pacote de Serviços - Tarifa referente a 07/01/2013', '356055', -38.00, 0, '', NULL),
(230, 3, '2013-01-07', 'Cobrança de Juros', '058901', -1318.29, 0, '', NULL),
(231, 3, '2013-01-08', 'Transferência on line - 08/01 1222      79480-5 SEGURA UNIFORM', '079480', 7000.00, 0, '', NULL),
(232, 3, '2013-01-10', 'Saque com cartão - 10/01 11:14 SOP-CEASA-CONTAGEM', '991433', -1000.00, 0, '', NULL),
(233, 3, '2013-01-10', 'Pgto CDC Empr Eletrônico', '019226', -258.39, 0, '', NULL),
(234, 3, '2013-01-10', 'Tarifa Adiant Depositante - Tarifa referente a 07/01/2013', '025936', -38.20, 0, '', NULL),
(235, 3, '2013-01-10', 'Pagto cartão crédito', '886086', -93.82, 0, '', NULL),
(236, 3, '2013-01-17', 'Transferência Agendada - 17/01 1222      79480-5 SEGURA UNIFORM', '079480', -2000.00, 0, '', NULL),
(237, 3, '2013-01-21', 'Transferência Agendada - 21/01 1222      79480-5 SEGURA UNIFORM', '079480', -2000.00, 0, '', NULL),
(238, 3, '2013-01-21', 'Pagamento Pedágio', '11806', -12.40, 0, '', NULL),
(239, 4, '2013-01-22', 'Juros', '', 0.27, 0, '', NULL),
(240, 5, '2013-01-14', 'Juros', '', 0.46, 0, '', NULL),
(241, 6, '2013-01-02', 'DOC INT 885107  unimed  ', '', -2850.58, 0, '', NULL),
(242, 6, '2013-01-02', 'INT ITAUCARD            ', '', -8336.87, 0, '', NULL),
(243, 6, '2013-01-02', 'IOF                     ', '', -1.46, 0, '', NULL),
(244, 6, '2013-01-03', 'DOC 237.2797MARIANA 0977', '', 550.00, 0, 'UNIMED 25-12-12 (-PRES LT 200)', NULL),
(245, 6, '2013-01-04', 'TAR DOC INTERNET        ', '', -7.40, 0, '', NULL),
(246, 6, '2013-01-07', 'CREDIARIO AUTOM   02/06 ', '', -3537.20, 0, '', NULL),
(247, 6, '2013-01-10', 'TBI 6505.18536-0ENGEQUIS', '', -520.00, 0, '', NULL),
(248, 6, '2013-01-10', 'TBI 7771.31886-7/500    ', '', -603.41, 0, '', NULL),
(249, 6, '2013-01-10', 'TBI 3166.16111-1     C/C', '', 666.67, 0, '', NULL),
(250, 6, '2013-01-11', 'TED 001.1222SEGURA UNIF ', '', 15000.00, 0, '', NULL),
(251, 6, '2013-01-21', 'DOC INT 972780          ', '', -3000.00, 0, '', NULL),
(252, 6, '2013-01-22', 'TED 001.1222SEGURA UNIF ', '', 3000.00, 0, '', NULL),
(253, 9, '2013-01-16', 'PGTO DEBITO CONTA 4888 ', 'PGTO DEBITO CONTA 4888 ', 3700.55, 0, 'PGTO DEBITO CONTA 4888 ', NULL),
(254, 9, '2013-01-16', 'PANIFICADORA GIARDINO  ', 'PANIFICADORA GIARDINO  ', -7.48, 0, 'PANIFICADORA GIARDINO  ', NULL),
(255, 9, '2013-01-16', 'PANIFICADORA GIARDINO  ', 'PANIFICADORA GIARDINO  ', -15.00, 0, 'PANIFICADORA GIARDINO  ', NULL),
(256, 9, '2013-01-16', 'PANIFICADORA GIARDINO  ', 'PANIFICADORA GIARDINO  ', -25.70, 0, 'PANIFICADORA GIARDINO  ', NULL),
(257, 9, '2013-01-16', 'PAPELARIA MIXCOM      U', 'PAPELARIA MIXCOM      U', -10.00, 0, 'PAPELARIA MIXCOM      U', NULL),
(258, 9, '2013-01-16', 'CAFE DE MANHA          ', 'CAFE DE MANHA          ', -52.71, 0, 'CAFE DE MANHA          ', NULL),
(259, 9, '2013-01-16', 'GIARDINO PANNE         ', 'GIARDINO PANNE         ', -12.71, 0, 'GIARDINO PANNE         ', NULL),
(260, 9, '2013-01-16', 'PANIFICADORA GIARDINO  ', 'PANIFICADORA GIARDINO  ', -86.48, 0, 'PANIFICADORA GIARDINO  ', NULL),
(261, 9, '2013-01-16', 'GIARDINO PANNE         ', 'GIARDINO PANNE         ', -35.35, 0, 'GIARDINO PANNE         ', NULL),
(262, 9, '2013-01-16', 'POSTO ASSIS            ', 'POSTO ASSIS            ', -178.95, 0, 'POSTO ASSIS            ', NULL),
(263, 9, '2013-01-16', 'SUPERMERCADOS BH       ', 'SUPERMERCADOS BH       ', -464.54, 0, 'SUPERMERCADOS BH       ', NULL),
(264, 9, '2013-01-16', 'GIARDINO PANNE         ', 'GIARDINO PANNE         ', -50.83, 0, 'GIARDINO PANNE         ', NULL),
(265, 9, '2013-01-16', 'EPA LOJA 18            ', 'EPA LOJA 18            ', -14.50, 0, 'EPA LOJA 18            ', NULL),
(266, 9, '2013-01-16', 'CACAU SHOW             ', 'CACAU SHOW             ', -13.90, 0, 'CACAU SHOW             ', NULL),
(267, 9, '2013-01-16', 'O BOTICARIO            ', 'O BOTICARIO            ', -23.98, 0, 'O BOTICARIO            ', NULL),
(268, 9, '2013-01-16', 'TOK DE PELE LINGERIE   ', 'TOK DE PELE LINGERIE   ', -17.90, 0, 'TOK DE PELE LINGERIE   ', NULL),
(269, 9, '2013-01-16', 'PAULO ROBERTO F        ', 'PAULO ROBERTO F        ', -71.28, 0, 'PAULO ROBERTO F        ', NULL),
(270, 9, '2013-01-16', 'REVISTARIA NENETY      ', 'REVISTARIA NENETY      ', -132.00, 0, 'REVISTARIA NENETY      ', NULL),
(271, 9, '2013-01-16', 'AGAPE CONFECCOES       ', 'AGAPE CONFECCOES       ', -20.00, 0, 'AGAPE CONFECCOES       ', NULL),
(272, 9, '2013-01-16', 'ENJOY CAKES            ', 'ENJOY CAKES            ', -19.50, 0, 'ENJOY CAKES            ', NULL),
(273, 9, '2013-01-16', 'CLAUDIO M DA SILVA     ', 'CLAUDIO M DA SILVA     ', -20.00, 0, 'CLAUDIO M DA SILVA     ', NULL),
(274, 9, '2013-01-16', 'VIATTINI CALCADOS      ', 'VIATTINI CALCADOS      ', -55.00, 0, 'VIATTINI CALCADOS      ', NULL),
(275, 9, '2013-01-16', 'JURANDIR  031 86134355 ', 'JURANDIR  031 86134355 ', -15.00, 0, 'JURANDIR  031 86134355 ', NULL),
(276, 9, '2013-01-16', 'CASSIA DESIGN          ', 'CASSIA DESIGN          ', -25.00, 0, 'CASSIA DESIGN          ', NULL),
(277, 9, '2013-01-16', 'POSTO LESTE LTDA       ', 'POSTO LESTE LTDA       ', -115.08, 0, 'POSTO LESTE LTDA       ', NULL),
(278, 9, '2013-01-16', 'FE  MODA               ', 'FE  MODA               ', -50.00, 0, 'FE  MODA               ', NULL),
(279, 9, '2013-01-16', 'TAM LINHAS AE PARC 02/0', 'TAM LINHAS AE PARC 02/0', -61.90, 0, 'TAM LINHAS AE PARC 02/0', NULL),
(280, 9, '2013-01-16', 'POLISHOP DEL  PARC 06/0', 'POLISHOP DEL  PARC 06/0', -59.98, 0, 'POLISHOP DEL  PARC 06/0', NULL),
(281, 9, '2013-01-16', 'ESTADO DE MIN PARC 03/0', 'ESTADO DE MIN PARC 03/0', -29.40, 0, 'ESTADO DE MIN PARC 03/0', NULL),
(282, 9, '2013-01-16', 'EXTRA CONTAGE PARC 02/0', 'EXTRA CONTAGE PARC 02/0', -41.10, 0, 'EXTRA CONTAGE PARC 02/0', NULL),
(283, 9, '2013-01-16', 'IVAL COMERCIO PARC 02/0', 'IVAL COMERCIO PARC 02/0', -37.07, 0, 'IVAL COMERCIO PARC 02/0', NULL),
(284, 9, '2013-01-16', 'PLANET BH     PARC 02/0', 'PLANET BH     PARC 02/0', -129.99, 0, 'PLANET BH     PARC 02/0', NULL),
(285, 9, '2013-01-16', 'INVISTA-SE    PARC 02/0', 'INVISTA-SE    PARC 02/0', -49.75, 0, 'INVISTA-SE    PARC 02/0', NULL),
(286, 9, '2013-01-16', 'MARISA LJ 583 PARC 02/0', 'MARISA LJ 583 PARC 02/0', -63.31, 0, 'MARISA LJ 583 PARC 02/0', NULL),
(287, 9, '2013-01-16', 'DROGARIA ARAU PARC 02/0', 'DROGARIA ARAU PARC 02/0', -46.16, 0, 'DROGARIA ARAU PARC 02/0', NULL),
(288, 9, '2013-01-16', 'CARD ENTRETEN PARC 02/0', 'CARD ENTRETEN PARC 02/0', -58.33, 0, 'CARD ENTRETEN PARC 02/0', NULL),
(289, 9, '2013-01-16', 'ESPORTE CLUBE PARC 01/0', 'ESPORTE CLUBE PARC 01/0', -175.00, 0, 'ESPORTE CLUBE PARC 01/0', NULL),
(290, 9, '2013-01-16', 'LEITURA ELDOR PARC 01/0', 'LEITURA ELDOR PARC 01/0', -37.68, 0, 'LEITURA ELDOR PARC 01/0', NULL),
(291, 9, '2013-01-16', 'ESTADO DE MIN PARC 01/0', 'ESTADO DE MIN PARC 01/0', -20.40, 0, 'ESTADO DE MIN PARC 01/0', NULL),
(292, 9, '2013-01-16', 'DUTY PAID CON PARC 01/0', 'DUTY PAID CON PARC 01/0', -54.50, 0, 'DUTY PAID CON PARC 01/0', NULL),
(293, 9, '2013-01-16', 'ESTADO DE MIN PARC 01/0', 'ESTADO DE MIN PARC 01/0', -16.74, 0, 'ESTADO DE MIN PARC 01/0', NULL),
(294, 9, '2013-01-16', 'ESTADO DE MIN PARC 01/0', 'ESTADO DE MIN PARC 01/0', -33.08, 0, 'ESTADO DE MIN PARC 01/0', NULL),
(295, 9, '2013-01-16', 'PROTECAO OURO JAN/2013 ', 'PROTECAO OURO JAN/2013 ', -3.00, 0, 'PROTECAO OURO JAN/2013 ', NULL),
(296, 12, '2013-01-16', 'PGTO DEBITO CONTA 4888 ', 'PGTO DEBITO CONTA 4888 ', 498.17, 0, 'PGTO DEBITO CONTA 4888 ', NULL),
(297, 12, '2013-01-16', 'DROGARIA ARAUJO        ', 'DROGARIA ARAUJO        ', -44.89, 0, 'DROGARIA ARAUJO        ', NULL),
(298, 12, '2013-01-16', 'SACOLAO TOTAL          ', 'SACOLAO TOTAL          ', -71.08, 0, 'SACOLAO TOTAL          ', NULL),
(299, 12, '2013-01-16', 'PAULO ROBERTO F        ', 'PAULO ROBERTO F        ', -48.17, 0, 'PAULO ROBERTO F        ', NULL),
(300, 12, '2013-01-16', 'ADAMARK CINEMAS        ', 'ADAMARK CINEMAS        ', -31.50, 0, 'ADAMARK CINEMAS        ', NULL),
(301, 12, '2013-01-16', 'MC DONALD S BH2        ', 'MC DONALD S BH2        ', -17.00, 0, 'MC DONALD S BH2        ', NULL),
(302, 12, '2013-01-16', 'GIARDINO PANNE         ', 'GIARDINO PANNE         ', -33.08, 0, 'GIARDINO PANNE         ', NULL),
(303, 12, '2013-01-16', 'DROGARIA CABRAL        ', 'DROGARIA CABRAL        ', -8.70, 0, 'DROGARIA CABRAL        ', NULL),
(304, 12, '2013-01-16', 'SACOLAO TOTAL          ', 'SACOLAO TOTAL          ', -53.57, 0, 'SACOLAO TOTAL          ', NULL),
(305, 12, '2013-01-16', 'SACOLAO TOTAL          ', 'SACOLAO TOTAL          ', -61.89, 0, 'SACOLAO TOTAL          ', NULL),
(306, 12, '2013-01-16', 'BURGER KING            ', 'BURGER KING            ', -28.90, 0, 'BURGER KING            ', NULL),
(307, 12, '2013-01-16', 'PROTECAO OURO JAN/2013 ', 'PROTECAO OURO JAN/2013 ', -3.00, 0, 'PROTECAO OURO JAN/2013 ', NULL),
(308, 13, '2013-01-10', 'PGTO DEBITO CONTA 4888 ', 'PGTO DEBITO CONTA 4888 ', 168.78, 0, 'PGTO DEBITO CONTA 4888 ', NULL),
(309, 13, '2013-01-10', 'JORNAL BALCAO PARC 03/0', 'JORNAL BALCAO PARC 03/0', -56.66, 0, 'JORNAL BALCAO PARC 03/0', NULL),
(310, 13, '2013-01-10', 'JORNAL BALCAO PARC 02/0', 'JORNAL BALCAO PARC 02/0', -11.83, 0, 'JORNAL BALCAO PARC 02/0', NULL),
(311, 13, '2013-01-10', 'ANUIDADE TIT - PARC 04/', 'ANUIDADE TIT - PARC 04/', -25.33, 0, 'ANUIDADE TIT - PARC 04/', NULL),
(312, 8, '2013-01-15', 'TNT E LINHA', '', -42.70, 0, 'MAT P/COSTUREIRA', NULL),
(314, 8, '2013-01-25', 'SULFAL QUIMICA', '', -79.00, 0, 'ESSENCIA CONFORT', NULL),
(316, 8, '2013-01-31', 'DIRCEU CLEBER', '', -1000.00, 0, 'ALUGUEL SECADOR', NULL),
(317, 8, '2013-02-03', 'PAINEL TINTAS', '', -19.12, 2224000, 'PINTURA GELADEIRA KR', NULL),
(318, 8, '2013-02-09', 'SUPERMERCADOS BH', '', -2.98, 0, '', NULL),
(319, 8, '2013-02-18', 'BOULEVARD SHOPPING', '', -7.00, 0, 'ESTACIONAMENTO ', NULL),
(320, 8, '2013-02-08', 'MULTIPLAN ADM SHOPPINGS CENTERS', '', -1.40, 0, 'ESTACIONAMENTO', NULL),
(321, 8, '2013-02-22', 'SHOPPING DELREY ', '', -6.60, 0, 'ESTACIONAMENTO', NULL),
(322, 8, '2012-11-17', 'SHOPPING DELREY', '', -5.60, 0, 'ESTACIONAMENTO', NULL),
(323, 8, '2012-11-24', 'SHOPPING DELREY', '', -6.60, 0, 'ESTACIONAMENTO', NULL),
(324, 8, '2013-01-11', 'SHOPPING DELREY', '', -6.60, 0, 'ESTACIONAMENTO', NULL),
(325, 8, '2013-01-29', 'SHOPPING DELREY', '', -6.60, 0, 'ESTACIONAMENTO', NULL),
(326, 8, '2012-12-06', 'PONTO ELÉTRICO ', '', -24.90, 0, 'REGULADOR P GÁS ', NULL),
(327, 8, '2012-12-18', 'PONTO ELÉTRICO', '', -8.90, 0, 'SPRAY LIMPA', NULL),
(328, 8, '2013-01-11', 'MARMORES E GRANITOS', '', -12.00, 0, '15 PEDRAS', NULL),
(329, 8, '2013-01-11', 'MGIANETTI', '', 115.00, 0, 'MGIANETTI', NULL),
(330, 8, '2013-01-31', 'EFIGÊNCIO SÍTIO', '', 48.00, 0, 'EFIGÊNIO SÍTIO', NULL),
(331, 8, '2013-01-31', 'ADERBAL SÍTIO', '', 190.00, 0, 'ADERBAL SÍTIO', NULL),
(332, 8, '2013-01-31', 'ELVÉCIO SÍTIO', '', 450.00, 0, 'ELVÉCIO SÍTIO', NULL),
(333, 8, '2013-01-30', 'VENDA DE PORTA', '', 50.00, 0, 'VENDA DE PORTA', NULL),
(334, 8, '2013-01-31', 'VENDA NA PORTA', '', 30.00, 0, 'VENDA NA PORTA', NULL),
(335, 8, '2013-01-21', 'ELETRO MECÂNICO ', '', 42.06, 0, 'LAVANDERIA', NULL),
(336, 8, '2013-01-30', 'MG PARAFUSOS', '', 70.10, 0, 'LAVANDERIA ', NULL),
(337, 8, '2013-01-14', 'INAEL ESTOPAS', '', 29.00, 0, 'VENDA', NULL),
(338, 8, '2013-01-22', 'MM CEREALISTA', '', 93.98, 0, 'LANDERIA', NULL),
(339, 8, '2013-01-28', 'ENGELMIG ELETRICA', '', 195.17, 0, 'LAVANDERIA', NULL),
(340, 8, '2013-01-18', 'EDNA XAVIER ', '', 581.83, 0, 'LAVANDERIA', NULL),
(341, 8, '2013-01-15', 'EMPAV EMPREENDIMENTOS ', '', 60.96, 0, 'LAVANDERIA', NULL),
(342, 8, '2013-01-28', 'FAXINA SEGURA', '', -60.00, 0, 'FAXINA SEGURA', NULL),
(343, 8, '2013-01-24', 'VALE ADTO', '', -150.00, 0, 'NETO', NULL),
(344, 8, '2013-01-24', 'VALE ADTO', '', -150.00, 0, 'ADILSON', NULL),
(345, 8, '2013-01-24', 'VALE ADTO', '', -100.00, 0, 'MARCOS', NULL),
(346, 8, '2013-01-30', 'DIVERSOS', '', -30.74, 0, 'COMPRA', NULL),
(347, 8, '2013-01-30', 'FLÁVIO COUROS', '', -29.00, 0, 'CADARÇO ', NULL),
(348, 8, '2012-12-19', 'SHOPPING DELREY', '', -6.60, 0, 'ESTACIONAMENTO', NULL),
(349, 8, '2013-01-20', 'ADIANTAMENTO', '', -150.00, 0, 'NILCE', NULL),
(350, 8, '2012-12-19', 'ESTACIONAMENTO UNIMED', '', -6.25, 0, 'ESTACIONAMENTO', NULL),
(351, 8, '2013-01-08', 'BH SHOPPING', '', -5.60, 0, 'ESTACIONAMENTO', NULL),
(352, 10, '2013-01-02', '	PAGAMENTO EFETUADO 	-', '	PAGAMENTO EFETUADO 	-', 7085.53, 1310000, 'PAGAMENTO EFETUADO -', NULL),
(353, 10, '2013-01-02', '	ELETRORARO 02/03', '	ELETRORARO 02/03', -33.30, 2116500, 'ELETRORARO 02/03', NULL),
(354, 10, '2013-01-02', '	INFO PAMPULHA', '	INFO PAMPULHA', -40.00, 2224400, 'INFO PAMPULHA', NULL),
(355, 10, '2013-01-02', '	ANUIDADE DIFERENCI03/06', '	ANUIDADE DIFERENCI03/06', -24.00, 2223100, 'ANUIDADE DIFERENCI03/06', NULL),
(356, 10, '2013-01-02', '	RIO CLARO PNEUS 07/10 ', '	RIO CLARO PNEUS 07/10 ', -138.98, 2224400, 'RIO CLARO PNEUS 07/10', NULL),
(357, 10, '2013-01-02', '	TAM LINHAS AEREAS 05/05 ', '	TAM LINHAS AEREAS 05/05 ', -597.54, 2222600, 'TAM LINHAS AEREAS 05/05', NULL),
(358, 10, '2013-01-02', '	LEROY MERLIN CONTA04/10 ', '	LEROY MERLIN CONTA04/10 ', -145.20, 2224400, 'LEROY MERLIN CONTA04/10', NULL),
(359, 10, '2013-01-02', '	ELMO CALCADOS FIL 04/06', '	ELMO CALCADOS FIL 04/06', -32.52, 2221500, 'ELMO CALCADOS FIL 04/06', NULL),
(360, 10, '2013-01-02', '	PONTO FRIO LJ 428 03/10 ', '	PONTO FRIO LJ 428 03/10 ', -214.63, 2224300, 'PONTO FRIO LJ 428 03/10', NULL),
(361, 10, '2013-01-02', '	G R UM EDITORA 03/06', '	G R UM EDITORA 03/06', -36.00, 2222500, 'G R UM EDITORA 03/06', NULL),
(362, 10, '2013-01-02', '	SOS DOS FOGOES 03/03', '	SOS DOS FOGOES 03/03', -79.70, 2116500, 'SOS DOS FOGOES 03/03', NULL),
(363, 10, '2013-01-02', '	PAPEL NOVO 02/02', '	PAPEL NOVO 02/02', -77.50, 2114300, 'PAPEL NOVO 02/02', NULL),
(364, 10, '2013-01-02', '	GRANDLUB 02/02 ', '	GRANDLUB 02/02 ', -127.50, 2221400, 'GRANDLUB 02/02', NULL),
(365, 10, '2013-01-02', '	CASA DOS COLCHOES 02/10 ', '	CASA DOS COLCHOES 02/10 ', -136.00, 2224300, 'CASA DOS COLCHOES 02/10', NULL),
(366, 10, '2013-01-02', '	BORRACHAS UNIAO 02/03 ', '	BORRACHAS UNIAO 02/03 ', -122.54, 2224400, 'BORRACHAS UNIAO 02/03', NULL),
(367, 10, '2013-01-02', '	IVAL MAT DE CONSTR02/03', '	IVAL MAT DE CONSTR02/03', -61.22, 2222400, 'IVAL MAT DE CONSTR02/03', NULL),
(368, 10, '2013-01-02', '	PAPEL NOVO SHOPPING', '	PAPEL NOVO SHOPPING', -72.00, 2114300, 'PAPEL NOVO SHOPPING', NULL),
(369, 10, '2013-01-02', '	MERCADAO PRODUTOR RURA', '	MERCADAO PRODUTOR RURA', -32.00, 2222400, 'MERCADAO PRODUTOR RURA', NULL),
(370, 10, '2013-01-02', '	PONTO ELETRICO', '	PONTO ELETRICO', -44.80, 2224400, 'PONTO ELETRICO', NULL),
(371, 10, '2013-01-02', '	MERCADOPAGO', '	MERCADOPAGO', -39.90, 2221300, 'MERCADOPAGO', NULL),
(372, 10, '2013-01-02', '	ANUIDADE DIFERENCI03/06', '	ANUIDADE DIFERENCI03/06', -12.00, 2223100, 'ANUIDADE DIFERENCI03/06', NULL),
(373, 10, '2013-01-02', '	POSTO CLEARGEL ', '	POSTO CLEARGEL ', -193.80, 2221400, 'POSTO CLEARGEL', NULL),
(374, 10, '2013-01-02', '	PAPEL NOVO', '	PAPEL NOVO', -85.00, 2114300, 'PAPEL NOVO', NULL),
(375, 10, '2013-01-02', '	POSTO ASSIS ', '	POSTO ASSIS ', -157.87, 2221400, 'POSTO ASSIS', NULL),
(376, 10, '2013-01-02', '	POSTO SUPRICEL BELO HO ', '	POSTO SUPRICEL BELO HO ', -176.11, 2221400, 'POSTO SUPRICEL BELO HO', NULL),
(377, 10, '2013-01-02', '	TUDO NA BRASA ', '	TUDO NA BRASA ', -184.84, 2221100, 'TUDO NA BRASA ', NULL),
(378, 10, '2013-01-02', '	PANIFICADORA GIARDINO', '	PANIFICADORA GIARDINO', -14.27, 2221100, 'PANIFICADORA GIARDINO', NULL),
(379, 10, '2013-01-02', '	PAPEL PLASTIC ', '	PAPEL PLASTIC ', -242.34, 2113200, 'PAPEL PLASTIC', NULL),
(380, 10, '2013-01-02', '	PONTO ELETRICO', '	PONTO ELETRICO', -14.40, 2224400, 'PONTO ELETRICO', NULL),
(381, 10, '2013-01-02', '	PONTO FRIO LJ 428 01/10 ', '	PONTO FRIO LJ 428 01/10 ', -189.42, 2224400, 'PONTO FRIO LJ 428 01/10', NULL),
(382, 10, '2013-01-02', '	COMPRA VIA PAGSEGURO', '	COMPRA VIA PAGSEGURO', -30.00, 2221300, 'COMPRA VIA PAGSEGURO', NULL),
(383, 10, '2013-01-02', '	APOIO I ', '	APOIO I ', -210.08, 2221100, 'APOIO I', NULL),
(384, 10, '2013-01-02', '	EMBRAMINAS', '	EMBRAMINAS', -20.00, 2113200, 'EMBRAMINAS', NULL),
(385, 10, '2013-01-02', '	POSTO SUPRICEL BELO HO ', '	POSTO SUPRICEL BELO HO ', -155.17, 2221400, 'POSTO SUPRICEL BELO HO', NULL),
(386, 10, '2013-01-02', '	AGIL PRODUTOS', '	AGIL PRODUTOS', -18.40, 2116500, 'AGIL PRODUTOS', NULL),
(387, 10, '2013-01-02', '	CIRCUITO ALINHAMENTO L ', '	CIRCUITO ALINHAMENTO L ', -220.00, 2224200, 'CIRCUITO ALINHAMENTO L', NULL),
(388, 10, '2013-01-02', '	SOS DOS FOGOES ', '	SOS DOS FOGOES ', -219.90, 2224400, 'SOS DOS FOGOES', NULL),
(389, 10, '2013-01-02', '	GIARDINO PANNE', '	GIARDINO PANNE', -32.05, 2221100, 'GIARDINO PANNE', NULL),
(390, 10, '2013-01-02', '	DROGARIA ARAUJO CEASA', '	DROGARIA ARAUJO CEASA', -67.69, 2221100, 'DROGARIA ARAUJO CEASA', NULL),
(391, 10, '2013-01-02', '	CHALES BAR', '	CHALES BAR', -59.00, 2221100, 'CHALES BAR', NULL),
(392, 10, '2013-01-02', '	CHALES BAR ', '	CHALES BAR ', -810.00, 2221100, 'CHALES BAR', NULL),
(393, 10, '2013-01-02', '	CHALES BAR', '	CHALES BAR', -67.76, 2221100, 'CHALES BAR', NULL),
(394, 10, '2013-01-02', '	PANIFICADORA GIARDINO', '	PANIFICADORA GIARDINO', -58.63, 2221100, 'PANIFICADORA GIARDINO', NULL),
(395, 10, '2013-01-02', '	POSTO CLEARGEL ', '	POSTO CLEARGEL ', -184.00, 2221400, 'POSTO CLEARGEL', NULL),
(396, 10, '2013-01-02', '	TAMBASA ATACADISTA', '	TAMBASA ATACADISTA', -31.87, 2113200, 'TAMBASA ATACADISTA', NULL),
(397, 10, '2013-01-02', '	TUDO PARA FAZENDA', '	TUDO PARA FAZENDA', -40.00, 2222400, 'TUDO PARA FAZENDA', NULL),
(398, 10, '2013-01-02', '	J F COURO', '	J F COURO', -142.50, 2113200, 'J F COURO', NULL),
(399, 1, '2013-01-23', 'DOC devolvido            ', '100007', 1807.81, 0, 'DOC devolvido            ', NULL),
(400, 1, '2013-01-23', 'Cobrança                 ', '058222', 250.87, 0, 'Cobrança                 ', NULL),
(401, 1, '2013-01-23', 'Pagamento de Título      ', '012301', -330.00, 0, 'BANCO BRADESCO S.A.                   \r\n', NULL),
(402, 1, '2013-01-23', 'Débito Serviço Cobrança  ', '001009', -3.50, 0, 'Débito Serviço Cobrança  ', NULL),
(403, 1, '2013-01-23', 'Débito Serviço Cobrança  ', '008686', -13.00, 0, 'Débito Serviço Cobrança  ', NULL),
(404, 1, '2013-01-23', 'Cheque Compensado        ', '854239', -178.00, 0, 'Cheque Compensado        ', NULL),
(405, 1, '2013-01-23', 'Cheque Compensado        ', '854241', -110.00, 0, 'Cheque Compensado        ', NULL),
(406, 1, '2013-01-23', 'Cheque Compensado        ', '854264', -200.00, 0, 'Cheque Compensado        ', NULL),
(407, 1, '2013-01-23', 'Cheque Compensado        ', '854265', -289.00, 0, 'Cheque Compensado        ', NULL),
(408, 1, '2013-01-23', 'Cheque Compensado        ', '854266', -90.00, 0, 'Cheque Compensado        ', NULL),
(409, 1, '2013-01-24', 'Estorno de Débito        ', '012401', 266.00, 0, 'Estorno de Débito        ', NULL),
(410, 1, '2013-01-24', 'Cobrança                 ', '055895', 1203.07, 0, 'Cobrança                 ', NULL),
(411, 1, '2013-01-24', 'Transferência on line    ', '050817', -300.00, 0, '24/01 1222      50817-9 ANANDA VIEIRA \r\n', NULL),
(412, 1, '2013-01-24', 'Transferência on line    ', '050819', -200.00, 0, '24/01 1222      50819-5 IGOR SANTOS CO\r\n', NULL),
(413, 1, '2013-01-24', 'Transferido para Poupança', '050818', -150.00, 0, '24/01 1222  510050818-X BIANCA VIEIRA \r\n', NULL),
(414, 1, '2013-01-24', 'Débito Serviço Cobrança  ', '055895', -75.34, 0, 'Débito Serviço Cobrança  ', NULL),
(415, 1, '2013-01-24', 'Pagamento de Título      ', '012401', -266.00, 0, 'Pagamento de Título      ', NULL),
(416, 1, '2013-01-24', 'Pagamento de Título      ', '012402', -266.00, 0, 'LEVERCLEAN COMERCIAL LTDA - ME        \r\n', NULL),
(417, 1, '2013-01-24', 'Pagamento de Título      ', '012403', -1346.15, 0, 'SEGURA UNIFORMES E EQUIPAMENTO        \r\n', NULL),
(418, 1, '2013-01-24', 'Pagamento de Título      ', '012404', -68.33, 0, 'SEGURA UNIFORMES E EQUIPAMENTO        \r\n', NULL),
(419, 1, '2013-01-24', 'BB Giro Flex             ', '000505', -267.07, 0, 'BB Giro Flex             ', NULL),
(420, 1, '2013-01-24', 'Débito Serviço Cobrança  ', '005904', -6.00, 0, 'Débito Serviço Cobrança  ', NULL),
(421, 1, '2013-01-25', 'Cobrança                 ', '055362', 1865.23, 0, 'Cobrança                 ', NULL),
(422, 1, '2013-01-25', 'Saque com cartão         ', '783933', -150.00, 0, '25/01 15:12 SOP-CEASA-CONTAGEM        \r\n', NULL),
(423, 8, '2013-01-25', 'Saque com cartão         ', '783933', 150.00, 1310000, '25/01 15:12 SOP-CEASA-CONTAGEM        \r\n', NULL),
(424, 1, '2013-01-25', 'Pagamento de Título      ', '012501', -311.00, 0, 'ITAU UNIBANCO S.A.                    \r\n', NULL),
(425, 1, '2013-01-25', 'BB Giro Flex             ', '001508', -290.25, 0, 'BB Giro Flex             ', NULL),
(426, 1, '2013-01-25', 'Empréstimo               ', '000337', -721.56, 0, 'Empréstimo               ', NULL),
(427, 1, '2013-01-25', 'BB Giro Flex             ', '000509', -392.67, 0, 'BB Giro Flex             ', NULL),
(428, 1, '2013-01-25', 'Débito Serviço Cobrança  ', '011452', -10.40, 0, 'Débito Serviço Cobrança  ', NULL),
(429, 1, '2013-01-25', 'Cheque Compensado        ', '854175', -2000.00, 0, 'Cheque Compensado        ', NULL),
(430, 1, '2013-01-25', 'Cheque Compensado        ', '854248', -950.00, 0, 'Cheque Compensado        ', NULL),
(431, 1, '2013-01-25', 'Cheque Compensado        ', '854274', -1808.00, 0, 'Cheque Compensado        ', NULL),
(432, 1, '2013-01-25', 'Cheque Compensado        ', '854281', -70.00, 0, 'Cheque Compensado        ', NULL),
(433, 1, '2013-01-25', 'Brasilprev               ', '013597', -72.50, 0, 'Brasilprev               ', NULL),
(434, 1, '2013-01-25', 'Brasilprev               ', '013597', -72.50, 0, 'Brasilprev               ', NULL),
(435, 1, '2013-01-25', 'Brasilprev               ', '013597', -72.50, 0, 'Brasilprev               ', NULL),
(436, 1, '2013-01-25', 'Pagto Mensalidade Seguro ', '040069', -333.76, 0, 'Pagto Mensalidade Seguro ', NULL),
(437, 1, '2013-01-25', 'Pagto Mensalidade Seguro ', '040069', -167.34, 0, 'Pagto Mensalidade Seguro ', NULL),
(438, 1, '2013-01-28', 'Transferência on line    ', '026698', 600.00, 0, '28/01 4888      26698-1 KATIA VIEIRA S\r\n', NULL),
(439, 1, '2013-01-28', 'Depósito COMPE           ', '925686', 970.62, 0, '341 0587 11630367000105 DIRECIONAL CAP\r\n', NULL),
(440, 1, '2013-01-28', 'TED Transf.Eletr.Disponív', '293664', 16550.00, 0, '399 0357    95390600959 CLODOALDO APAR\r\n', NULL),
(441, 1, '2013-01-28', 'Cobrança                 ', '077627', 4243.67, 0, 'Cobrança                 ', NULL),
(442, 1, '2013-01-28', 'Cheque Pago Outra Agência', '854275', -450.00, 0, 'Cheque Pago Outra Agência', NULL),
(443, 1, '2013-01-28', 'Saque com cartão         ', '937891', -200.00, 0, '27/01 17:36 SOP-DIAMOND               \r\n', NULL),
(444, 8, '2013-01-28', 'Saque com cartão         ', '937891', 200.00, 1310000, '27/01 17:36 SOP-DIAMOND               \r\n', NULL),
(445, 1, '2013-01-28', 'Transferência on line    ', '026698', -2000.00, 0, '28/01 4888      26698-1 KATIA VIEIRA S\r\n', NULL),
(446, 1, '2013-01-28', 'Transferência on line    ', '038585', -2000.00, 0, '28/01 4888      38585-9 RONALDO COSTA \r\n', NULL),
(447, 1, '2013-01-28', 'Pagamento de Título      ', '012801', -102.65, 0, 'BANCO BRADESCO S.A.                   \r\n', NULL),
(448, 1, '2013-01-28', 'Pagamento de Título      ', '012802', -1870.02, 0, 'ITAU UNIBANCO S.A.                    \r\n', NULL),
(449, 1, '2013-01-28', 'Pagto conta telefone     ', '012803', -40.79, 0, 'VIVO MG - TELEMIG                     \r\n', NULL),
(450, 1, '2013-01-28', 'TED Transf.Eletr.Disponiv', '012804', -3106.95, 0, 'TED Transf.Eletr.Disponiv', NULL),
(451, 1, '2013-01-28', 'Pagamento de Título      ', '012805', -5402.85, 0, 'SEGURA UNIFORMES E EQUIPAMENTO        \r\n', NULL),
(452, 1, '2013-01-28', 'BB Giro Rápido           ', '000605', -620.44, 0, 'BB Giro Rápido           ', NULL),
(453, 1, '2013-01-28', 'Débito Serviço Cobrança  ', '014894', -2.86, 0, 'Débito Serviço Cobrança  ', NULL),
(454, 1, '2013-01-28', 'Débito Serviço Cobrança  ', '008966', -18.20, 0, 'Débito Serviço Cobrança  ', NULL),
(455, 1, '2013-01-28', 'Tar DOC/TED Eletrônico   ', '128533', -7.40, 0, 'Tarifa referente a 28/01/2013         \r\n', NULL);
INSERT INTO `extratos` (`id`, `id_conta_corrente`, `data_emissao`, `historico`, `numero_doc`, `valor`, `conta_caixa`, `obs`, `vazio`) VALUES
(456, 1, '2013-01-28', 'Cheque Compensado        ', '854207', -833.00, 0, 'Cheque Compensado        ', NULL),
(457, 1, '2013-01-28', 'Cheque Compensado        ', '854262', -715.98, 0, 'Cheque Compensado        ', NULL),
(458, 1, '2013-01-28', 'Pagamento de Telefone    ', '048314', -1548.14, 0, 'Pagamento de Telefone    ', NULL),
(459, 1, '2013-01-29', 'Depósito Online          ', '800196', 563.01, 0, 'Depósito Online          ', NULL),
(460, 1, '2013-01-29', 'Cobrança                 ', '060296', 7952.83, 0, 'Cobrança                 ', NULL),
(461, 1, '2013-01-29', 'Pagamento de Título      ', '012901', -1404.69, 0, 'SEGURA UNIFORMES E EQUIPAMENTO        \r\n', NULL),
(462, 1, '2013-01-29', 'Pagamento de Título      ', '012902', -359.34, 0, 'SEGURA UNIFORMES E EQUIPAMENTO        \r\n', NULL),
(463, 1, '2013-01-29', 'Pagamento de Título      ', '012903', -990.28, 0, 'SEGURA UNIFORMES E EQUIPAMENTO        \r\n', NULL),
(464, 1, '2013-01-29', 'Pagamento de Título      ', '012904', -578.27, 0, 'SEGURA UNIFORMES E EQUIPAMENTO        \r\n', NULL),
(465, 1, '2013-01-29', 'Tar Custódia Cheque      ', '027689', -0.38, 0, 'Tarifa referente a 29/01/2013         \r\n', NULL),
(466, 1, '2013-01-29', 'Débito Serviço Cobrança  ', '001020', -3.50, 0, 'Débito Serviço Cobrança  ', NULL),
(467, 1, '2013-01-29', 'Débito Serviço Cobrança  ', '008145', -7.80, 0, 'Débito Serviço Cobrança  ', NULL),
(468, 1, '2013-01-29', 'Cheque Compensado        ', '854277', -67.00, 0, 'Cheque Compensado        ', NULL),
(469, 1, '2013-01-29', 'Cheque Compensado        ', '854284', -140.00, 0, 'Cheque Compensado        ', NULL),
(470, 1, '2013-01-29', 'Cheque Compensado        ', '854288', -200.00, 0, 'Cheque Compensado        ', NULL),
(471, 1, '2013-01-29', 'Desbloqueio de depósito  ', '014122', 318.05, 0, 'Desbloqueio de depósito  ', NULL),
(472, 1, '2013-01-30', 'Transferência on line    ', '019927', 310.00, 0, '30/01 4208      19927-3 COMERCIAL PLAN\r\n', NULL),
(473, 1, '2013-01-30', 'Cobrança                 ', '060286', 3805.58, 0, 'Cobrança                 ', NULL),
(474, 1, '2013-01-30', 'Pagamento de Título      ', '013001', -1498.12, 0, 'BANCO SANTANDER (BRASIL) S.A.         \r\n', NULL),
(475, 1, '2013-01-30', 'Pagamento de Título      ', '013002', -40.00, 0, 'BANCO BRADESCO S.A.                   \r\n', NULL),
(476, 1, '2013-01-30', 'Pagamento de Título      ', '013003', -90.30, 0, 'SEGURA UNIFORMES E EQUIPAMENTO        \r\n', NULL),
(477, 1, '2013-01-30', 'Pagamento de Título      ', '013004', -320.18, 0, 'SEGURA UNIFORMES E EQUIPAMENTO        \r\n', NULL),
(478, 1, '2013-01-30', 'Débito Serviço Cobrança  ', '008326', -28.60, 0, 'Débito Serviço Cobrança  ', NULL),
(479, 1, '2013-01-30', 'Cheque Compensado        ', '854276', -195.00, 0, 'Cheque Compensado        ', NULL),
(480, 1, '2013-01-30', 'Cheque Compensado        ', '854282', -816.00, 0, 'Cheque Compensado        ', NULL),
(481, 1, '2013-01-30', 'Cheque Compensado        ', '854285', -121.00, 0, 'Cheque Compensado        ', NULL),
(482, 1, '2013-01-30', 'Desbloqueio de depósito  ', '473658', 750.00, 0, 'Desbloqueio de depósito  ', NULL),
(483, 1, '2013-01-31', 'Cobrança                 ', '078041', 492.80, 0, 'Cobrança                 ', NULL),
(484, 1, '2013-01-31', 'Saque com cartão         ', '783933', -1000.00, 0, '31/01 11:50 SOP-CEASA-CONTAGEM        \r\n', NULL),
(485, 8, '2013-01-31', 'Saque com cartão         ', '783933', 1000.00, 1310000, '31/01 11:50 SOP-CEASA-CONTAGEM        \r\n', NULL),
(486, 1, '2013-01-31', 'Pagamento de Título      ', '013101', -1451.42, 0, 'SEGURA UNIFORMES E EQUIPAMENTO        \r\n', NULL),
(487, 1, '2013-01-31', 'Débito Serviço Cobrança  ', '015286', -2.86, 0, 'Débito Serviço Cobrança  ', NULL),
(488, 1, '2013-01-31', 'Débito Serviço Cobrança  ', '007822', -10.40, 0, 'Débito Serviço Cobrança  ', NULL),
(489, 1, '2013-01-31', 'Cheque Compensado        ', '854224', -2000.00, 0, 'Cheque Compensado        ', NULL),
(490, 1, '2013-01-31', 'Cobrança de Juros        ', '057709', -282.67, 0, 'Cobrança de Juros        ', NULL),
(491, 1, '2013-01-31', 'Desbloqueio de depósito  ', '473583', 81.28, 0, 'Desbloqueio de depósito  ', NULL),
(492, 2, '2013-01-28', 'Transferência on line - 28/01 1222      79480-5 SEGURA UNIFORM', '079480', 2000.00, 0, '', NULL),
(493, 2, '2013-01-28', 'Transferência on line - 28/01 1222      79480-5 SEGURA UNIFORM', '079480', -600.00, 0, '', NULL),
(494, 2, '2013-01-30', 'Compra com Cartão - 30/01 20:10  SUPREMO', '172604', -125.45, 0, '', NULL),
(495, 3, '2013-01-28', 'Transferência on line - 28/01 1222      79480-5 SEGURA UNIFORM', '079480', 2000.00, 0, '', NULL),
(496, 3, '2013-01-28', 'Pgto BB Créd Veículo', '074198', -1019.78, 0, '', NULL),
(497, 4, '2013-01-22', 'Juros', '', 0.27, 0, '', NULL),
(498, 6, '2013-01-23', 'TAR DOC INTERNET        ', '', -7.40, 0, '', NULL),
(499, 6, '2013-01-24', 'SISPAG  6BRASIL LEGAL C ', '', 666.67, 0, '', NULL),
(500, 6, '2013-01-28', 'INT PAG TIT 109000018477', '', -450.45, 0, '', NULL),
(501, 6, '2013-01-28', 'INT PAG TIT 109000018485', '', -450.45, 0, '', NULL),
(502, 1, '2013-02-01', 'SALDO INICIAL', ' ', -1449.56, 3100000, 'SALDO INICIAL', NULL),
(503, 1, '2013-02-01', 'Cobrança                 ', '074711', 1588.71, 1111200, 'Cobranï¿½a                 ', NULL),
(504, 1, '2013-02-01', 'Saque com cartão         ', '783933', -150.00, 0, '01/02 17:10 SOP-CEASA-CONTAGEM        \r\n', NULL),
(505, 8, '2013-02-01', 'Saque com cartão         ', '783933', 150.00, 1310000, '01/02 17:10 SOP-CEASA-CONTAGEM        \r\n', NULL),
(506, 1, '2013-02-01', 'Cheque descontado        ', '482208', -840.00, 0, 'Cheque descontado        ', NULL),
(507, 1, '2013-02-01', 'Pagamento de Título      ', '020101', -69.78, 0, 'BANCO SANTANDER (BRASIL) S.A.         \r\n', NULL),
(508, 1, '2013-02-01', 'Pagamento de Título      ', '020102', -121.16, 0, 'POWERMAX SEGURANCA PATRIMONIAL        \r\n', NULL),
(509, 1, '2013-02-01', 'Débito Serviço Cobrança  ', '015865', -2.86, 0, 'Débito Serviço Cobrança  ', NULL),
(510, 1, '2013-02-01', 'Cobrança de I.O.F.       ', '100702', -101.09, 0, 'Cobrança de I.O.F.       ', NULL),
(511, 2, '2013-02-01', 'Cobrança de I.O.F.', '100701', -108.04, 0, '', NULL),
(512, 2, '2013-02-04', 'Compra com Cartão - 03/02 13:12  SUPREMO', '147546', -140.59, 0, '', NULL),
(513, 2, '2013-02-04', 'Compra com Cartão - 03/02 13:28    LANCHONETE EDVANI', '248511', -27.50, 0, '', NULL),
(514, 3, '2013-02-01', 'Cobrança de I.O.F.', '100701', -56.81, 0, '', NULL),
(515, 6, '2013-02-01', 'IOF                     ', '', -69.71, 0, '', NULL),
(1324, 10, '2013-02-02', '	IOF PARCELADO EMISSO', '	IOF PARCELADO EMISSO', -2.51, 0, '	IOF PARCELADO EMISSO', NULL),
(1325, 10, '2013-02-02', '	ELETRORARO 03/03', '	ELETRORARO 03/03', -33.30, 0, '	ELETRORARO 03/03', NULL),
(1326, 10, '2013-02-02', '	ANUIDADE DIFERENCI04/06', '	ANUIDADE DIFERENCI04/06', -24.00, 0, '	ANUIDADE DIFERENCI04/06', NULL),
(1327, 10, '2013-02-02', '	SEGURO MAXI PROTECA', '	SEGURO MAXI PROTECA', -3.03, 0, '	SEGURO MAXI PROTECA', NULL),
(1328, 10, '2013-02-02', '	RIO CLARO PNEUS 08/10 ', '	RIO CLARO PNEUS 08/10 ', -138.98, 0, '	RIO CLARO PNEUS 08/10 ', NULL),
(1329, 10, '2013-02-02', '	LEROY MERLIN CONTA05/10 ', '	LEROY MERLIN CONTA05/10 ', -145.20, 0, '	LEROY MERLIN CONTA05/10 ', NULL),
(1330, 10, '2013-02-02', '	ELMO CALCADOS FIL 05/06', '	ELMO CALCADOS FIL 05/06', -32.52, 0, '	ELMO CALCADOS FIL 05/06', NULL),
(1331, 10, '2013-02-02', '	PONTO FRIO LJ 428 04/10 ', '	PONTO FRIO LJ 428 04/10 ', -214.63, 0, '	PONTO FRIO LJ 428 04/10 ', NULL),
(1332, 10, '2013-02-02', '	G R UM EDITORA 04/06', '	G R UM EDITORA 04/06', -36.00, 0, '	G R UM EDITORA 04/06', NULL),
(1333, 10, '2013-02-02', '	CASA DOS COLCHOES 03/10 ', '	CASA DOS COLCHOES 03/10 ', -136.00, 0, '	CASA DOS COLCHOES 03/10 ', NULL),
(1334, 10, '2013-02-02', '	BORRACHAS UNIAO 03/03 ', '	BORRACHAS UNIAO 03/03 ', -122.54, 0, '	BORRACHAS UNIAO 03/03 ', NULL),
(1335, 10, '2013-02-02', '	IVAL MAT DE CONSTR03/03', '	IVAL MAT DE CONSTR03/03', -61.22, 0, '	IVAL MAT DE CONSTR03/03', NULL),
(1336, 10, '2013-02-02', '	PONTO FRIO LJ 428', '	PONTO FRIO LJ 428', 0.36, 0, '	PONTO FRIO LJ 428', NULL),
(1337, 10, '2013-02-02', '	PONTO FRIO LJ 428 02/10 ', '	PONTO FRIO LJ 428 02/10 ', -189.42, 0, '	PONTO FRIO LJ 428 02/10 ', NULL),
(1338, 10, '2013-02-02', '	J F COUROS 02/02', '	J F COUROS 02/02', -71.25, 0, '	J F COUROS 02/02', NULL),
(1339, 10, '2013-02-02', '	ESTADO DE MINAS', '	ESTADO DE MINAS', 0.02, 0, '	ESTADO DE MINAS', NULL),
(1340, 10, '2013-02-02', '	ESTADO DE MINAS 02/03', '	ESTADO DE MINAS 02/03', -43.59, 0, '	ESTADO DE MINAS 02/03', NULL),
(1341, 10, '2013-02-02', '	COFERMETA', '	COFERMETA', 0.04, 0, '	COFERMETA', NULL),
(1342, 10, '2013-02-02', '	COFERMETA 02/03', '	COFERMETA 02/03', -53.48, 0, '	COFERMETA 02/03', NULL),
(1343, 10, '2013-02-02', '	CHALES BAR 02/03 ', '	CHALES BAR 02/03 ', -155.30, 0, '	CHALES BAR 02/03 ', NULL),
(1344, 10, '2013-02-02', '	TAMBASA ATACADISTA ', '	TAMBASA ATACADISTA ', -129.61, 0, '	TAMBASA ATACADISTA ', NULL),
(1345, 10, '2013-02-02', '	EMBOL EMBALAGENS', '	EMBOL EMBALAGENS', -41.21, 0, '	EMBOL EMBALAGENS', NULL),
(1346, 10, '2013-02-02', '	PONTO ELETRICO', '	PONTO ELETRICO', -58.50, 0, '	PONTO ELETRICO', NULL),
(1347, 10, '2013-02-02', '	ANUIDADE DIFERENCI04/06', '	ANUIDADE DIFERENCI04/06', -12.00, 0, '	ANUIDADE DIFERENCI04/06', NULL),
(1348, 10, '2013-02-02', '	PANIFICADORA GIARDINO', '	PANIFICADORA GIARDINO', -17.98, 0, '	PANIFICADORA GIARDINO', NULL),
(1349, 10, '2013-02-02', '	PAGSEGURO', '	PAGSEGURO', -30.00, 0, '	PAGSEGURO', NULL),
(1350, 10, '2013-02-02', '	EMBOL EMBALAGENS ', '	EMBOL EMBALAGENS ', -126.20, 0, '	EMBOL EMBALAGENS ', NULL),
(1351, 10, '2013-02-02', '	BOX SERVICE ', '	BOX SERVICE ', -171.49, 0, '	BOX SERVICE ', NULL),
(1352, 10, '2013-02-02', '	NUTRI PASTORIL ', '	NUTRI PASTORIL ', -158.90, 0, '	NUTRI PASTORIL ', NULL),
(1353, 10, '2013-02-02', '	TECNOPACK', '	TECNOPACK', -27.72, 0, '	TECNOPACK', NULL),
(1354, 10, '2013-02-02', '	DOG HISTORY PET SHOP', '	DOG HISTORY PET SHOP', -47.90, 0, '	DOG HISTORY PET SHOP', NULL),
(1355, 10, '2013-02-02', '	PONTO ELETRICO', '	PONTO ELETRICO', -24.40, 0, '	PONTO ELETRICO', NULL),
(1356, 10, '2013-02-02', '	APOIO I ', '	APOIO I ', -121.06, 0, '	APOIO I ', NULL),
(1357, 10, '2013-02-02', '	GIARDINO PANNE', '	GIARDINO PANNE', -23.50, 0, '	GIARDINO PANNE', NULL),
(1358, 10, '2013-02-02', '	PANIFICADORA GIARDINO', '	PANIFICADORA GIARDINO', -18.65, 0, '	PANIFICADORA GIARDINO', NULL),
(1359, 10, '2013-02-02', '	LOJAS RENNER FL 6101/03 ', '	LOJAS RENNER FL 6101/03 ', -145.84, 0, '	LOJAS RENNER FL 6101/03 ', NULL),
(1360, 10, '2013-02-02', '	GRANDLUB', '	GRANDLUB', -50.00, 0, '	GRANDLUB', NULL),
(1361, 10, '2013-02-02', '	APOIO I', '	APOIO I', -85.83, 0, '	APOIO I', NULL),
(1362, 10, '2013-02-02', '	PANIFICADORA GIARDINO', '	PANIFICADORA GIARDINO', -38.23, 0, '	PANIFICADORA GIARDINO', NULL),
(1363, 10, '2013-02-02', '	PORTO NORTE SUL ', '	PORTO NORTE SUL ', -162.01, 0, '	PORTO NORTE SUL ', NULL),
(1364, 10, '2013-02-02', '	POSTO ILAND ', '	POSTO ILAND ', -161.01, 0, '	POSTO ILAND ', NULL),
(1365, 10, '2013-02-02', '	JORNAL O TEMPO', '	JORNAL O TEMPO', -82.36, 0, '	JORNAL O TEMPO', NULL),
(1366, 10, '2013-02-02', '	POSTO SUPRICEL BELO HO', '	POSTO SUPRICEL BELO HO', -76.22, 0, '	POSTO SUPRICEL BELO HO', NULL),
(1367, 10, '2013-02-02', '	CHALES BAR', '	CHALES BAR', -97.80, 0, '	CHALES BAR', NULL),
(1368, 10, '2013-02-02', '	PANIFICADORA GIARDINO', '	PANIFICADORA GIARDINO', -18.90, 0, '	PANIFICADORA GIARDINO', NULL),
(1369, 10, '2013-02-02', '	POSTO SUPRICEL BELO HO ', '	POSTO SUPRICEL BELO HO ', -117.22, 0, '	POSTO SUPRICEL BELO HO ', NULL),
(1370, 10, '2013-02-02', '	GIARDINO PANNE', '	GIARDINO PANNE', -33.05, 0, '	GIARDINO PANNE', NULL),
(1371, 10, '2013-02-02', '	CHALES BAR ', '	CHALES BAR ', -370.00, 0, '	CHALES BAR ', NULL),
(1372, 10, '2013-02-02', '	MESQUITA MOTORES 01/06', '	MESQUITA MOTORES 01/06', -83.35, 0, '	MESQUITA MOTORES 01/06', NULL),
(1373, 10, '2013-02-02', '	MERCADOPAGO ', '	MERCADOPAGO ', -119.70, 0, '	MERCADOPAGO ', NULL),
(1374, 10, '2013-02-02', '	PAINEL TINTAS', '	PAINEL TINTAS', -19.12, 0, '	PAINEL TINTAS', NULL),
(1375, 10, '2013-02-02', '	PONTO ELETRICO', '	PONTO ELETRICO', -48.20, 0, '	PONTO ELETRICO', NULL),
(1376, 10, '2013-02-02', '	NUTRI PASTORIL', '	NUTRI PASTORIL', -85.50, 0, '	NUTRI PASTORIL', NULL),
(1377, 10, '2013-02-02', '	PANIFICADORA GIARDINO', '	PANIFICADORA GIARDINO', -77.89, 0, '	PANIFICADORA GIARDINO', NULL),
(1378, 10, '2013-02-02', '	IVAL MATERIAIS DE CONS', '	IVAL MATERIAIS DE CONS', -36.80, 0, '	IVAL MATERIAIS DE CONS', NULL),
(1379, 10, '2013-02-02', '	ISCA VIVA ', '	ISCA VIVA ', -129.00, 0, '	ISCA VIVA ', NULL),
(1380, 10, '2013-02-02', '	DROGARIA ARAUJO', '	DROGARIA ARAUJO', -25.32, 0, '	DROGARIA ARAUJO', NULL),
(1381, 10, '2013-02-02', '	RICARDO ELETRO F2301/10 ', '	RICARDO ELETRO F2301/10 ', -209.90, 0, '	RICARDO ELETRO F2301/10 ', NULL),
(1382, 10, '2013-02-02', '	CICLOPAULO', '	CICLOPAULO', -84.00, 0, '	CICLOPAULO', NULL),
(1383, 10, '2013-02-02', '	PONTO FRIO LJ 161 01/10 ', '	PONTO FRIO LJ 161 01/10 ', -149.00, 0, '	PONTO FRIO LJ 161 01/10 ', NULL),
(1384, 10, '2013-02-02', '	BIG MAGAZIN GUARARAPES', '	BIG MAGAZIN GUARARAPES', -14.00, 0, '	BIG MAGAZIN GUARARAPES', NULL),
(1385, 10, '2013-02-02', '	BB SEGURO AUTO ', '	BB SEGURO AUTO ', -491.14, 0, '	BB SEGURO AUTO ', NULL),
(1386, 10, '2013-02-02', '	DROGARIA ARAUJO', '	DROGARIA ARAUJO', -56.06, 0, '	DROGARIA ARAUJO', NULL),
(1387, 10, '2013-02-02', '	TAMBASA ATACADISTA ', '	TAMBASA ATACADISTA ', -222.01, 0, '	TAMBASA ATACADISTA ', NULL),
(1388, 10, '2013-02-02', '	POSTO SUPRICEL BELO HO ', '	POSTO SUPRICEL BELO HO ', -166.02, 0, '	POSTO SUPRICEL BELO HO ', NULL),
(1389, 10, '2013-02-02', '	TECNOPACK ', '	TECNOPACK ', -109.75, 0, '	TECNOPACK ', NULL),
(1390, 10, '2013-02-02', '	SEG COMPRA PROTEGID', '	SEG COMPRA PROTEGID', -7.90, 0, '	SEG COMPRA PROTEGID', NULL),
(1391, 10, '2013-02-02', '	CASA DAS LONAS LTDA ', '	CASA DAS LONAS LTDA ', -110.00, 0, '	CASA DAS LONAS LTDA ', NULL),
(1392, 10, '2013-02-02', '	NUTRI PASTORIL', '	NUTRI PASTORIL', -70.79, 0, '	NUTRI PASTORIL', NULL),
(1393, 10, '2013-02-02', '	ESTADO DE MINAS 01/03', '	ESTADO DE MINAS 01/03', -29.36, 0, '	ESTADO DE MINAS 01/03', NULL),
(1394, 10, '2013-02-02', '	PANIFICADORA GIARDINO', '	PANIFICADORA GIARDINO', -54.05, 0, '	PANIFICADORA GIARDINO', NULL),
(1395, 10, '2013-02-02', '	POSTO ASSIS ', '	POSTO ASSIS ', -102.62, 0, '	POSTO ASSIS ', NULL),
(1396, 10, '2013-02-02', '	EMBOL EMBALAGENS', '	EMBOL EMBALAGENS', -91.79, 0, '	EMBOL EMBALAGENS', NULL),
(1397, 10, '2013-02-02', '	GRANDLUB', '	GRANDLUB', -15.00, 0, '	GRANDLUB', NULL),
(1398, 10, '2013-02-02', '	SACOLAO TOTAL', '	SACOLAO TOTAL', -52.54, 0, '	SACOLAO TOTAL', NULL),
(1399, 10, '2013-02-02', '	PAULO ROBERTO F', '	PAULO ROBERTO F', -30.84, 0, '	PAULO ROBERTO F', NULL),
(1400, 10, '2013-02-02', '	POSTO ASSIS ', '	POSTO ASSIS ', -151.09, 0, '	POSTO ASSIS ', NULL),
(1401, 10, '2013-02-02', '	PONTO ELETRICO', '	PONTO ELETRICO', -35.60, 0, '	PONTO ELETRICO', NULL),
(1402, 10, '2013-02-02', '	PANIFICADORA GIARDINO', '	PANIFICADORA GIARDINO', -28.94, 0, '	PANIFICADORA GIARDINO', NULL),
(1403, 10, '2013-02-02', '	GIARDINO PANNE', '	GIARDINO PANNE', -30.84, 0, '	GIARDINO PANNE', NULL);

-- --------------------------------------------------------

--
-- Estrutura da tabela `grupo_provisorio`
--

CREATE TABLE IF NOT EXISTS `grupo_provisorio` (
  `id` int(11) NOT NULL AUTO_INCREMENT,
  `cntcx_original` int(6) NOT NULL,
  `cntcx_provisorio` int(6) NOT NULL,
  `posicao` int(1) NOT NULL,
  `descricao` text NOT NULL,
  `valor` decimal(8,2) NOT NULL,
  PRIMARY KEY (`id`)
) ENGINE=InnoDB  DEFAULT CHARSET=latin1 AUTO_INCREMENT=3797 ;

--
-- Extraindo dados da tabela `grupo_provisorio`
--

INSERT INTO `grupo_provisorio` (`id`, `cntcx_original`, `cntcx_provisorio`, `posicao`, `descricao`, `valor`) VALUES
(3795, 0, 0, 0, 'SEM CONTA CAIXA', -7016.35),
(3796, 2224000, 2224000, 2, 'MANUTEN&Ccedil;&Atilde;O', -19.12);

-- --------------------------------------------------------

--
-- Estrutura da tabela `perguntas`
--

CREATE TABLE IF NOT EXISTS `perguntas` (
  `id` int(11) NOT NULL AUTO_INCREMENT,
  `seq` int(1) NOT NULL,
  `anterior` int(7) NOT NULL,
  `valor` int(7) NOT NULL,
  `descricao` text,
  `nivel` int(1) NOT NULL,
  `fim` char(1) DEFAULT NULL,
  PRIMARY KEY (`id`)
) ENGINE=InnoDB  DEFAULT CHARSET=latin1 AUTO_INCREMENT=473 ;

--
-- Extraindo dados da tabela `perguntas`
--

INSERT INTO `perguntas` (`id`, `seq`, `anterior`, `valor`, `descricao`, `nivel`, `fim`) VALUES
(62, 1, 1, 1000000, 'ENTRADA', 1, 'N'),
(63, 2, 2, 2000000, 'SAIDA', 1, 'N'),
(64, 1, 11, 1100000, 'PESS.JURIDICA', 2, 'N'),
(65, 2, 12, 1200000, 'PESS.FISICA', 2, 'N'),
(66, 3, 13, 1300000, 'CONCILIACAO', 2, 'N'),
(67, 1, 21, 2100000, 'PESS.JURIDICA', 2, 'N'),
(68, 2, 22, 2200000, 'PESS.FISICA', 2, 'N'),
(69, 3, 23, 2300000, 'CONCILIACAO', 2, 'N'),
(85, 3, 3, 3000000, 'SALDOS', 1, 'N'),
(88, 1, 31, 3100000, 'INICIAL', 2, 'S'),
(89, 2, 32, 3200000, 'FINAL', 2, 'S'),
(90, 1, 111, 1110000, 'FISCAL', 3, 'N'),
(91, 2, 112, 1120000, 'OR&Ccedil;ADO', 3, 'N'),
(92, 1, 121, 1210000, 'NEGOCIOS', 3, 'N'),
(93, 2, 122, 1220000, 'FAMILIA', 3, 'N'),
(94, 1, 131, 1310000, 'BANCOS', 3, 'S'),
(95, 2, 132, 1320000, 'TERCEIROS', 3, 'S'),
(96, 1, 211, 2110000, 'FISCAL', 3, 'N'),
(97, 2, 212, 2120000, 'OR&Ccedil;ADO', 3, 'N'),
(98, 1, 221, 2210000, 'NEGOCIOS', 3, 'N'),
(99, 2, 222, 2220000, 'FAMILIA', 3, 'N'),
(100, 1, 231, 2310000, 'BANCOS', 3, 'S'),
(101, 2, 232, 2320000, 'TERCEIROS', 3, 'S'),
(102, 1, 1111, 1111000, 'RECEITAS OPERACIONAIS', 4, 'N'),
(103, 2, 1112, 1112000, 'RETORNO DE INVESTIMENTOS', 4, 'N'),
(104, 3, 1113, 1113000, 'RECURSOS FINANCEIROS', 4, 'N'),
(105, 4, 1114, 1114000, 'OUTRAS ENTRADAS', 4, 'N'),
(107, 1, 1121, 1121000, 'RECEITAS OPERACIONAIS', 4, 'N'),
(108, 2, 1122, 1122000, 'RETORNO DE INVESTIMENTOS', 4, 'N'),
(109, 3, 1123, 1123000, 'RECURSOS FINANCEIROS', 4, 'N'),
(110, 4, 1124, 1124000, 'OUTRAS RENDAS', 4, 'N'),
(112, 1, 1221, 1221000, 'RENDA PRINCIPAL (SAL/PRO LAB/RET)', 4, 'N'),
(113, 2, 1222, 1222000, 'RETORNO DE INVESTIMENTOS', 4, 'N'),
(114, 1, 2111, 2111000, 'IMPOSTOS', 4, 'N'),
(115, 2, 2112, 2112000, 'FORNECEDORES', 4, 'N'),
(116, 3, 2113, 2113000, 'PRODU&Ccedil;&Atilde;O', 4, 'N'),
(117, 4, 2114, 2114000, 'ADMINISTRA&Ccedil;&Atilde;O', 4, 'N'),
(118, 5, 2115, 2115000, 'FINANCEIRO', 4, 'N'),
(119, 6, 2116, 2116000, 'INVESTIMENTO', 4, 'N'),
(120, 7, 2117, 2117000, 'OUTROS', 4, 'N'),
(128, 1, 2221, 2221000, 'IMPOSTOS', 4, 'N'),
(129, 2, 2222, 2222000, 'CONSUMO', 4, 'N'),
(130, 3, 2223, 2223000, 'PADR&Atilde;O', 4, 'N'),
(131, 4, 2224, 2224000, 'MANUTEN&Ccedil;&Atilde;O', 4, 'S'),
(142, 3, 1223, 1223000, 'RECURSOS FINANCEIROS', 4, 'N'),
(157, 1, 1211, 1211000, 'RENDAS ALTERNATIVAS', 4, 'N'),
(158, 2, 1212, 1212000, 'RETORNO DE INVESTIMENTOS', 4, 'N'),
(159, 7, 2227, 2227000, 'OUTROS', 4, 'N'),
(160, 1, 2211, 2211000, 'DESP REND ALTERNATIVAS', 4, 'N'),
(260, 5, 2225, 2225000, 'FINANCEIRA', 4, 'N'),
(261, 6, 2226, 2226000, 'INVESTIMENTOS', 4, 'N'),
(264, 4, 1224, 1224000, 'OUTRAS ENTRADAS', 4, 'N'),
(272, 3, 1213, 1213000, 'RECURSOS FINANCEIROS', 4, 'N'),
(273, 4, 1214, 1214000, 'OUTRAS ENTRADAS', 4, 'S'),
(274, 2, 2212, 2212000, 'INVESTIMENTOS P/ NEG&Oacute;CIOS', 4, 'N'),
(275, 3, 2213, 2213000, 'FINANCEIRO', 4, 'N'),
(276, 4, 2214, 2214000, 'OUTROS', 4, 'S'),
(277, 1, 11211, 1121100, 'VENDA', 5, 'N'),
(278, 2, 11212, 1121200, 'SERVICO', 5, 'S'),
(279, 1, 11221, 1122100, 'VENDA PATRIMONIAL', 5, 'S'),
(280, 1, 11111, 1111100, 'VENDA', 5, 'N'),
(281, 2, 11112, 1111200, 'SERVICO', 5, 'S'),
(282, 1, 11121, 1112100, 'VENDA PATRIMONIO', 5, 'S'),
(283, 2, 11122, 1112200, 'REND RESG CAPITAL', 5, 'S'),
(284, 1, 11131, 1113100, 'EMPRESTIMO CAP GIRO', 5, 'S'),
(285, 1, 11141, 1114100, 'DOACOES', 5, 'S'),
(286, 2, 11222, 1122200, 'REND RESG CAPITAL', 5, 'S'),
(287, 1, 11231, 1123100, 'EMPRESTIMO CAP GIRO', 5, 'S'),
(288, 1, 11241, 1124100, 'DOACOES', 5, 'S'),
(289, 1, 12111, 1211100, 'QUADRI', 5, 'S'),
(290, 2, 12112, 1211200, 'GP', 5, 'S'),
(291, 1, 12121, 1212100, 'ALUGUEIS ', 5, 'S'),
(292, 1, 12131, 1213100, 'EMPRESTIMOS P NEG PF', 5, 'S'),
(293, 1, 12211, 1221100, 'PRO LABORE KR', 5, 'S'),
(294, 2, 12212, 1221200, 'RETIRADA DA SEGURA', 5, 'S'),
(295, 1, 12221, 1222100, 'VENDA PATRIMONIO ', 5, 'S'),
(296, 1, 12231, 1223100, 'EMPRESTIMOS P FAM PF', 5, 'S'),
(297, 1, 12241, 1224100, 'DISTRIBUICAO DE LUCRO', 5, 'S'),
(298, 2, 12242, 1224200, 'DOACOES ', 5, 'S'),
(299, 1, 21111, 2111100, 'S FATURAMENTO', 5, 'S'),
(300, 2, 21112, 2111200, 'S MO ', 5, 'S'),
(301, 3, 21113, 2111300, 'S PATRIMONIO', 5, 'S'),
(302, 1, 21121, 2112100, 'MERCADORIAS', 5, 'N'),
(305, 1, 21131, 2113100, 'HIGIENIZACAO', 5, 'N'),
(306, 2, 21132, 2113200, 'REPARACAO E EMBALAGENS', 5, 'S'),
(307, 3, 21133, 2113300, 'M.O.', 5, 'N'),
(308, 4, 21134, 2113400, 'M.O. TERCEIRIZADA', 5, 'N'),
(309, 5, 21135, 2113500, 'FRETES', 5, 'N'),
(310, 6, 21136, 2113600, 'DESTINACAO RESIDUOS', 5, 'N'),
(314, 1, 21141, 2114100, 'INFRAESTRUTURA ', 5, 'N'),
(315, 2, 21142, 2114200, 'COMUNICACAO E MARKETING ', 5, 'N'),
(316, 3, 21143, 2114300, 'TRANSPORTE COMBUSTIVEL', 5, 'S'),
(317, 4, 21144, 2114400, 'MATERIAIS ', 5, 'N'),
(318, 5, 21145, 2114500, 'SERV TERCEIROS ', 5, 'N'),
(319, 1, 21151, 2115100, 'ENCARGOS E TARIFAS BANC', 5, 'S'),
(320, 2, 21152, 2115200, 'EMPRESTIMOS E CAP GIRO', 5, 'S'),
(321, 1, 21161, 2116100, 'PATRIMONIAL ', 5, 'N'),
(322, 2, 21162, 2116200, 'QUALITATIVO ', 5, 'N'),
(323, 1, 21171, 2117100, 'DOACOES', 5, 'S'),
(324, 2, 21172, 2117200, 'OUTROS ', 5, 'S'),
(346, 1, 22111, 2211100, 'QUADRI', 5, 'S'),
(347, 2, 22112, 2211200, 'GP', 5, 'S'),
(348, 1, 22121, 2212100, 'AQUISICAO IMOVEIS P ALG', 5, 'S'),
(349, 1, 22131, 2213100, 'ENCARGOS E TARIFAS BANC', 5, 'S'),
(350, 2, 22132, 2213200, 'EMPRESTIMOS P NEG PF', 5, 'S'),
(351, 1, 22211, 2221100, 'IR IPTU IPVA ', 5, 'S'),
(352, 1, 22221, 2222100, 'ALIMENT HIGIENE ', 5, 'S'),
(353, 2, 22222, 2222200, 'AG LUZ GAS', 5, 'S'),
(354, 3, 22223, 2222300, 'COMUNICACAO', 5, 'S'),
(355, 4, 22224, 2222400, 'TRANSP COMBUST', 5, 'S'),
(356, 5, 22225, 2222500, 'VESTUARIO', 5, 'S'),
(357, 1, 22231, 2223100, 'SAUDE', 5, 'S'),
(358, 2, 22232, 2223200, 'ESCOLA', 5, 'S'),
(359, 3, 22233, 2223300, 'MO E ENCARGOS ', 5, 'S'),
(360, 4, 22234, 2223400, 'SITIO', 5, 'S'),
(361, 5, 22235, 2223500, 'ATIVIDADES EXTRAS', 5, 'S'),
(362, 6, 22236, 2223600, 'LAZER E CULTURA', 5, 'S'),
(363, 7, 22237, 2223700, 'MESADAS', 5, 'S'),
(364, 1, 22251, 2225100, 'ENCARGOS E TARIFAS BANC', 5, 'S'),
(365, 2, 22252, 2225200, 'EMPRESTIMOS P FAMILIA', 5, 'S'),
(366, 1, 22261, 2226100, 'PATRIMONIAL', 5, 'N'),
(367, 1, 22271, 2227100, 'DOACOES ', 5, 'S'),
(368, 1, 111111, 1111110, 'NOVO', 6, 'S'),
(369, 2, 111112, 1111120, 'USADO', 6, 'S'),
(370, 3, 111113, 1111130, 'DESCARTE', 6, 'S'),
(371, 1, 112111, 1121110, 'NOVO', 6, 'S'),
(372, 2, 112112, 1121120, 'USADO', 6, 'S'),
(373, 3, 112113, 1121130, 'DESCARTE', 6, 'S'),
(374, 1, 211211, 2112110, 'NOVOS', 6, 'S'),
(375, 2, 211212, 2112120, 'SUCATA', 6, 'S'),
(376, 1, 211311, 2113110, 'PRODUTO LIMPEZA', 6, 'S'),
(377, 2, 211312, 2113120, 'AGUA', 6, 'S'),
(378, 3, 211313, 2113130, 'LUZ', 6, 'S'),
(379, 4, 211314, 2113140, 'GAS', 6, 'S'),
(386, 1, 211391, 2113910, 'SUCATA CLIENTE', 6, 'S'),
(387, 1, 211411, 2114110, 'MANUTENCAO E ME', 6, 'S'),
(388, 1, 211421, 2114210, 'TEL CEL INTERNE', 6, 'S'),
(389, 2, 211422, 2114220, 'DIVULGACAO ANUN', 6, 'S'),
(390, 1, 211441, 2114410, 'MAT ESCRITORIO', 6, 'S'),
(391, 2, 211442, 2114420, 'MAT LIMP ALIMEN', 6, 'S'),
(392, 1, 211451, 2114510, 'PROW POWMX CSIT', 6, 'S'),
(393, 1, 211611, 2116110, 'VEICULOS', 6, 'S'),
(394, 2, 211612, 2116120, 'MAQUINAS', 6, 'S'),
(395, 3, 211613, 2116130, 'EQUIP MOV UTENS', 6, 'S'),
(396, 4, 211614, 2116140, 'RESERVA CAPITAL', 6, 'S'),
(397, 5, 211615, 2116150, 'SEGUROS', 6, 'S'),
(398, 1, 211621, 2116210, 'TREINAM CONSULT', 6, 'S'),
(399, 1, 2121, 2121000, 'IMPOSTOS', 4, 'N'),
(400, 2, 2122, 2122000, 'FORNECEDORES', 4, 'N'),
(401, 3, 2123, 2123000, 'PRODU&Ccedil;&Atilde;O', 4, 'N'),
(402, 4, 2124, 2124000, 'ADMINISTRA&Ccedil;&Atilde;O', 4, 'N'),
(403, 5, 2125, 2125000, 'FINANCEIRO', 4, 'N'),
(404, 6, 2126, 2126000, 'INVESTIMENTO', 4, 'N'),
(405, 7, 2127, 2127000, 'OUTROS', 4, 'N'),
(406, 1, 21211, 2121100, 'S FATURAMENTO', 5, 'S'),
(407, 2, 21212, 2121200, 'S MO ', 5, 'S'),
(408, 3, 21213, 2121300, 'S PATRIMONIO', 5, 'S'),
(409, 1, 21221, 2122100, 'MERCADORIAS', 5, 'N'),
(410, 1, 21231, 2123100, 'HIGIENIZACAO', 5, 'N'),
(411, 2, 21232, 2123200, 'REPARACAO E EMBALAGENS', 5, 'S'),
(412, 3, 21233, 2123300, 'M.O.', 5, 'N'),
(413, 4, 21234, 2123400, 'M.O. TERCEIRIZADA', 5, 'N'),
(414, 5, 21235, 2123500, 'FRETES', 5, 'N'),
(415, 6, 21236, 2123600, 'DESTINACAO RESIDUOS', 5, 'N'),
(416, 1, 21241, 2124100, 'INFRAESTRUTURA ', 5, 'N'),
(417, 2, 21242, 2124200, 'COMUNICACAO E MARKETING ', 5, 'N'),
(418, 3, 21243, 2124300, 'TRANSPORTE COMBUSTIVEL', 5, 'S'),
(419, 4, 21244, 2124400, 'MATERIAIS ', 5, 'N'),
(420, 5, 21245, 2124500, 'SERV TERCEIROS ', 5, 'N'),
(421, 1, 21251, 2125100, 'ENCARGOS E TARIFAS BANC', 5, 'S'),
(422, 2, 21252, 2125200, 'EMPRESTIMOS E CAP GIRO', 5, 'S'),
(423, 1, 21261, 2126100, 'PATRIMONIAL ', 5, 'N'),
(424, 2, 21262, 2126200, 'QUALITATIVO ', 5, 'N'),
(425, 1, 21271, 2127100, 'DOACOES', 5, 'S'),
(426, 2, 21272, 2127200, 'OUTROS ', 5, 'S'),
(427, 1, 212211, 2122110, 'NOVOS', 6, 'S'),
(428, 2, 212212, 2122120, 'SUCATA', 6, 'S'),
(429, 1, 212311, 2123110, 'PRODUTO LIMPEZA', 6, 'S'),
(430, 2, 212312, 2123120, 'AGUA', 6, 'S'),
(431, 3, 212313, 2123130, 'LUZ', 6, 'S'),
(432, 4, 212314, 2123140, 'GAS', 6, 'S'),
(433, 1, 212391, 2123910, 'SUCATA CLIENTE', 6, 'S'),
(434, 1, 212411, 2124110, 'MANUTENCAO E ME', 6, 'S'),
(435, 1, 212421, 2124210, 'TEL CEL INTERNE', 6, 'S'),
(436, 2, 212422, 2124220, 'DIVULGACAO ANUN', 6, 'S'),
(437, 1, 212441, 2124410, 'MAT ESCRITORIO', 6, 'S'),
(438, 2, 212442, 2124420, 'MAT LIMP ALIMEN', 6, 'S'),
(439, 1, 212451, 2124510, 'PROW POWMX CSIT', 6, 'S'),
(440, 1, 212611, 2126110, 'VEICULOS', 6, 'S'),
(441, 2, 212612, 2126120, 'MAQUINAS', 6, 'S'),
(442, 3, 212613, 2126130, 'EQUIP MOV UTENS', 6, 'S'),
(443, 4, 212614, 2126140, 'RESERVA CAPITAL', 6, 'S'),
(444, 5, 212615, 2126150, 'SEGUROS', 6, 'S'),
(445, 1, 212621, 2126210, 'TREINAM CONSULT', 6, 'S'),
(446, 1, 211331, 2113310, 'SALARIOS', 6, 'S'),
(447, 2, 211332, 2113320, 'PROVISOES', 6, 'S'),
(448, 3, 211333, 2113330, 'FER DT AC PRES', 6, 'S'),
(449, 1, 211341, 2113410, 'TRANSP COL ENT', 6, 'S'),
(450, 2, 211342, 2113420, 'COSTUREIRA', 6, 'S'),
(451, 3, 211343, 2113430, 'FAXINA CHAPA ET', 6, 'S'),
(452, 1, 211351, 2113510, 'SUCATA E CLIENT', 6, 'S'),
(453, 1, 211361, 2113610, 'ETE', 6, 'S'),
(454, 2, 211362, 2113620, 'LIXO E FRT LIXO', 6, 'S'),
(455, 3, 211363, 2113630, 'DESNTUP INSINER', 6, 'S'),
(456, 4, 21114, 2111400, 'TX E IMP DIVERSOS', 5, 'S'),
(457, 1, 222611, 2226110, 'IMOVEIS', 6, 'S'),
(458, 2, 222612, 2226120, 'VEICULOS', 6, 'S'),
(459, 3, 222613, 2226130, 'EQUIP E MOVEIS', 6, 'S'),
(460, 4, 222614, 2226140, 'RESERVA CAP', 6, 'S'),
(461, 5, 222615, 2226150, 'SEGUROS', 6, 'S'),
(462, 4, 21214, 2121400, 'TX IMP DIVERSOS', 5, 'S'),
(463, 1, 212331, 2123310, 'SALARIOS', 6, 'S'),
(464, 2, 212332, 2123320, 'PROVISOES', 6, 'S'),
(465, 3, 212333, 2123330, 'FER DT AC PRES', 6, 'S'),
(466, 1, 212341, 2123410, 'TRANSP COL ENT', 6, 'S'),
(467, 2, 212342, 2123420, 'COSTUREIRA', 6, 'S'),
(468, 3, 212343, 2123430, 'FAX CHAPA ETC', 6, 'S'),
(469, 1, 212351, 2123510, 'SUCATA E CLIENT', 6, 'S'),
(470, 1, 212361, 2123610, 'ETE', 6, 'S'),
(471, 2, 212362, 2123620, 'LIXO E FRT LIXO', 6, 'S'),
(472, 3, 212363, 2123630, 'DESNTUP INSINER', 6, 'S');

-- --------------------------------------------------------

--
-- Estrutura da tabela `sequencia`
--

CREATE TABLE IF NOT EXISTS `sequencia` (
  `id` int(11) NOT NULL AUTO_INCREMENT,
  `seq` int(1) NOT NULL,
  PRIMARY KEY (`id`)
) ENGINE=InnoDB  DEFAULT CHARSET=latin1 AUTO_INCREMENT=10 ;

--
-- Extraindo dados da tabela `sequencia`
--

INSERT INTO `sequencia` (`id`, `seq`) VALUES
(1, 1),
(2, 2),
(3, 3),
(4, 4),
(5, 5),
(6, 6),
(7, 7),
(8, 8),
(9, 9);

-- --------------------------------------------------------

--
-- Estrutura da tabela `tipo_conta`
--

CREATE TABLE IF NOT EXISTS `tipo_conta` (
  `id` int(11) NOT NULL AUTO_INCREMENT,
  `descricao` varchar(30) DEFAULT NULL,
  PRIMARY KEY (`id`)
) ENGINE=InnoDB  DEFAULT CHARSET=latin1 AUTO_INCREMENT=10 ;

--
-- Extraindo dados da tabela `tipo_conta`
--

INSERT INTO `tipo_conta` (`id`, `descricao`) VALUES
(1, 'BBCCJ'),
(2, 'BBCCF'),
(3, 'BBCPF'),
(4, 'ITCCF'),
(5, 'BDCCF'),
(6, 'CAIXA'),
(7, 'CARTAO'),
(8, 'CRTITAU'),
(9, 'SANTPF');
