-- phpMyAdmin SQL Dump
-- version 3.4.5
-- http://www.phpmyadmin.net
--
-- Servidor: localhost
-- Tempo de Geração: 26/03/2013 às 17h41min
-- Versão do Servidor: 5.5.16
-- Versão do PHP: 5.3.8

SET SQL_MODE="NO_AUTO_VALUE_ON_ZERO";
SET time_zone = "+00:00";


/*!40101 SET @OLD_CHARACTER_SET_CLIENT=@@CHARACTER_SET_CLIENT */;
/*!40101 SET @OLD_CHARACTER_SET_RESULTS=@@CHARACTER_SET_RESULTS */;
/*!40101 SET @OLD_COLLATION_CONNECTION=@@COLLATION_CONNECTION */;
/*!40101 SET NAMES utf8 */;

--
-- Banco de Dados: `segura`
--

-- --------------------------------------------------------

--
-- Estrutura da tabela `ajustes`
--

CREATE TABLE IF NOT EXISTS `ajustes` (
  `id` int(11) NOT NULL AUTO_INCREMENT,
  `cx_retira` int(6) NOT NULL,
  `descricao_cx_ret` text NOT NULL,
  `cx_inclui` int(6) NOT NULL,
  `descricao_cx_inc` text NOT NULL,
  `vlr_or_pecent` char(1) NOT NULL,
  `valor` decimal(8,2) DEFAULT NULL,
  `ativo` int(1) NOT NULL,
  PRIMARY KEY (`id`)
) ENGINE=InnoDB  DEFAULT CHARSET=latin1 AUTO_INCREMENT=49 ;

--
-- Extraindo dados da tabela `ajustes`
--

INSERT INTO `ajustes` (`id`, `cx_retira`, `descricao_cx_ret`, `cx_inclui`, `descricao_cx_inc`, `vlr_or_pecent`, `valor`, `ativo`) VALUES
(42, 2118200, 'EMPRESTIMOS E CAP GIRO', 2119130, 'MAQUINAS', '$', 1300.00, 0),
(43, 2113310, 'SALARIOS', 2223300, 'MO E ENCARGOS ', '%', 10.00, 0),
(44, 2114210, 'TEL CEL INTERNE', 2222310, 'TEL CEL INT', '%', 50.00, 0),
(45, 2222400, 'TRANSP COMBUST', 2124300, 'TRANSPORTE COMBUSTIVEL', '%', 50.00, 0),
(46, 2223100, 'SAUDE', 2227100, 'DOACOES ', '$', 1300.00, 0),
(47, 2123140, 'GAS', 2222200, 'AG LUZ GAS', '%', 5.00, 0),
(48, 2111200, 'IMP S MO', 2223300, 'MO E ENCARGOS ', '%', 10.00, 0);

-- --------------------------------------------------------

--
-- Estrutura da tabela `ajustes_lancados`
--

CREATE TABLE IF NOT EXISTS `ajustes_lancados` (
  `id` int(11) NOT NULL AUTO_INCREMENT,
  `data` date DEFAULT NULL,
  `cx_retira` int(6) NOT NULL,
  `descricao_cx_ret` text NOT NULL,
  `cx_inclui` int(6) NOT NULL,
  `descricao_cx_inc` text NOT NULL,
  `vlr_or_pecent` char(1) NOT NULL,
  `valor` decimal(8,2) DEFAULT NULL,
  PRIMARY KEY (`id`)
) ENGINE=InnoDB  DEFAULT CHARSET=latin1 AUTO_INCREMENT=302 ;

--
-- Extraindo dados da tabela `ajustes_lancados`
--

INSERT INTO `ajustes_lancados` (`id`, `data`, `cx_retira`, `descricao_cx_ret`, `cx_inclui`, `descricao_cx_inc`, `vlr_or_pecent`, `valor`) VALUES
(288, '2013-02-01', 2118200, 'EMPRESTIMOS_E_CAP_GIRO', 2119130, 'MAQUINAS', '$', 1300.00),
(289, '2013-02-01', 2113310, 'SALARIOS', 2223300, 'MO_E_ENCARGOS_', '%', 10.00),
(290, '2013-02-01', 2114210, 'TEL_CEL_INTERNE', 2222310, 'TEL_CEL_INT', '%', 50.00),
(291, '2013-02-01', 2222400, 'TRANSP_COMBUST', 2124300, 'TRANSPORTE_COMBUSTIVEL', '%', 50.00),
(292, '2013-02-01', 2223100, 'SAUDE', 2227100, 'DOACOES_', '$', 1300.00),
(293, '2013-02-01', 2123140, 'GAS', 2222200, 'AG_LUZ_GAS', '%', 5.00),
(294, '2013-02-01', 2111200, 'IMP_S_MO', 2223300, 'MO_E_ENCARGOS_', '%', 10.00),
(298, '2013-03-01', 2222400, 'TRANSP_COMBUST', 2124300, 'TRANSPORTE_COMBUSTIVEL', '%', 50.00),
(299, '2013-03-01', 2223100, 'SAUDE', 2227100, 'DOACOES_', '$', 1300.00),
(300, '2013-03-01', 2123140, 'GAS', 2222200, 'AG_LUZ_GAS', '%', 5.00),
(301, '2013-03-01', 2111200, 'IMP_S_MO', 2223300, 'MO_E_ENCARGOS_', '%', 10.00);

-- --------------------------------------------------------

--
-- Estrutura da tabela `ajustes_salvos`
--

CREATE TABLE IF NOT EXISTS `ajustes_salvos` (
  `id` int(11) NOT NULL AUTO_INCREMENT,
  `mes_ano` date DEFAULT NULL,
  `conta_caixa` int(6) NOT NULL,
  `valor` decimal(8,2) DEFAULT NULL,
  PRIMARY KEY (`id`)
) ENGINE=InnoDB  DEFAULT CHARSET=latin1 AUTO_INCREMENT=3607 ;

--
-- Extraindo dados da tabela `ajustes_salvos`
--

INSERT INTO `ajustes_salvos` (`id`, `mes_ano`, `conta_caixa`, `valor`) VALUES
(3204, '2013-03-01', 0, -83.53),
(3540, '2013-02-01', 1111120, 3457.55),
(3541, '2013-02-01', 1111200, 4024.23),
(3542, '2013-02-01', 1111300, 67509.16),
(3543, '2013-02-01', 1112200, 0.37),
(3544, '2013-02-01', 1113100, 5000.00),
(3545, '2013-02-01', 2111100, -6883.00),
(3546, '2013-02-01', 2111200, -1894.33),
(3547, '2013-02-01', 2111300, -210.52),
(3548, '2013-02-01', 2112110, -517.44),
(3549, '2013-02-01', 2112120, -5407.56),
(3550, '2013-02-01', 2113110, -2255.79),
(3551, '2013-02-01', 2113120, -890.64),
(3552, '2013-02-01', 2113130, -797.02),
(3553, '2013-02-01', 2113140, -1020.00),
(3554, '2013-02-01', 2113200, -1706.34),
(3555, '2013-02-01', 2113310, -9158.10),
(3556, '2013-02-01', 2113320, -1000.00),
(3557, '2013-02-01', 2113330, -3521.07),
(3558, '2013-02-01', 2113410, -3914.05),
(3559, '2013-02-01', 2113430, -4180.00),
(3560, '2013-02-01', 2113510, -1054.78),
(3561, '2013-02-01', 2113610, -250.35),
(3562, '2013-02-01', 2113620, -534.92),
(3563, '2013-02-01', 2114110, -2398.89),
(3564, '2013-02-01', 2114210, -2494.10),
(3565, '2013-02-01', 2114220, -149.47),
(3566, '2013-02-01', 2114300, -50.00),
(3567, '2013-02-01', 2114420, -657.41),
(3568, '2013-02-01', 2114510, -1233.16),
(3569, '2013-02-01', 2118100, -361.79),
(3570, '2013-02-01', 2118200, -51638.89),
(3571, '2013-02-01', 2119100, -433.89),
(3572, '2013-02-01', 2119130, 27.12),
(3573, '2013-02-01', 1211200, 666.67),
(3574, '2013-02-01', 1221200, 22000.00),
(3575, '2013-02-01', 1222100, 249000.00),
(3576, '2013-02-01', 2211200, -61.90),
(3577, '2013-02-01', 2221100, -747.70),
(3578, '2013-02-01', 2222100, -2546.90),
(3579, '2013-02-01', 2222200, -886.53),
(3580, '2013-02-01', 2222300, -483.64),
(3581, '2013-02-01', 2222310, 640.85),
(3582, '2013-02-01', 2222320, -160.00),
(3583, '2013-02-01', 2222400, -2678.73),
(3584, '2013-02-01', 2222500, -740.42),
(3585, '2013-02-01', 2223100, -3517.24),
(3586, '2013-02-01', 2223200, -3642.73),
(3587, '2013-02-01', 2223300, 880.00),
(3588, '2013-02-01', 2223400, -1822.70),
(3589, '2013-02-01', 2223500, -344.00),
(3590, '2013-02-01', 2223600, -1444.36),
(3591, '2013-02-01', 2223700, -367.40),
(3592, '2013-02-01', 2223710, -185.00),
(3593, '2013-02-01', 2223720, -25.00),
(3594, '2013-02-01', 2223730, -90.00),
(3595, '2013-02-01', 2223810, -1155.51),
(3596, '2013-02-01', 2223820, -85.00),
(3597, '2013-02-01', 2224000, -2311.09),
(3598, '2013-02-01', 2225100, -137.44),
(3599, '2013-02-01', 2226110, -145658.31),
(3600, '2013-02-01', 2226120, -3529.93),
(3601, '2013-02-01', 2226130, -900.08),
(3602, '2013-02-01', 2226140, -217.50),
(3603, '2013-02-01', 2226150, -916.43),
(3604, '2013-02-01', 2227100, 990.89),
(3605, '2013-02-01', 1310000, 372362.96),
(3606, '2013-02-01', 2310000, -372362.96);

-- --------------------------------------------------------

--
-- Estrutura da tabela `ajustes_temporario`
--

CREATE TABLE IF NOT EXISTS `ajustes_temporario` (
  `id` int(11) NOT NULL AUTO_INCREMENT,
  `cx_temp` int(6) NOT NULL,
  `descricao_temp` text NOT NULL,
  `valor_temp` decimal(8,2) DEFAULT NULL,
  PRIMARY KEY (`id`)
) ENGINE=InnoDB  DEFAULT CHARSET=latin1 AUTO_INCREMENT=19664 ;

--
-- Extraindo dados da tabela `ajustes_temporario`
--

INSERT INTO `ajustes_temporario` (`id`, `cx_temp`, `descricao_temp`, `valor_temp`) VALUES
(19597, 1111120, 'MATERIAL USADO', 3457.55),
(19598, 1111200, 'SERVICO', 4024.23),
(19599, 1111300, 'MISTO VENDA E SERVICO', 67509.16),
(19600, 1112200, 'REND RESG CAPITAL', 0.37),
(19601, 1113100, 'EMPRESTIMO CAP GIRO', 5000.00),
(19602, 2111100, 'IMP S FATURAMENTO', -6883.00),
(19603, 2111200, 'IMP S MO', -1894.33),
(19604, 2111300, 'IMP S PATRIMONIO', -210.52),
(19605, 2112110, 'NOVOS, FAC&Ccedil;&Aacute;O', -517.44),
(19606, 2112120, 'SUCATA', -5407.56),
(19607, 2113110, 'PRODUTO LIMPEZA', -2255.79),
(19608, 2113120, 'AGUA', -890.64),
(19609, 2113130, 'LUZ', -797.02),
(19610, 2113140, 'GAS', -1020.00),
(19611, 2113200, 'REPARACAO E EMBALAGENS', -1706.34),
(19612, 2113310, 'SALARIOS', -9158.10),
(19613, 2113320, 'PROVISOES', -1000.00),
(19614, 2113330, 'FER DT AC PRES', -3521.07),
(19615, 2113410, 'TRANSP COL ENT', -3914.05),
(19616, 2113430, 'FAXINA CHAPA ET', -4180.00),
(19617, 2113510, 'FRT SUC/CLIENTE/FORNECEDOR', -1054.78),
(19618, 2113610, 'ETE', -250.35),
(19619, 2113620, 'LIXO', -534.92),
(19620, 2114110, 'MANUTECAO E ME', -2398.89),
(19621, 2114210, 'TEL CEL INTERNE', -2494.10),
(19622, 2114220, 'DIVULGACAO ANUN', -149.47),
(19623, 2114300, 'TRANSPORTE COMBUSTIVEL', -50.00),
(19624, 2114420, 'MAT LIMP ALIMEN', -657.41),
(19625, 2114510, 'PROW POWMX CSIT', -1233.16),
(19626, 2118100, 'ENCARGOS E TARIFAS BANC', -361.79),
(19627, 2118200, 'EMPRESTIMOS E CAP GIRO', -51638.89),
(19628, 2119100, 'PATRIMONIAL', -433.89),
(19629, 2119130, 'MAQUINAS', 27.12),
(19630, 1211200, 'GP', 666.67),
(19631, 1221200, 'RETIRADA DA SEGURA ', 22000.00),
(19632, 1222100, 'VENDA PATRIMONIO', 249000.00),
(19633, 2211200, 'GP', -61.90),
(19634, 2221100, 'IR IPTU IPVA', -747.70),
(19635, 2222100, 'ALIMENT HIGIENE ', -2546.90),
(19636, 2222200, 'AG LUZ GAS', -886.53),
(19637, 2222300, 'COMUNICACAO', -483.64),
(19638, 2222310, 'TEL CEL INT', 640.85),
(19639, 2222320, 'ANUNCIOS CORREIOS', -160.00),
(19640, 2222400, 'TRANSP COMBUST', -2678.73),
(19641, 2222500, 'VESTUARIO', -740.42),
(19642, 2223100, 'SAUDE', -3517.24),
(19643, 2223200, 'ESCOLA', -3642.73),
(19644, 2223300, 'MO E ENCARGOS ', 880.00),
(19645, 2223400, 'SITIO', -1822.70),
(19646, 2223500, 'ATIVIDADES EXTRAS', -344.00),
(19647, 2223600, 'LAZER E CULTURA ', -1444.36),
(19648, 2223700, 'MESADAS ', -367.40),
(19649, 2223710, 'MESADA ANANDA', -185.00),
(19650, 2223720, 'MESADA IGOR', -25.00),
(19651, 2223730, 'MESADA BIANCA', -90.00),
(19652, 2223810, 'RONALDO', -1155.51),
(19653, 2223820, 'KATIA', -85.00),
(19654, 2224000, 'MANUTEN&Ccedil;&Atilde;O', -2311.09),
(19655, 2225100, 'ENCARGOS E TARIFAS BANC', -137.44),
(19656, 2226110, 'IMOVEIS', -145658.31),
(19657, 2226120, 'VEICULOS', -3529.93),
(19658, 2226130, 'EQUIP E MOVEIS', -900.08),
(19659, 2226140, 'RESERVA CAP', -217.50),
(19660, 2226150, 'SEGUROS', -916.43),
(19661, 2227100, 'DOACOES ', 990.89),
(19662, 1310000, 'CONCILIACAO', 372362.96),
(19663, 2310000, 'CONCILIACAO', -372362.96);

-- --------------------------------------------------------

--
-- Estrutura da tabela `cadastro_graficos`
--

CREATE TABLE IF NOT EXISTS `cadastro_graficos` (
  `id` int(11) NOT NULL AUTO_INCREMENT,
  `nome_grafico` varchar(45) NOT NULL,
  PRIMARY KEY (`id`)
) ENGINE=InnoDB  DEFAULT CHARSET=latin1 AUTO_INCREMENT=16 ;

--
-- Extraindo dados da tabela `cadastro_graficos`
--

INSERT INTO `cadastro_graficos` (`id`, `nome_grafico`) VALUES
(8, 'RECEITA X DESPESAS'),
(11, 'CENTRO CUSTO'),
(12, 'SINTETICO'),
(13, 'DESPESAS'),
(14, 'PF'),
(15, 'GASTOS');

-- --------------------------------------------------------

--
-- Estrutura da tabela `cadastro_grupos`
--

CREATE TABLE IF NOT EXISTS `cadastro_grupos` (
  `id` int(11) NOT NULL AUTO_INCREMENT,
  `id_cadastro_grafico` int(11) NOT NULL,
  `seq_grupo` int(11) NOT NULL,
  `nome_grupo` varchar(45) NOT NULL,
  PRIMARY KEY (`id`)
) ENGINE=InnoDB  DEFAULT CHARSET=latin1 AUTO_INCREMENT=116 ;

--
-- Extraindo dados da tabela `cadastro_grupos`
--

INSERT INTO `cadastro_grupos` (`id`, `id_cadastro_grafico`, `seq_grupo`, `nome_grupo`) VALUES
(49, 8, 1, 'RECEITA'),
(50, 8, 2, 'IMPOSTOS'),
(51, 8, 3, 'FORNECEDORES'),
(52, 8, 4, 'M.O.'),
(53, 8, 5, 'M.O. TERCEIRIZADA'),
(54, 8, 6, 'PRODUCAO'),
(55, 8, 7, 'ADMINISTRACAO'),
(56, 8, 8, 'MANUTENCAO'),
(57, 8, 9, 'MANUTENCAO'),
(58, 8, 10, 'FINANCEIRO'),
(59, 8, 11, 'INVESTIMENTOS'),
(69, 8, 12, 'IMPOSTOS S/ FAT'),
(70, 8, 13, 'MERCADORIAS'),
(71, 12, 1, 'RECEITA'),
(72, 8, 14, 'DESPESAS'),
(73, 8, 15, 'DESPESAS'),
(74, 8, 16, 'FINANCEIRO'),
(75, 8, 17, 'INVESTIMENTO'),
(76, 8, 18, 'INVESTIMENTO'),
(77, 12, 2, 'DESPESAS'),
(78, 12, 3, 'FINANCEIRO'),
(79, 8, 19, 'INVESTIMENTOS'),
(80, 8, 20, 'INVESTIMENTOS'),
(81, 12, 4, 'INVESTIMENTOS'),
(82, 13, 1, 'RECEITA'),
(83, 13, 2, 'IMPOSTOS'),
(84, 13, 3, 'FORNECEDORES'),
(85, 13, 4, 'M.O.'),
(86, 13, 5, 'M.O. TERCEIRIZADA'),
(87, 13, 6, 'PRODUCAO'),
(88, 13, 7, 'ADMINISTRACAO'),
(89, 13, 8, 'FINANCEIRO'),
(90, 13, 9, 'INVESTIMENTOS'),
(91, 14, 1, 'PRO LAB E RETIRADA'),
(93, 14, 3, 'IMPOSTOS'),
(94, 14, 4, 'CONSUMO'),
(95, 14, 5, 'PADRAO'),
(96, 14, 6, 'MANUTENCAO'),
(97, 14, 7, 'FINANCEIRO'),
(98, 14, 8, 'INVESTIMENTOS'),
(99, 14, 9, 'DOACOES e OUTROS'),
(100, 15, 1, 'PRO LAB E RETIRADA'),
(101, 15, 2, 'IMPOSTOS'),
(102, 15, 3, 'ALIMENTACAO'),
(103, 15, 4, 'COND AG LZ TEL CEL GAS'),
(104, 15, 5, 'TRANSP COMB'),
(105, 15, 6, 'VESTU?RIO'),
(106, 15, 7, 'SAUDE ESCOLA LILI'),
(107, 15, 8, 'SITIO'),
(108, 15, 9, 'ATIV EXTRA'),
(109, 15, 10, 'LAZER E CULTURA'),
(110, 15, 11, 'G PESSOAIS'),
(111, 15, 12, 'MANUTENCAO'),
(112, 15, 13, 'FINANCEIRA'),
(113, 15, 14, 'INVESTIMENTOS'),
(114, 15, 15, 'DOACOES E OUTROS'),
(115, 13, 10, 'MANUTENCAO');

-- --------------------------------------------------------

--
-- Estrutura da tabela `cheques`
--

CREATE TABLE IF NOT EXISTS `cheques` (
  `id` int(11) NOT NULL AUTO_INCREMENT,
  `id_conta_corrente` int(11) NOT NULL,
  `data_emissao` date DEFAULT NULL,
  `historico` text,
  `numero_doc` text,
  `valor` decimal(8,2) DEFAULT NULL,
  `data_vencimento` date NOT NULL,
  `conta_caixa` int(11) DEFAULT NULL,
  `data_baixa` date DEFAULT NULL,
  `obs` text,
  `vazio` text,
  PRIMARY KEY (`id`)
) ENGINE=InnoDB  DEFAULT CHARSET=latin1 AUTO_INCREMENT=264 ;

--
-- Extraindo dados da tabela `cheques`
--

INSERT INTO `cheques` (`id`, `id_conta_corrente`, `data_emissao`, `historico`, `numero_doc`, `valor`, `data_vencimento`, `conta_caixa`, `data_baixa`, `obs`, `vazio`) VALUES
(44, 1, '2013-02-12', 'MAQUINA_DIVINO', '854136', 1200.00, '2013-02-13', 0, '2013-02-18', '', ''),
(45, 1, '2013-02-14', '???', '854137', 1.00, '2013-02-13', 0, '0000-00-00', '', ''),
(46, 1, '2013-03-14', 'DIVINO MAQUINA', '854138', 1200.00, '2013-03-14', 0, '0000-00-00', '', ''),
(47, 1, '2013-04-14', 'DIVINO MAQUINA', '854139', 1200.00, '2013-04-14', 0, '0000-00-00', '', ''),
(48, 1, '2013-05-14', 'DIVINO MAQUINA', '854140', 1200.00, '2013-05-14', 0, '0000-00-00', '', ''),
(49, 1, '2013-06-14', 'DIVINO MAQUINA', '854141', 1200.00, '2013-06-14', 0, '0000-00-00', '', ''),
(75, 1, '2012-11-09', 'PE?A_LANCHA', '854191', 556.00, '2012-11-09', 0, '0000-00-00', '', ''),
(97, 1, '2013-01-27', 'CARRETA LANCHA', '854207', 833.00, '2013-01-27', 0, '2013-01-01', '', ''),
(98, 1, '2013-02-27', 'CARRETA LANCHA', '854208', 833.00, '2013-02-27', 0, '2013-02-27', '', ''),
(104, 1, '2013-02-06', 'JOAO CERUTTI', '854214', 1100.00, '2013-02-06', 0, '2013-02-13', '', ''),
(113, 1, '2012-12-04', 'MATERIAL_MANGELS', '854217', 588.00, '2012-12-04', 0, '2012-12-10', '', ''),
(115, 1, '2012-12-05', 'LUIZ_LANCHA', '854219', 475.00, '2012-12-05', 0, '2012-12-06', '', ''),
(117, 1, '2012-12-05', 'RA??O', '854221', 67.00, '2012-12-05', 0, '2012-12-10', '', ''),
(119, 1, '2012-12-08', 'A?OUGUE', '854223', 305.49, '2012-12-08', 0, '2012-12-17', '', ''),
(120, 1, '2013-01-30', 'FABIO', '854224', 2000.00, '2013-01-30', 0, '2013-01-01', '', ''),
(121, 1, '2013-02-28', 'FABIO', '854225', 2000.00, '2013-02-28', 0, '2013-02-28', '', ''),
(122, 1, '2012-12-10', 'MAGNESITA_SUCATA', '854226', 300.00, '2012-12-11', 0, '2012-12-12', '', ''),
(124, 1, '2012-12-12', 'SUCATA_MAGNESITA', '854228', 270.00, '2012-12-12', 0, '2012-12-13', '', ''),
(125, 1, '2013-03-10', '1 10 SOFA', '854249', 449.70, '2013-03-10', 0, '2013-03-11', '', ''),
(127, 1, '2012-12-21', 'CANCELADO', '854230', 0.00, '2012-12-21', 0, '2012-12-21', '', ''),
(128, 1, '2012-12-17', 'FRETE_LIXO_', '854231', 400.00, '2012-12-17', 0, '2012-12-18', '', ''),
(129, 1, '2013-04-10', '2 10 SOFA', '854250', 449.70, '2013-04-10', 0, '0000-00-00', '', ''),
(130, 1, '2013-05-10', '3 10 SOFA', '854251', 449.70, '2013-05-10', 0, '0000-00-00', '', ''),
(131, 1, '2013-06-10', '4 70 SOFA', '854252', 449.70, '2013-06-10', 0, '0000-00-00', '', ''),
(132, 1, '2013-07-10', '5 10 SOFA', '854253', 449.70, '2013-07-10', 0, '0000-00-00', '', ''),
(133, 1, '2013-08-10', '6 10 SOFA', '854254', 449.70, '2013-08-10', 0, '0000-00-00', '', ''),
(134, 1, '2013-09-10', '7 10 SOFA', '854255', 449.70, '2013-09-10', 0, '0000-00-00', '', ''),
(135, 1, '2013-10-10', '8 10 SOFA', '854256', 449.70, '2013-10-10', 0, '0000-00-00', '', ''),
(136, 1, '2013-02-10', '10_10_SOFA', '854258', 449.70, '2013-12-10', 0, '0000-00-00', '', ''),
(137, 1, '2013-03-10', 'IMPERMIB SOFA', '854259', 208.00, '2013-03-10', 0, '2013-03-12', '', ''),
(138, 1, '2012-12-12', 'CONS_MICRO_ONDAS', '854260', 80.00, '2012-12-12', 0, '2012-12-14', '', ''),
(139, 1, '2013-11-01', '9_10_SOFA_', '854257', 449.70, '2013-11-10', 0, '0000-00-00', '', ''),
(144, 1, '2013-02-10', 'CONSERT LANCHA', '854236', 490.00, '2013-02-10', 0, '2013-01-01', '', ''),
(148, 1, '2013-02-09', 'EMBALAGENS PL?STICAS', '854240', 496.80, '2013-02-09', 0, '2013-02-13', '', ''),
(152, 1, '2013-02-10', 'FABIO', '854244', 2000.00, '2013-02-10', 0, '2013-02-13', '', ''),
(153, 1, '2013-03-10', 'FABIO', '854245', 2000.00, '2013-03-10', 0, '0000-00-00', '', ''),
(156, 1, '2013-01-25', 'FRETE MANGELS', '854248', 950.00, '2013-01-25', 0, '2013-01-01', '', ''),
(158, 1, '2013-01-11', 'CONDOM?NIO', '854262', 715.98, '2013-01-11', 0, '2013-01-01', '', ''),
(163, 1, '2013-02-16', '2/8 CORTINA', '854267', 254.00, '2013-02-16', 0, '2013-02-19', '', ''),
(164, 1, '2013-03-16', '3/8 CORTINA', '854268', 254.00, '2013-03-16', 0, '0000-00-00', '', ''),
(165, 1, '2013-04-16', '4/8 CORTINA', '854269', 254.00, '2013-04-16', 0, '0000-00-00', '', ''),
(166, 1, '2013-05-16', '5/8 CORTINA', '854270', 254.00, '2013-05-16', 0, '0000-00-00', '', ''),
(167, 1, '2013-06-16', '6/8 CORTINA', '854271', 254.00, '2013-06-16', 0, '0000-00-00', '', ''),
(168, 1, '2013-07-16', '7/8 CORTINA', '854272', 254.00, '2013-07-16', 0, '0000-00-00', '', ''),
(169, 1, '2013-08-16', '8/8 CORTINA', '854273', 254.00, '2013-08-16', 0, '0000-00-00', '', ''),
(175, 1, '2013-01-21', 'LAVAGEM TRITON', '854281', 70.00, '2013-01-21', 0, '2013-01-01', '', ''),
(176, 1, '2013-01-30', 'GAS', '854282', 816.00, '2013-01-30', 0, '2013-01-01', '', ''),
(177, 1, '2013-01-23', 'RAFAEL', '854274', 1808.00, '2013-01-23', 0, '2013-01-01', '', ''),
(178, 1, '2013-01-22', 'RADIOGRAFIA BIANCA', '854168', 40.00, '2013-01-22', 0, '2013-02-05', '', ''),
(179, 1, '2013-01-23', 'CONSERTO IMPRESSORA', '854283', 125.00, '2013-01-23', 0, '2013-02-08', '', ''),
(180, 1, '2013-01-24', 'CONS. MOTOR MAQ', '854284', 140.00, '2013-01-24', 0, '2013-01-01', '', ''),
(181, 1, '2013-01-25', 'EDUARDO FAC??O', '854285', 121.00, '2013-01-25', 0, '2013-01-01', '', ''),
(182, 1, '2013-01-26', '2/2 REFORMA SOF?', '854276', 195.00, '2013-01-26', 0, '2013-01-01', '', ''),
(183, 1, '2013-01-27', 'FRANGO', '854277', 67.00, '2013-01-27', 0, '2013-01-01', '', ''),
(184, 1, '2013-02-10', 'HONOR?RIO JOPHAL', '854278', 693.10, '2013-02-10', 0, '2013-02-15', '', ''),
(185, 1, '2013-02-15', 'LUVA CLEUSA', '854286', 425.00, '2013-02-15', 0, '2013-02-15', '', ''),
(186, 1, '2013-03-15', 'LUVA CLEUSA', '854287', 425.00, '2013-03-15', 0, '0000-00-00', '', ''),
(187, 1, '2013-01-26', 'HELV?CIO_', '854289', 208.66, '2013-01-26', 0, '2013-02-04', '', ''),
(188, 1, '2013-01-25', 'FRETE M?QUINA ', '854288', 200.00, '2013-01-25', 0, '2013-01-01', '', ''),
(189, 1, '2013-01-13', 'MAQUINA DIVINO', '854135', 1200.00, '2013-01-13', 0, '2013-01-01', '', ''),
(190, 1, '2013-01-10', 'FABIO', '854175', 2000.00, '2013-01-10', 0, '2013-01-01', '', ''),
(191, 1, '2013-01-05', 'ZE RODRIGUES', '854184', 750.00, '2013-01-05', 0, '2013-01-01', '', ''),
(192, 1, '2013-01-06', 'DIVINO', '854210', 650.00, '2013-01-06', 0, '2013-01-01', '', ''),
(193, 1, '2013-01-06', 'JOAO CERUTTI', '854213', 1100.00, '2013-01-06', 0, '2013-01-01', '', ''),
(194, 1, '2013-01-02', 'PAPELARIA', '854218', 158.00, '2013-01-02', 0, '2013-01-01', '', ''),
(195, 1, '2013-01-05', 'LUIZ LANCHA', '854220', 475.00, '2013-01-05', 0, '2013-01-01', '', ''),
(196, 1, '2013-01-12', 'MANGUEIRAS SITIO ', '854229', 430.00, '2013-01-12', 0, '2013-01-01', '', ''),
(197, 1, '2013-01-02', 'FRETE LANCHA', '854235', 90.00, '2013-01-02', 0, '2013-01-01', '', ''),
(198, 1, '2013-01-04', 'FAIXA', '854237', 106.00, '2013-01-04', 0, '2013-01-01', '', ''),
(199, 1, '2013-01-14', 'GAS', '854238', 988.00, '2013-01-14', 0, '2013-01-01', '', ''),
(200, 1, '2013-01-09', 'A?OUGUE GERSON', '854239', 178.00, '2013-01-09', 0, '2013-01-01', '', ''),
(201, 1, '2013-01-10', 'EDUARDO FACCAO', '854241', 110.00, '2013-01-10', 0, '2013-01-01', '', ''),
(202, 1, '2013-01-10', 'DESPACHANTE MOTO', '854242', 70.00, '2013-01-10', 0, '2013-01-01', '', ''),
(203, 1, '2013-01-10', 'FRETE LIXO', '854243', 200.00, '2013-01-10', 0, '2013-01-01', '', ''),
(204, 1, '2013-01-10', 'VALE NETO (MECANICO)', '854246', 70.00, '2013-01-10', 0, '2013-01-01', '', ''),
(205, 1, '2013-01-10', 'SUCATA MANGELS', '854247', 486.00, '2013-01-10', 0, '2013-01-01', '', ''),
(206, 1, '2013-01-14', 'DESPACHANTE JET BOAT', '854261', 350.00, '2013-01-14', 0, '2013-01-01', '', ''),
(207, 1, '2013-01-15', 'CONS MAQ PERCLORO', '854263', 180.00, '2013-01-15', 0, '2013-01-01', '', ''),
(208, 1, '2013-01-18', 'FRETE LIXO', '854264', 200.00, '2013-01-18', 0, '2013-01-01', '', ''),
(209, 1, '2013-01-19', 'RACAO PEIXE', '854265', 289.00, '2013-01-19', 0, '2013-01-01', '', ''),
(210, 1, '2013-01-19', 'PEIXE', '854266', 90.00, '2013-01-19', 0, '2013-01-01', '', ''),
(211, 1, '2013-01-08', '1/2 REF SOFA', '854165', 645.00, '2013-01-08', 0, '2013-01-01', '', ''),
(212, 1, '2013-01-10', 'JOPHAL', '854166', 1391.22, '2013-01-10', 0, '2013-01-01', '', ''),
(213, 1, '2013-01-14', 'REST SEG', '854167', 415.20, '2013-01-14', 0, '2013-01-01', '', ''),
(219, 1, '2013-01-26', '2/2_REFORMA_SOFA', '854275', 450.00, '2013-02-26', 0, '2013-01-28', '', ''),
(220, 1, '2013-02-08', 'REST SEGURA', '854279', 405.10, '2013-02-08', 0, '2013-02-15', '', ''),
(222, 1, '2013-02-07', 'SUCATA MANGELS', '854296', 458.00, '2013-02-07', 0, '2013-02-18', '', ''),
(223, 1, '2013-02-23', 'FRETE MANGELS', '854295', 950.00, '2013-02-23', 0, '2013-02-27', '', ''),
(224, 1, '2013-02-07', 'TRATOR', '854294', 100.00, '2013-02-07', 0, '2013-02-13', '', ''),
(225, 1, '2013-02-14', 'PEITE', '854293', 270.00, '2013-02-14', 0, '2013-02-15', '', ''),
(226, 1, '2013-03-07', 'TELA SITIO', '854292', 310.00, '2013-03-07', 0, '2013-03-07', '', ''),
(227, 1, '2013-02-04', 'FRETE LIXO', '854291', 200.00, '2013-02-04', 0, '2013-02-06', '', ''),
(228, 1, '2013-02-28', 'SABAO AZUL', '854290', 392.00, '2013-02-28', 0, '2013-03-05', '', ''),
(229, 1, '2013-02-07', 'CAPINA LOTE', '854297', 50.00, '2013-02-07', 0, '2013-02-19', '', ''),
(230, 1, '2013-03-08', 'LUVAS CLEUZA', '854298', 475.00, '2013-03-08', 0, '2013-03-08', '', ''),
(231, 1, '2013-02-10', 'BAR CELINHO', '854299', 68.00, '2013-02-10', 0, '2013-02-19', '', ''),
(232, 1, '2013-02-10', 'BAR ELV?CIO', '854300', 79.50, '2013-02-10', 0, '2013-02-14', '', ''),
(233, 1, '2013-03-15', 'ZE RODRIGUES', '854301', 375.00, '2013-03-15', 0, '2013-03-06', '', ''),
(234, 1, '2013-02-25', 'GAS', '854302', 1020.00, '2013-02-25', 0, '2013-02-25', '', ''),
(235, 1, '2013-02-17', 'ESCANINHO COLEGUIUM', '854280', 100.00, '2013-02-17', 0, '2013-03-04', '', ''),
(236, 1, '2012-12-24', 'LAVAGEM_CAMINHONETE', '854232', 90.00, '2012-12-24', 0, '2013-01-03', '', ''),
(237, 1, '2012-12-28', 'BAR_CRISTINA', '854233', 80.00, '2012-12-28', 0, '2013-01-02', '', ''),
(238, 1, '2012-12-29', 'ROBERTO_SITIO', '854234', 130.00, '2012-12-29', 0, '2013-01-02', '', ''),
(239, 1, '2013-02-19', 'POWER_MAX', '854303', 297.67, '2013-02-19', 0, '2013-02-20', '', ''),
(240, 1, '2013-03-21', '2/3 POWER MAX', '854304', 297.67, '2013-03-21', 0, '0000-00-00', '', ''),
(241, 1, '2013-04-19', '3/3 POWER MAX', '854305', 297.67, '2013-04-19', 0, '0000-00-00', '', ''),
(242, 1, '2013-03-20', 'STAMP LIGTH', '854306', 957.03, '2013-03-20', 0, '0000-00-00', '', ''),
(243, 1, '2013-04-20', '2/2 STAMP LIGTH', '854307', 957.03, '2013-04-20', 0, '0000-00-00', '', ''),
(244, 1, '2013-03-23', 'JOAO CERUTTI', '854308', 950.00, '2013-03-23', 0, '0000-00-00', '', ''),
(245, 1, '2013-04-21', '2/2 JOAO CERUTTI', '854309', 950.00, '2013-04-21', 0, '0000-00-00', '', ''),
(246, 1, '2013-02-22', 'STA MARCELINA REF 8/2/13', '854321', 1005.00, '2013-02-22', 0, '2013-02-25', '', ''),
(247, 1, '2013-02-22', 'HELV?CIO', '854318', 392.48, '2013-02-22', 0, '2013-03-01', '', ''),
(248, 1, '2013-02-22', 'FAIXA APTO CABRAL', '854317', 160.00, '2013-02-22', 0, '2013-02-28', '', ''),
(249, 1, '2013-02-23', 'ALINHAMENTO GRAN VIT', '854316', 30.00, '2013-02-23', 0, '2013-02-28', '', ''),
(250, 1, '2013-02-22', 'FAC??O_EDUARDO', '854315', 1722.50, '2013-04-22', 0, '0000-00-00', '', ''),
(251, 1, '2013-03-24', '2/2 FACCAO EDUARDO', '854314', 1772.50, '2013-03-24', 0, '0000-00-00', '', ''),
(252, 1, '2013-02-22', 'FRETE LIXO', '854313', 200.00, '2013-02-22', 0, '2013-02-26', '', ''),
(253, 1, '2013-04-15', 'FABIO', '854312', 2000.00, '2013-04-15', 0, '0000-00-00', '', ''),
(254, 1, '2013-03-28', 'FABIO', '854311', 2000.00, '2013-03-28', 0, '0000-00-00', '', ''),
(255, 1, '2013-02-21', 'CACHORRO ANANDA', '854310', 220.00, '2013-02-21', 0, '2013-02-25', '', ''),
(256, 1, '2013-02-27', 'LAVAGEM GRANVIT', '854319', 80.00, '2013-02-27', 0, '2013-03-01', '', ''),
(257, 1, '2013-03-01', 'LAVAJATO LANCHA E TRITON', '854320', 150.00, '2013-03-01', 0, '2013-03-04', '', ''),
(258, 1, '2013-03-05', 'FRT MADAP', '854341', 373.98, '2013-03-05', 0, '2013-03-07', '', ''),
(259, 1, '2013-03-05', 'REST SEGURA', '854342', 175.50, '2013-03-05', 0, '2013-03-12', '', ''),
(260, 1, '2013-03-10', 'JOPHAL', '854322', 699.20, '2013-03-10', 0, '2013-03-12', '', ''),
(261, 1, '2013-03-05', 'FRT MAGNESITA', '854343', 300.00, '2013-03-05', 0, '0000-00-00', '', ''),
(262, 1, '2013-05-05', 'STAMP LIGTH', '854344', 471.39, '2013-05-05', 0, '0000-00-00', '', ''),
(263, 1, '2013-04-05', 'STAMP LIGTH 1/2', '854345', 471.39, '2013-04-05', 0, '0000-00-00', '', '');

-- --------------------------------------------------------

--
-- Estrutura da tabela `contacaixa_grupos`
--

CREATE TABLE IF NOT EXISTS `contacaixa_grupos` (
  `id` int(11) NOT NULL AUTO_INCREMENT,
  `id_grafico` int(11) NOT NULL,
  `seg_grupo` int(11) NOT NULL,
  `conta_caixa` varchar(45) NOT NULL,
  PRIMARY KEY (`id`)
) ENGINE=InnoDB  DEFAULT CHARSET=latin1 AUTO_INCREMENT=946 ;

--
-- Extraindo dados da tabela `contacaixa_grupos`
--

INSERT INTO `contacaixa_grupos` (`id`, `id_grafico`, `seg_grupo`, `conta_caixa`) VALUES
(231, 8, 1, '1111110'),
(232, 8, 1, '1111120'),
(233, 8, 1, '1111130'),
(234, 8, 1, '1111200'),
(235, 8, 1, '1111300'),
(236, 8, 1, '1121110'),
(237, 8, 1, '1121120'),
(238, 8, 1, '1121130'),
(239, 8, 1, '1121200'),
(240, 8, 1, '1121300'),
(241, 8, 2, '2111100'),
(242, 8, 2, '2111400'),
(243, 8, 2, '2121100'),
(244, 8, 2, '2121400'),
(245, 8, 3, '2112110'),
(246, 8, 3, '2112120'),
(247, 8, 3, '2113510'),
(248, 8, 3, '2122110'),
(249, 8, 3, '2122120'),
(250, 8, 3, '2123510'),
(251, 8, 4, '2111200'),
(252, 8, 4, '2113310'),
(253, 8, 4, '2113320'),
(254, 8, 4, '2121200'),
(255, 8, 4, '2123310'),
(256, 8, 4, '2123320'),
(257, 8, 5, '2113410'),
(258, 8, 5, '2113420'),
(259, 8, 5, '2113430'),
(260, 8, 5, '2123410'),
(261, 8, 5, '2123420'),
(262, 8, 5, '2123430'),
(263, 8, 6, '2113110'),
(264, 8, 6, '2113120'),
(265, 8, 6, '2113130'),
(266, 8, 6, '2113140'),
(267, 8, 6, '2113200'),
(268, 8, 6, '2113610'),
(269, 8, 6, '2113620'),
(270, 8, 6, '2113630'),
(271, 8, 6, '2123110'),
(272, 8, 6, '2123120'),
(273, 8, 6, '2123130'),
(274, 8, 6, '2123140'),
(275, 8, 6, '2123200'),
(276, 8, 6, '2123610'),
(277, 8, 6, '2123620'),
(278, 8, 6, '2123630'),
(279, 8, 7, '2114210'),
(280, 8, 7, '2114220'),
(281, 8, 7, '2114300'),
(282, 8, 7, '2114410'),
(283, 8, 7, '2114510'),
(284, 8, 7, '2124210'),
(285, 8, 7, '2124220'),
(286, 8, 7, '2124300'),
(287, 8, 7, '2124410'),
(288, 8, 7, '2124420'),
(289, 8, 7, '2124510'),
(290, 8, 9, '2114110'),
(291, 8, 9, '2124110'),
(292, 8, 10, '2118100'),
(293, 8, 10, '2118200'),
(294, 8, 10, '2128100'),
(295, 8, 10, '2128200'),
(296, 8, 11, '2119110'),
(297, 8, 11, '2119120'),
(298, 8, 11, '2119130'),
(299, 8, 11, '2119140'),
(300, 8, 11, '2119150'),
(301, 8, 11, '2119160'),
(302, 8, 11, '2129110'),
(303, 8, 11, '2129120'),
(304, 8, 11, '2129130'),
(305, 8, 11, '2129140'),
(306, 8, 11, '2129150'),
(307, 8, 11, '2129160'),
(447, 8, 12, '2111000'),
(448, 8, 12, '2111100'),
(449, 8, 12, '2121000'),
(450, 8, 12, '2121100'),
(451, 8, 13, '2112000'),
(452, 8, 13, '2112100'),
(453, 8, 13, '2112110'),
(454, 8, 13, '2112120'),
(455, 8, 13, '2122000'),
(456, 8, 13, '2122100'),
(457, 8, 13, '2122110'),
(458, 8, 13, '2122120'),
(459, 12, 1, '1111000'),
(460, 12, 1, '1111100'),
(461, 12, 1, '1111110'),
(462, 12, 1, '1111120'),
(463, 12, 1, '1111130'),
(464, 12, 1, '1111300'),
(465, 12, 1, '1121000'),
(466, 12, 1, '1121100'),
(467, 12, 1, '1121110'),
(468, 12, 1, '1121120'),
(469, 12, 1, '1121130'),
(470, 12, 1, '1121200'),
(471, 12, 1, '1121300'),
(472, 8, 15, '2111000'),
(473, 8, 15, '2111100'),
(474, 8, 15, '2111200'),
(475, 8, 15, '2111300'),
(476, 8, 15, '2111400'),
(477, 8, 15, '2112000'),
(478, 8, 15, '2112100'),
(479, 8, 15, '2112110'),
(480, 8, 15, '2112120'),
(481, 8, 15, '2113000'),
(482, 8, 15, '2113100'),
(483, 8, 15, '2113110'),
(484, 8, 15, '2113120'),
(485, 8, 15, '2113130'),
(486, 8, 15, '2113140'),
(487, 8, 15, '2113200'),
(488, 8, 15, '2113300'),
(489, 8, 15, '2113310'),
(490, 8, 15, '2113320'),
(491, 8, 15, '2113330'),
(492, 8, 15, '2113400'),
(493, 8, 15, '2113410'),
(494, 8, 15, '2113420'),
(495, 8, 15, '2113430'),
(496, 8, 15, '2113500'),
(497, 8, 15, '2113510'),
(498, 8, 15, '2113600'),
(499, 8, 15, '2113610'),
(500, 8, 15, '2113620'),
(501, 8, 15, '2113630'),
(502, 8, 15, '2113640'),
(503, 8, 15, '2114000'),
(504, 8, 15, '2114100'),
(505, 8, 15, '2114110'),
(506, 8, 15, '2114200'),
(507, 8, 15, '2114210'),
(508, 8, 15, '2114220'),
(509, 8, 15, '2114300'),
(510, 8, 15, '2114400'),
(511, 8, 15, '2114410'),
(512, 8, 15, '2114420'),
(513, 8, 15, '2114500'),
(514, 8, 15, '2114510'),
(515, 8, 15, '2117000'),
(516, 8, 15, '2117100'),
(517, 8, 15, '2117200'),
(518, 8, 15, '2121000'),
(519, 8, 15, '2121100'),
(520, 8, 15, '2121200'),
(521, 8, 15, '2121300'),
(522, 8, 15, '2121400'),
(523, 8, 15, '2122000'),
(524, 8, 15, '2122100'),
(525, 8, 15, '2122110'),
(526, 8, 15, '2122120'),
(527, 8, 15, '2123000'),
(528, 8, 15, '2123100'),
(529, 8, 15, '2123110'),
(530, 8, 15, '2123120'),
(531, 8, 15, '2123130'),
(532, 8, 15, '2123140'),
(533, 8, 15, '2123200'),
(534, 8, 15, '2123300'),
(535, 8, 15, '2123310'),
(536, 8, 15, '2123320'),
(537, 8, 15, '2123330'),
(538, 8, 15, '2123400'),
(539, 8, 15, '2123410'),
(540, 8, 15, '2123420'),
(541, 8, 15, '2123430'),
(542, 8, 15, '2123500'),
(543, 8, 15, '2123510'),
(544, 8, 15, '2123600'),
(545, 8, 15, '2123610'),
(546, 8, 15, '2123620'),
(547, 8, 15, '2123630'),
(548, 8, 15, '2123640'),
(549, 8, 15, '2124000'),
(550, 8, 15, '2124100'),
(551, 8, 15, '2124110'),
(552, 8, 15, '2124200'),
(553, 8, 15, '2124210'),
(554, 8, 15, '2124220'),
(555, 8, 15, '2124300'),
(556, 8, 15, '2124400'),
(557, 8, 15, '2124410'),
(558, 8, 15, '2124420'),
(559, 8, 15, '2124500'),
(560, 8, 15, '2124510'),
(561, 8, 16, '2118000'),
(562, 8, 16, '2118100'),
(563, 8, 16, '2118200'),
(564, 8, 16, '2128000'),
(565, 8, 16, '2128100'),
(566, 8, 16, '2128200'),
(567, 8, 18, '2119100'),
(568, 8, 18, '2119110'),
(569, 8, 18, '2119120'),
(570, 8, 18, '2119130'),
(571, 8, 18, '2119140'),
(572, 8, 18, '2119150'),
(573, 8, 18, '2119160'),
(574, 8, 18, '2119200'),
(575, 8, 18, '2119210'),
(576, 8, 18, '2129000'),
(577, 8, 18, '2129100'),
(578, 8, 18, '2129110'),
(579, 8, 18, '2129120'),
(580, 8, 18, '2129130'),
(581, 8, 18, '2129140'),
(582, 8, 18, '2129150'),
(583, 8, 18, '2129160'),
(584, 8, 18, '2129200'),
(585, 8, 18, '2129210'),
(586, 12, 2, '2111000'),
(587, 12, 2, '2111100'),
(588, 12, 2, '2111200'),
(589, 12, 2, '2111300'),
(590, 12, 2, '2111400'),
(591, 12, 2, '2112000'),
(592, 12, 2, '2112100'),
(593, 12, 2, '2112110'),
(594, 12, 2, '2112120'),
(595, 12, 2, '2113000'),
(596, 12, 2, '2113100'),
(597, 12, 2, '2113110'),
(598, 12, 2, '2113120'),
(599, 12, 2, '2113130'),
(600, 12, 2, '2113140'),
(601, 12, 2, '2113200'),
(602, 12, 2, '2113300'),
(603, 12, 2, '2113310'),
(604, 12, 2, '2113320'),
(605, 12, 2, '2113330'),
(606, 12, 2, '2113400'),
(607, 12, 2, '2113410'),
(608, 12, 2, '2113420'),
(609, 12, 2, '2113430'),
(610, 12, 2, '2113500'),
(611, 12, 2, '2113510'),
(612, 12, 2, '2113600'),
(613, 12, 2, '2113610'),
(614, 12, 2, '2113620'),
(615, 12, 2, '2113630'),
(616, 12, 2, '2113640'),
(617, 12, 2, '2114000'),
(618, 12, 2, '2114100'),
(619, 12, 2, '2114110'),
(620, 12, 2, '2114200'),
(621, 12, 2, '2114210'),
(622, 12, 2, '2114220'),
(623, 12, 2, '2114300'),
(624, 12, 2, '2114400'),
(625, 12, 2, '2114410'),
(626, 12, 2, '2114420'),
(627, 12, 2, '2114500'),
(628, 12, 2, '2114510'),
(629, 12, 2, '2117000'),
(630, 12, 2, '2117100'),
(631, 12, 2, '2117200'),
(632, 12, 2, '2121000'),
(633, 12, 2, '2121100'),
(634, 12, 2, '2121200'),
(635, 12, 2, '2121300'),
(636, 12, 2, '2121400'),
(637, 12, 2, '2122000'),
(638, 12, 2, '2122100'),
(639, 12, 2, '2122110'),
(640, 12, 2, '2122120'),
(641, 12, 2, '2123000'),
(642, 12, 2, '2123100'),
(643, 12, 2, '2123110'),
(644, 12, 2, '2123120'),
(645, 12, 2, '2123130'),
(646, 12, 2, '2123140'),
(647, 12, 2, '2123200'),
(648, 12, 2, '2123300'),
(649, 12, 2, '2123310'),
(650, 12, 2, '2123320'),
(651, 12, 2, '2123330'),
(652, 12, 2, '2123400'),
(653, 12, 2, '2123410'),
(654, 12, 2, '2123420'),
(655, 12, 2, '2123430'),
(656, 12, 2, '2123500'),
(657, 12, 2, '2123510'),
(658, 12, 2, '2123600'),
(659, 12, 2, '2123610'),
(660, 12, 2, '2123620'),
(661, 12, 2, '2123630'),
(662, 12, 2, '2123640'),
(663, 12, 2, '2124000'),
(664, 12, 2, '2124100'),
(665, 12, 2, '2124110'),
(666, 12, 2, '2124200'),
(667, 12, 2, '2124210'),
(668, 12, 2, '2124220'),
(669, 12, 2, '2124300'),
(670, 12, 2, '2124400'),
(671, 12, 2, '2124410'),
(672, 12, 2, '2124420'),
(673, 12, 2, '2124500'),
(674, 12, 2, '2124510'),
(675, 12, 3, '2118000'),
(676, 12, 3, '2118100'),
(677, 12, 3, '2118200'),
(678, 12, 3, '2128000'),
(679, 12, 3, '2128100'),
(680, 12, 3, '2128200'),
(681, 8, 19, '2119100'),
(682, 8, 19, '2119110'),
(683, 8, 19, '2119120'),
(684, 8, 19, '2119130'),
(685, 8, 19, '2119140'),
(686, 8, 19, '2119150'),
(687, 8, 19, '2119160'),
(688, 8, 19, '2119200'),
(689, 8, 19, '2119210'),
(690, 8, 19, '2129000'),
(691, 8, 19, '2129100'),
(692, 8, 19, '2129110'),
(693, 8, 19, '2129120'),
(694, 8, 19, '2129130'),
(695, 8, 19, '2129140'),
(696, 8, 19, '2129150'),
(697, 8, 19, '2129160'),
(698, 8, 19, '2129200'),
(699, 8, 19, '2129210'),
(700, 8, 20, '2119100'),
(701, 8, 20, '2119110'),
(702, 8, 20, '2119120'),
(703, 8, 20, '2119130'),
(704, 8, 20, '2119140'),
(705, 8, 20, '2119150'),
(706, 8, 20, '2119160'),
(707, 8, 20, '2119200'),
(708, 8, 20, '2119210'),
(709, 8, 20, '2129000'),
(710, 8, 20, '2129100'),
(711, 8, 20, '2129110'),
(712, 8, 20, '2129120'),
(713, 8, 20, '2129130'),
(714, 8, 20, '2129140'),
(715, 8, 20, '2129150'),
(716, 8, 20, '2129160'),
(717, 8, 20, '2129200'),
(718, 8, 20, '2129210'),
(719, 12, 4, '2119100'),
(720, 12, 4, '2119110'),
(721, 12, 4, '2119120'),
(722, 12, 4, '2119130'),
(723, 12, 4, '2119140'),
(724, 12, 4, '2119150'),
(725, 12, 4, '2119160'),
(726, 12, 4, '2119200'),
(727, 12, 4, '2119210'),
(728, 12, 4, '2129000'),
(729, 12, 4, '2129100'),
(730, 12, 4, '2129110'),
(731, 12, 4, '2129120'),
(732, 12, 4, '2129130'),
(733, 12, 4, '2129140'),
(734, 12, 4, '2129150'),
(735, 12, 4, '2129160'),
(736, 12, 4, '2129200'),
(737, 12, 4, '2129210'),
(738, 13, 1, '1111000'),
(739, 13, 1, '1111100'),
(740, 13, 1, '1111110'),
(741, 13, 1, '1111120'),
(742, 13, 1, '1111130'),
(743, 13, 1, '1111200'),
(744, 13, 1, '1111300'),
(745, 13, 1, '1121000'),
(746, 13, 1, '1121100'),
(747, 13, 1, '1121110'),
(748, 13, 1, '1121120'),
(749, 13, 1, '1121130'),
(750, 13, 1, '1121200'),
(751, 13, 1, '1121300'),
(752, 13, 2, '2111000'),
(753, 13, 2, '2111100'),
(754, 13, 2, '2111300'),
(755, 13, 2, '2111400'),
(756, 13, 2, '2121000'),
(757, 13, 2, '2121100'),
(758, 13, 2, '2121300'),
(759, 13, 2, '2121400'),
(760, 13, 3, '2112000'),
(761, 13, 3, '2112100'),
(762, 13, 3, '2112110'),
(763, 13, 3, '2112120'),
(764, 13, 3, '2113500'),
(765, 13, 3, '2113510'),
(766, 13, 3, '2122000'),
(767, 13, 3, '2122100'),
(768, 13, 3, '2122110'),
(769, 13, 3, '2122120'),
(770, 13, 3, '2123500'),
(771, 13, 3, '2123510'),
(772, 13, 4, '2111200'),
(773, 13, 4, '2113300'),
(774, 13, 4, '2113310'),
(775, 13, 4, '2113320'),
(776, 13, 4, '2121200'),
(777, 13, 4, '2123300'),
(778, 13, 4, '2123310'),
(779, 13, 4, '2123320'),
(780, 13, 5, '2113400'),
(781, 13, 5, '2113410'),
(782, 13, 5, '2113420'),
(783, 13, 5, '2113430'),
(784, 13, 5, '2123400'),
(785, 13, 5, '2123410'),
(786, 13, 5, '2123420'),
(787, 13, 5, '2123430'),
(788, 13, 6, '2113000'),
(789, 13, 6, '2113100'),
(790, 13, 6, '2113110'),
(791, 13, 6, '2113120'),
(792, 13, 6, '2113130'),
(793, 13, 6, '2113140'),
(794, 13, 6, '2113200'),
(795, 13, 6, '2113600'),
(796, 13, 6, '2113610'),
(797, 13, 6, '2113620'),
(798, 13, 6, '2113630'),
(799, 13, 6, '2113640'),
(800, 13, 6, '2123000'),
(801, 13, 6, '2123100'),
(802, 13, 6, '2123110'),
(803, 13, 6, '2123120'),
(804, 13, 6, '2123130'),
(805, 13, 6, '2123140'),
(806, 13, 6, '2123200'),
(807, 13, 6, '2123600'),
(808, 13, 6, '2123610'),
(809, 13, 6, '2123620'),
(810, 13, 6, '2123630'),
(811, 13, 6, '2123640'),
(812, 13, 7, '2114000'),
(813, 13, 7, '2114100'),
(815, 13, 7, '2114200'),
(816, 13, 7, '2114210'),
(817, 13, 7, '2114220'),
(818, 13, 7, '2114300'),
(819, 13, 7, '2114400'),
(820, 13, 7, '2114410'),
(821, 13, 7, '2114420'),
(822, 13, 7, '2114500'),
(823, 13, 7, '2114510'),
(824, 13, 7, '2117000'),
(825, 13, 7, '2117100'),
(826, 13, 7, '2117200'),
(827, 13, 7, '2124000'),
(828, 13, 7, '2124100'),
(829, 12, 1, '1111200'),
(830, 13, 7, '2124200'),
(831, 13, 7, '2124210'),
(832, 13, 7, '2124220'),
(833, 13, 7, '2124300'),
(834, 13, 7, '2124400'),
(835, 13, 7, '2124410'),
(836, 13, 7, '2124420'),
(837, 13, 7, '2124500'),
(838, 13, 7, '2124510'),
(839, 13, 7, '2127000'),
(840, 13, 7, '2127100'),
(841, 13, 7, '2127200'),
(842, 13, 8, '2118000'),
(843, 13, 8, '2118100'),
(844, 13, 8, '2118200'),
(845, 13, 8, '2128000'),
(846, 13, 8, '2128100'),
(847, 13, 8, '2128200'),
(848, 13, 9, '2119100'),
(849, 13, 9, '2119110'),
(850, 13, 9, '2119120'),
(851, 13, 9, '2119130'),
(852, 13, 9, '2119150'),
(853, 13, 9, '2119160'),
(854, 13, 9, '2119200'),
(855, 13, 9, '2119210'),
(856, 13, 9, '2129000'),
(857, 13, 9, '2129100'),
(858, 13, 9, '2129110'),
(859, 13, 9, '2129120'),
(860, 13, 9, '2129130'),
(861, 13, 9, '2129140'),
(862, 13, 9, '2129150'),
(863, 13, 9, '2129160'),
(864, 13, 9, '2129200'),
(865, 13, 9, '2129210'),
(866, 14, 1, '1221000'),
(867, 14, 1, '1221100'),
(868, 14, 1, '1221200'),
(869, 14, 3, '2221000'),
(870, 14, 3, '2221100'),
(871, 14, 4, '2222000'),
(872, 14, 4, '2222100'),
(873, 14, 4, '2222200'),
(874, 14, 4, '2222300'),
(875, 14, 4, '2222310'),
(876, 14, 4, '2222320'),
(877, 14, 4, '2222400'),
(878, 14, 4, '2222500'),
(879, 14, 5, '2223000'),
(880, 14, 5, '2223100'),
(881, 14, 5, '2223200'),
(882, 14, 5, '2223300'),
(883, 14, 5, '2223400'),
(884, 14, 5, '2223500'),
(885, 14, 5, '2223600'),
(886, 14, 5, '2223700'),
(887, 14, 5, '2223710'),
(888, 14, 5, '2223720'),
(889, 14, 5, '2223730'),
(890, 14, 5, '2223800'),
(891, 14, 5, '2223810'),
(892, 14, 5, '2223820'),
(893, 14, 6, '2224000'),
(894, 14, 7, '2225000'),
(895, 14, 7, '2225100'),
(896, 14, 7, '2225200'),
(897, 14, 8, '2226000'),
(898, 14, 8, '2226100'),
(899, 14, 8, '2226110'),
(900, 14, 8, '2226120'),
(901, 14, 8, '2226130'),
(902, 14, 8, '2226140'),
(903, 14, 8, '2226150'),
(904, 14, 9, '2227000'),
(905, 14, 9, '2227100'),
(906, 15, 1, '1221000'),
(907, 15, 1, '1221100'),
(908, 15, 1, '1221200'),
(909, 15, 2, '2221000'),
(910, 15, 2, '2221100'),
(911, 15, 3, '2222100'),
(912, 15, 4, '2222200'),
(913, 15, 4, '2222300'),
(914, 15, 4, '2222310'),
(915, 15, 4, '2222320'),
(916, 15, 5, '2222400'),
(917, 15, 6, '2222500'),
(918, 15, 7, '2223100'),
(919, 15, 7, '2223200'),
(920, 15, 7, '2223300'),
(921, 15, 8, '2223400'),
(922, 15, 9, '2223500'),
(923, 15, 10, '2223600'),
(924, 15, 11, '2223700'),
(925, 15, 11, '2223710'),
(926, 15, 11, '2223720'),
(927, 15, 11, '2223730'),
(928, 15, 11, '2223800'),
(929, 15, 11, '2223810'),
(930, 15, 11, '2223820'),
(931, 15, 12, '2224000'),
(932, 15, 13, '2225000'),
(933, 15, 13, '2225100'),
(934, 15, 13, '2225200'),
(935, 15, 14, '2226000'),
(936, 15, 14, '2226100'),
(937, 15, 14, '2226110'),
(938, 15, 14, '2226120'),
(939, 15, 14, '2226130'),
(940, 15, 14, '2226140'),
(941, 15, 14, '2226150'),
(942, 15, 15, '2227000'),
(943, 15, 15, '2227100'),
(944, 13, 10, '2114110'),
(945, 13, 10, '2124110');

-- --------------------------------------------------------

--
-- Estrutura da tabela `conta_caixa`
--

CREATE TABLE IF NOT EXISTS `conta_caixa` (
  `id` int(11) NOT NULL AUTO_INCREMENT,
  `num_conta_caixa` int(6) NOT NULL,
  `descricao` text NOT NULL,
  PRIMARY KEY (`id`),
  UNIQUE KEY `num_conta_caixa` (`num_conta_caixa`)
) ENGINE=InnoDB  DEFAULT CHARSET=latin1 AUTO_INCREMENT=420 ;

--
-- Extraindo dados da tabela `conta_caixa`
--

INSERT INTO `conta_caixa` (`id`, `num_conta_caixa`, `descricao`) VALUES
(1, 0, 'SEM CONTA CAIXA'),
(2, 3100000, 'SALDO INICIAL'),
(3, 3200000, 'SALDO FINAL'),
(4, 1111000, 'RECEITAS OPERACIONAIS'),
(7, 1113000, 'RECURSOS FINANCEIROS'),
(15, 1121000, 'RECEITAS OPERACIONAIS'),
(18, 1123000, 'RECURSOS FINANCEIROS'),
(23, 1212000, 'RETORNO DE INVESTIMENTOS'),
(28, 1222000, 'RETORNO DE INVESTIMENTOS'),
(29, 1223000, 'RECURSOS FINANCEIROS'),
(30, 1310000, 'CONCILIACAO'),
(31, 1320000, 'CONCILIACAO'),
(132, 2211000, 'DESP RED ALTERNATIVAS'),
(137, 2226000, 'INVESTIMENTOS'),
(138, 2227000, 'OUTROS'),
(139, 2310000, 'CONCILIACAO'),
(140, 2320000, 'CONCILIACAO'),
(157, 2225000, 'FINANCEIRA'),
(158, 1112000, 'RETORNO DE INVESTIMENTO'),
(159, 1114000, 'OUTRAS ENTRADAS'),
(160, 1122000, 'RETORNO DE INVESTIMENTOS'),
(161, 1124000, 'OUTRAS ENTRADAS'),
(162, 1221000, 'RENDA PRINCIPAL(SAL/PRO LAB/RET)'),
(163, 2111000, 'IMPOSTOS'),
(164, 2112000, 'FORNECEDORES'),
(165, 2113000, 'PRODU&Ccedil;&Atilde;O'),
(166, 2114000, 'ADMINISTRA&Ccedil;&Atilde;O'),
(167, 2115000, '@LIVRE'),
(168, 2116000, '@LIVRE'),
(169, 2117000, 'OUTROS'),
(177, 2221000, 'IMPOSTOS'),
(178, 2222000, 'CONSUMO'),
(179, 2223000, 'PADR&Atilde;O'),
(180, 2224000, 'MANUTEN&Ccedil;&Atilde;O'),
(181, 1211000, 'RENDAS ALTERNATIVAS'),
(182, 1224000, 'OUTRAS ENTRADAS'),
(188, 1213000, 'RECURSOS FINANCEIROS'),
(189, 1214000, 'OUTRAS ENTRADAS'),
(190, 2212000, 'INVESTIMENTOS P/ NEG&Oacute;CIOS'),
(191, 2213000, 'FINANCEIRO'),
(192, 2214000, 'OUTROS'),
(193, 1121100, 'VENDA'),
(194, 1121200, 'SERVICO'),
(195, 1122100, 'VENDA PATRIMONIO'),
(196, 1111100, 'VENDA'),
(197, 1111200, 'SERVICO'),
(198, 1112100, 'VENDA PATRIMONIO'),
(199, 1112200, 'REND RESG CAPITAL'),
(200, 1113100, 'EMPRESTIMO CAP GIRO'),
(201, 1114100, 'DOACOES '),
(202, 1122200, 'REND RESG CAPITAL'),
(203, 1123100, 'EMPRESTIMO CAP GIRO'),
(204, 1124100, 'DOACOES'),
(205, 1211100, 'QUADRI '),
(206, 1211200, 'GP'),
(207, 1212100, 'ALUGUEIS '),
(208, 1213100, 'EMPRESTIMOS P NEGOCIOS PF'),
(209, 1221100, 'PRO LABORE KR'),
(210, 1221200, 'RETIRADA DA SEGURA '),
(211, 1222100, 'VENDA PATRIMONIO'),
(212, 1223100, 'EMPRESTIMOS P FAMILIA'),
(213, 1224100, 'DISTRIBUICAO DE LUCRO'),
(214, 1224200, 'DOACOES '),
(215, 2111100, 'IMP S FATURAMENTO'),
(216, 2111200, 'IMP S MO'),
(217, 2111300, 'IMP S PATRIMONIO'),
(218, 2112100, 'MERCADORIAS'),
(221, 2113100, 'HIGIENIZACAO'),
(222, 2113200, 'REPARACAO E EMBALAGENS'),
(223, 2113300, 'M.O.'),
(224, 2113400, 'M.O. TERCEIRIZADA'),
(225, 2113500, 'FRETES'),
(226, 2113600, 'DESTINACAO RESIDUOS'),
(230, 2114100, 'INFRAESTRUTURA '),
(231, 2114200, 'COMUNICACAO E MARKETING'),
(232, 2114300, 'TRANSPORTE COMBUSTIVEL'),
(233, 2114400, 'MATERIAS '),
(234, 2114500, 'SERV TERCEIROS '),
(235, 2119100, 'PATRIMONIAL'),
(236, 2119200, 'QUALITATIVO'),
(237, 2116100, 'PATRIMONIAL'),
(239, 2117100, 'DOACOES'),
(240, 2117200, 'OUTROS'),
(262, 2211100, 'QUADRI'),
(263, 2211200, 'GP'),
(264, 2212100, 'AQUISICAO IMOVEIS P ALG'),
(265, 2213100, 'ENCARGOS E TARIGAS BANC'),
(266, 2213200, 'EMPRESTIMOS P NEG PF'),
(267, 2221100, 'IR IPTU IPVA'),
(268, 2222100, 'ALIMENT HIGIENE '),
(269, 2222200, 'AG LUZ GAS'),
(270, 2222300, 'COMUNICACAO'),
(271, 2222400, 'TRANSP COMBUST'),
(272, 2222500, 'VESTUARIO'),
(273, 2223100, 'SAUDE'),
(274, 2223200, 'ESCOLA'),
(275, 2223300, 'MO E ENCARGOS '),
(276, 2223400, 'SITIO'),
(277, 2223500, 'ATIVIDADES EXTRAS'),
(278, 2223600, 'LAZER E CULTURA '),
(279, 2223700, 'MESADAS '),
(280, 2225100, 'ENCARGOS E TARIFAS BANC'),
(281, 2225200, 'EMPRESTIMOS P FAMILIA'),
(282, 2226100, 'PATRIMONIAL'),
(283, 2227100, 'DOACOES '),
(284, 1111110, 'MATERIAL_NOVO'),
(285, 1111120, 'MATERIAL USADO'),
(286, 1111130, 'DESCARTE'),
(287, 1121110, 'MATERIAL NOVO'),
(288, 1121120, 'MATERIAL USADO'),
(289, 1121130, 'DESCARTE'),
(290, 2112110, 'NOVOS, FAC&Ccedil;&Aacute;O'),
(291, 2112120, 'SUCATA'),
(292, 2113110, 'PRODUTO LIMPEZA'),
(293, 2113120, 'AGUA'),
(294, 2113130, 'LUZ'),
(295, 2113140, 'GAS'),
(302, 2113910, 'SUCATA CLIENTE'),
(303, 2114110, 'MANUTECAO E ME'),
(304, 2114210, 'TEL CEL INTERNE'),
(305, 2114220, 'DIVULGACAO ANUN'),
(306, 2114410, 'MAT ESCRITORIO'),
(307, 2114420, 'MAT LIMP ALIMEN'),
(308, 2114510, 'PROW POWMX CSIT'),
(309, 2119110, 'IMOVEIS'),
(310, 2119130, 'MAQUINAS'),
(315, 2121000, 'IMPOSTOS'),
(316, 2121100, 'S FATURAMENTO'),
(317, 2121200, 'S MO'),
(318, 2121300, 'S PATRIMONIO'),
(319, 2122000, 'FORNECEDORES'),
(320, 2122100, 'MERCADORIAS'),
(321, 2122110, 'NOVOS, FAC&Ccedil;&Aacute;O'),
(322, 2122120, 'SUCATA'),
(323, 2123000, 'PRODU&Ccedil;&Atilde;O'),
(324, 2123100, 'HIGIENIZACAO'),
(325, 2123110, 'PRODUTO LIMPEZA'),
(326, 2123120, 'AGUA'),
(327, 2123130, 'LUZ'),
(328, 2123140, 'GAS'),
(329, 2123200, 'REPARACAO E EMBALAGENS'),
(330, 2123300, 'M.O.'),
(331, 2123400, 'M.O. TERCEIRIZADA'),
(332, 2123500, 'FRETES'),
(333, 2123600, 'DESTINACAO RESIDUOS'),
(334, 2123910, 'SUCATA CLIENTE'),
(335, 2124000, 'ADMINISTRA&Ccedil;&Atilde;O'),
(336, 2124100, 'INFRAESTRUTURA '),
(337, 2124110, 'MANUTECAO E ME'),
(338, 2124200, 'COMUNICACAO E MARKETING'),
(339, 2124210, 'TEL CEL INTERNE'),
(340, 2124220, 'DIVULGACAO ANUN'),
(341, 2124300, 'TRANSPORTE COMBUSTIVEL'),
(342, 2124400, 'MATERIAS '),
(343, 2124410, 'MAT ESCRITORIO'),
(344, 2124420, 'MAT LIMP ALIMEN'),
(345, 2124500, 'SERV TERCEIROS '),
(346, 2124510, 'JOPHAL CONSTRUSITE'),
(347, 2128000, 'FINANCEIRO'),
(348, 2128100, 'ENCARGOS E TARIFAS BANC'),
(349, 2128200, 'EMPRESTIMOS E CAP GIRO'),
(350, 2129000, 'INVESTIMENTO'),
(351, 2129100, 'PATRIMONIAL'),
(352, 2129120, 'VEICULOS'),
(353, 2129130, 'MAQUINAS'),
(354, 2129140, 'EQUIP MOV UTENS'),
(355, 2129150, 'RESERVA CAPITAL'),
(356, 2129160, 'SEGUROS'),
(357, 2129200, 'QUALITATIVO '),
(358, 2129210, 'TREINAMENTO CONSULTORIA'),
(359, 2127000, 'OUTROS'),
(360, 2127100, 'DOACOES'),
(361, 2127200, 'OUTROS'),
(362, 2113310, 'SALARIOS'),
(363, 2113320, 'PROVISOES'),
(364, 2113330, 'FER DT AC PRES'),
(365, 2113410, 'TRANSP COL ENT'),
(366, 2113420, 'COSTUREIRA'),
(367, 2113430, 'FAXINA CHAPA ET'),
(368, 2113510, 'FRT SUC/CLIENTE/FORNECEDOR'),
(369, 2113610, 'ETE'),
(370, 2113620, 'LIXO'),
(371, 2113630, 'DESNTUP INSINER'),
(372, 2111400, 'TX E IMP DIVERSOS'),
(373, 2226110, 'IMOVEIS'),
(374, 2226120, 'VEICULOS'),
(375, 2226130, 'EQUIP E MOVEIS'),
(376, 2226140, 'RESERVA CAP'),
(377, 2226150, 'SEGUROS'),
(378, 2121400, 'TX IMP DIVERSOS'),
(379, 2123310, 'SALARIOS'),
(380, 2123320, 'PROVISOES'),
(381, 2123330, 'FER DT AC PRES'),
(382, 2123410, 'TRANSP COL ENT'),
(383, 2123420, 'COSTUREIRA'),
(384, 2123430, 'FAX CHAPA VENDEDOR'),
(385, 2123510, 'FRT SUCAT CLIEN'),
(386, 2123610, 'ETE'),
(387, 2123620, 'LIXO E FRT LIXO'),
(388, 2123630, 'DESNTUP INSINER'),
(389, 1111300, 'MISTO VENDA E SERVICO'),
(390, 1121300, 'MISTO VENDA E SERVICO'),
(391, 2222310, 'TEL CEL INT'),
(392, 2222320, 'ANUNCIOS CORREIOS'),
(393, 2223710, 'MESADA ANANDA'),
(394, 2223720, 'MESADA IGOR'),
(395, 2223730, 'MESADA BIANCA'),
(396, 2124600, 'SOCIOS'),
(397, 2124610, 'PRO LABORE'),
(398, 2124620, 'RETIRADA'),
(399, 2124630, 'DISTRIBUICAO DE LUCROS'),
(400, 2223800, 'PESSOAL KR'),
(401, 2223810, 'RONALDO'),
(402, 2223820, 'KATIA'),
(403, 2125000, '@LIVRE'),
(404, 2126000, '@LIVRE'),
(405, 2119210, 'TREINAMENTO CONSULTORIA'),
(407, 2118100, 'ENCARGOS E TARIFAS BANC'),
(408, 2118000, 'FINANCEIRO'),
(409, 2118200, 'EMPRESTIMOS E CAP GIRO'),
(410, 2119120, 'VEICULOS'),
(411, 2119140, 'EQUIPAMENTO E MOVEIS'),
(412, 2119150, 'RESERVA CAPITAL'),
(415, 2119160, 'SEGUROS'),
(417, 2129110, 'IMOVEIS'),
(418, 2113640, 'INSINERACAO'),
(419, 2123640, 'INSINERACAO');

-- --------------------------------------------------------

--
-- Estrutura da tabela `conta_corrente`
--

CREATE TABLE IF NOT EXISTS `conta_corrente` (
  `id` int(11) NOT NULL AUTO_INCREMENT,
  `id_tconta` int(11) NOT NULL,
  `numero_conta` text,
  `descricao` text,
  `obs` text,
  `vazio` text,
  PRIMARY KEY (`id`)
) ENGINE=InnoDB  DEFAULT CHARSET=latin1 AUTO_INCREMENT=15 ;

--
-- Extraindo dados da tabela `conta_corrente`
--

INSERT INTO `conta_corrente` (`id`, `id_tconta`, `numero_conta`, `descricao`, `obs`, `vazio`) VALUES
(1, 1, '79480-5', 'BB SEGURA', 'BBS', ''),
(2, 2, '26698-1', 'BB KATIA', 'BBK', ''),
(3, 2, '38585-9', 'BB RONALDO', 'BBR', ''),
(4, 3, '026698-1', 'POUP KATIA', 'PPK', ''),
(5, 3, '038585-9', 'POUP RONALDO', 'PPR', ''),
(6, 4, '4791-1', 'ITAU', 'ITA', ''),
(7, 5, '51272-9', 'BRADESCO', 'BRD', ''),
(8, 6, '', 'CAIXA SEGURA', 'CXS', ''),
(9, 7, '', 'VISA K', 'VSK', ''),
(10, 8, '', 'ITAUCARD', 'ITC', ''),
(11, 7, '', 'VISA R', 'VSR', ''),
(12, 7, '', 'MASTER K', 'MTK', ''),
(13, 7, '', 'MASTER R', 'MTR', ''),
(14, 6, '', 'CAIXA PRODUCAO', 'CXP', '');

-- --------------------------------------------------------

--
-- Estrutura da tabela `dre_ajustes`
--

CREATE TABLE IF NOT EXISTS `dre_ajustes` (
  `id` int(11) NOT NULL AUTO_INCREMENT,
  `data_dre` date DEFAULT NULL,
  `contacaixa` int(7) DEFAULT NULL,
  `descricao` text,
  `valor` decimal(8,2) DEFAULT NULL,
  `valor_retira` decimal(8,2) DEFAULT NULL,
  `valor_inclui` decimal(8,2) DEFAULT NULL,
  `soma_valor_ajuste` decimal(8,2) DEFAULT NULL,
  `valor_mensal` decimal(8,2) DEFAULT NULL,
  `soma_valor_mensal` decimal(8,2) DEFAULT NULL,
  PRIMARY KEY (`id`)
) ENGINE=InnoDB  DEFAULT CHARSET=latin1 AUTO_INCREMENT=14613 ;

--
-- Extraindo dados da tabela `dre_ajustes`
--

INSERT INTO `dre_ajustes` (`id`, `data_dre`, `contacaixa`, `descricao`, `valor`, `valor_retira`, `valor_inclui`, `soma_valor_ajuste`, `valor_mensal`, `soma_valor_mensal`) VALUES
(14556, '2013-03-01', 0, 'SEM CONTA CAIXA', 169.16, 0.00, 0.00, 169.16, 169.16, 0.00),
(14557, '2013-03-01', 1111120, 'MATERIAL USADO', 1160.00, 0.00, 0.00, 1160.00, 0.00, 1160.00),
(14558, '2013-03-01', 1111200, 'SERVICO', 1259.32, 0.00, 0.00, 1259.32, 0.00, 1259.32),
(14559, '2013-03-01', 1111300, 'MISTO VENDA E SERVICO', 22941.05, 0.00, 0.00, 22941.05, 0.00, 22941.05),
(14560, '2013-03-01', 1121120, 'MATERIAL USADO', 1389.00, 0.00, 0.00, 1389.00, 0.00, 1389.00),
(14561, '2013-03-01', 1121130, 'DESCARTE', 10.00, 0.00, 0.00, 10.00, 0.00, 10.00),
(14562, '2013-03-01', 1310000, 'CONCILIACAO', 35924.27, 0.00, 0.00, 35924.27, 0.00, 35924.27),
(14563, '2013-03-01', 1320000, 'CONCILIACAO', 910.00, 0.00, 0.00, 910.00, 0.00, 910.00),
(14564, '2013-03-01', 2111200, 'IMP S MO', -643.55, 64.36, 0.00, -707.91, 0.00, -707.91),
(14565, '2013-03-01', 2112120, 'SUCATA', -399.00, 0.00, 0.00, -399.00, 0.00, -399.00),
(14566, '2013-03-01', 2113310, 'SALARIOS', -8430.85, 0.00, 0.00, -8430.85, 0.00, -8430.85),
(14567, '2013-03-01', 2113320, 'PROVISOES', -1000.00, 0.00, 0.00, -1000.00, 0.00, -1000.00),
(14568, '2013-03-01', 2113330, 'FER DT AC PRES', -5391.56, 0.00, 0.00, -5391.56, 0.00, -5391.56),
(14569, '2013-03-01', 2113510, 'FRT SUC/CLIENTE/FORNECEDOR', -188.29, 0.00, 0.00, -188.29, 0.00, -188.29),
(14570, '2013-03-01', 2113610, 'ETE', -520.00, 0.00, 0.00, -520.00, 0.00, -520.00),
(14571, '2013-03-01', 2114220, 'DIVULGACAO ANUN', -113.47, 0.00, 0.00, -113.47, 0.00, -113.47),
(14572, '2013-03-01', 2114510, 'PROW POWMX CSIT', -201.06, 0.00, 0.00, -201.06, 0.00, -201.06),
(14573, '2013-03-01', 2118100, 'ENCARGOS E TARIFAS BANC', -3457.75, 0.00, 0.00, -3457.75, 0.00, -3457.75),
(14574, '2013-03-01', 2118200, 'EMPRESTIMOS E CAP GIRO', -3288.03, 0.00, 0.00, -3288.03, 0.00, -3288.03),
(14575, '2013-03-01', 2121300, 'S PATRIMONIO', -212.58, 0.00, 0.00, -212.58, 0.00, -212.58),
(14576, '2013-03-01', 2121400, 'TX IMP DIVERSOS', -155.00, 0.00, 0.00, -155.00, 0.00, -155.00),
(14577, '2013-03-01', 2122120, 'SUCATA', -850.00, 0.00, 0.00, -850.00, 0.00, -850.00),
(14578, '2013-03-01', 2123110, 'PRODUTO LIMPEZA', -392.00, 0.00, 0.00, -392.00, 0.00, -392.00),
(14579, '2013-03-01', 2123200, 'REPARACAO E EMBALAGENS', -236.67, 0.00, 0.00, -236.67, 0.00, -236.67),
(14580, '2013-03-01', 2123310, 'SALARIOS', -310.00, 0.00, 0.00, -310.00, 0.00, -310.00),
(14581, '2013-03-01', 2123410, 'TRANSP COL ENT', -1519.88, 0.00, 0.00, -1519.88, 0.00, -1519.88),
(14582, '2013-03-01', 2123510, 'FRT SUCAT CLIEN', -673.98, 0.00, 0.00, -673.98, 0.00, -673.98),
(14583, '2013-03-01', 2124110, 'MANUTECAO E ME', -950.65, 0.00, 0.00, -950.65, 0.00, -950.65),
(14584, '2013-03-01', 2124410, 'MAT ESCRITORIO', -55.52, 0.00, 0.00, -55.52, 0.00, -55.52),
(14585, '2013-03-01', 2124420, 'MAT LIMP ALIMEN', -406.91, 0.00, 0.00, -406.91, 0.00, -406.91),
(14586, '2013-03-01', 2124510, 'JOPHAL CONSTRUSITE', -699.20, 0.00, 0.00, -699.20, 0.00, -699.20),
(14587, '2013-03-01', 2128100, 'ENCARGOS E TARIFAS BANC', -702.75, 0.00, 0.00, -702.75, 0.00, -702.75),
(14588, '2013-03-01', 2128200, 'EMPRESTIMOS E CAP GIRO', -258.39, 0.00, 0.00, -258.39, 0.00, -258.39),
(14589, '2013-03-01', 2222100, 'ALIMENT HIGIENE ', -214.89, 0.00, 0.00, -214.89, 0.00, -214.89),
(14590, '2013-03-01', 2222310, 'TEL CEL INT', 41.02, 0.00, 0.00, 41.02, 0.00, 41.02),
(14591, '2013-03-01', 2222320, 'ANUNCIOS CORREIOS', -259.23, 0.00, 0.00, -259.23, 0.00, -259.23),
(14592, '2013-03-01', 2222400, 'TRANSP COMBUST', -1696.17, 848.09, 0.00, -2544.26, 0.00, -2544.26),
(14593, '2013-03-01', 2222500, 'VESTUARIO', -178.34, 0.00, 0.00, -178.34, 0.00, -178.34),
(14594, '2013-03-01', 2223100, 'SAUDE', -194.00, 1300.00, 0.00, -1494.00, 0.00, -1494.00),
(14595, '2013-03-01', 2223200, 'ESCOLA', -3091.60, 0.00, 0.00, -3091.60, 0.00, -3091.60),
(14596, '2013-03-01', 2223400, 'SITIO', -1668.62, 0.00, 0.00, -1668.62, 0.00, -1668.62),
(14597, '2013-03-01', 2223500, 'ATIVIDADES EXTRAS', -110.00, 0.00, 0.00, -110.00, 0.00, -110.00),
(14598, '2013-03-01', 2223600, 'LAZER E CULTURA ', -1053.86, 0.00, 0.00, -1053.86, 0.00, -1053.86),
(14599, '2013-03-01', 2223710, 'MESADA ANANDA', -400.00, 0.00, 0.00, -400.00, 0.00, -400.00),
(14600, '2013-03-01', 2223720, 'MESADA IGOR', -200.00, 0.00, 0.00, -200.00, 0.00, -200.00),
(14601, '2013-03-01', 2223730, 'MESADA BIANCA', -182.99, 0.00, 0.00, -182.99, 0.00, -182.99),
(14602, '2013-03-01', 2223810, 'RONALDO', -380.00, 0.00, 0.00, -380.00, 0.00, -380.00),
(14603, '2013-03-01', 2223820, 'KATIA', -20.00, 0.00, 0.00, -20.00, 0.00, -20.00),
(14604, '2013-03-01', 2224000, 'MANUTEN&Ccedil;&Atilde;O', -2560.03, 0.00, 0.00, -2560.03, 0.00, -2560.03),
(14605, '2013-03-01', 2225100, 'ENCARGOS E TARIFAS BANC', -343.16, 0.00, 0.00, -343.16, 0.00, -343.16),
(14606, '2013-03-01', 2226120, 'VEICULOS', -647.90, 0.00, 0.00, -647.90, 0.00, -647.90),
(14607, '2013-03-01', 2226150, 'SEGUROS', -491.13, 0.00, 0.00, -491.13, 0.00, -491.13),
(14608, '2013-03-01', 2227100, 'DOACOES ', -25.00, 0.00, 1300.00, 1275.00, 0.00, 1275.00),
(14609, '2013-03-01', 2310000, 'CONCILIACAO', -35924.27, 0.00, 0.00, -35924.27, 35924.27, 0.00),
(14610, '2013-03-01', 3100000, 'SALDO INICIAL', -937.15, 0.00, 0.00, -937.15, 0.00, -937.15),
(14611, '2013-03-01', 2124300, 'TRANSPORTE_COMBUSTIVEL', 0.00, 0.00, 848.09, 848.09, 0.00, 848.09),
(14612, '2013-03-01', 2223300, 'MO_E_ENCARGOS_', 0.00, 0.00, 64.36, 64.36, 0.00, 64.36);

-- --------------------------------------------------------

--
-- Estrutura da tabela `eventual_lancado`
--

CREATE TABLE IF NOT EXISTS `eventual_lancado` (
  `id` int(11) NOT NULL AUTO_INCREMENT,
  `data` date DEFAULT NULL,
  `cx_retira` int(6) NOT NULL,
  `descricao_cx_ret` text NOT NULL,
  `valor` decimal(8,2) DEFAULT NULL,
  PRIMARY KEY (`id`)
) ENGINE=InnoDB  DEFAULT CHARSET=latin1 AUTO_INCREMENT=2349 ;

--
-- Extraindo dados da tabela `eventual_lancado`
--

INSERT INTO `eventual_lancado` (`id`, `data`, `cx_retira`, `descricao_cx_ret`, `valor`) VALUES
(2096, '2013-02-01', 1111200, '', 3874.27),
(2097, '2013-02-01', 1111300, '', 0.00),
(2098, '2013-02-01', 1113100, '', 0.00),
(2099, '2013-02-01', 1121120, '', 0.00),
(2100, '2013-02-01', 1121200, '', 0.00),
(2101, '2013-02-01', 1121300, '', 0.00),
(2102, '2013-02-01', 1122200, '', 0.00),
(2103, '2013-02-01', 1211200, '', 0.00),
(2104, '2013-02-01', 1221200, '', 0.00),
(2105, '2013-02-01', 1222100, '', 0.00),
(2106, '2013-02-01', 1310000, '', 0.00),
(2107, '2013-02-01', 2111100, '', 0.00),
(2108, '2013-02-01', 2111200, '', 0.00),
(2109, '2013-02-01', 2112110, '', 0.00),
(2110, '2013-02-01', 2112120, '', 0.00),
(2111, '2013-02-01', 2113110, '', 0.00),
(2112, '2013-02-01', 2113120, '', 0.00),
(2113, '2013-02-01', 2113130, '', 0.00),
(2114, '2013-02-01', 2113200, '', 0.00),
(2115, '2013-02-01', 2113310, '', 0.00),
(2116, '2013-02-01', 2113320, '', 0.00),
(2117, '2013-02-01', 2113330, '', 0.00),
(2118, '2013-02-01', 2113510, '', 0.00),
(2119, '2013-02-01', 2113610, '', 0.00),
(2120, '2013-02-01', 2113620, '', 0.00),
(2121, '2013-02-01', 2114210, '', 0.00),
(2122, '2013-02-01', 2114220, '', 0.00),
(2123, '2013-02-01', 2114510, '', 0.00),
(2124, '2013-02-01', 2118100, '', 0.00),
(2125, '2013-02-01', 2118200, '', 0.00),
(2126, '2013-02-01', 2119130, '', 0.00),
(2127, '2013-02-01', 2121300, '', 0.00),
(2128, '2013-02-01', 2122120, '', 0.00),
(2129, '2013-02-01', 2123110, '', 0.00),
(2130, '2013-02-01', 2123140, '', 0.00),
(2131, '2013-02-01', 2123200, '', 0.00),
(2132, '2013-02-01', 2123310, '', 0.00),
(2133, '2013-02-01', 2123410, '', 0.00),
(2134, '2013-02-01', 2123430, '', 0.00),
(2135, '2013-02-01', 2123510, '', 0.00),
(2136, '2013-02-01', 2123620, '', 0.00),
(2137, '2013-02-01', 2124110, '', 0.00),
(2138, '2013-02-01', 2124220, '', 0.00),
(2139, '2013-02-01', 2124300, '', 0.00),
(2140, '2013-02-01', 2124420, '', 0.00),
(2141, '2013-02-01', 2124510, '', 0.00),
(2142, '2013-02-01', 2124620, '', 0.00),
(2143, '2013-02-01', 2128100, '', 0.00),
(2144, '2013-02-01', 2128200, '', 0.00),
(2145, '2013-02-01', 2129130, '', 0.00),
(2146, '2013-02-01', 2211200, '', 0.00),
(2147, '2013-02-01', 2221100, '', 0.00),
(2148, '2013-02-01', 2222100, '', 0.00),
(2149, '2013-02-01', 2222200, '', 0.00),
(2150, '2013-02-01', 2222300, '', 0.00),
(2151, '2013-02-01', 2222310, '', 0.00),
(2152, '2013-02-01', 2222320, '', 0.00),
(2153, '2013-02-01', 2222400, '', 0.00),
(2154, '2013-02-01', 2222500, '', 0.00),
(2155, '2013-02-01', 2223100, '', 0.00),
(2156, '2013-02-01', 2223200, '', 0.00),
(2157, '2013-02-01', 2223300, '', 0.00),
(2158, '2013-02-01', 2223400, '', 0.00),
(2159, '2013-02-01', 2223500, '', 0.00),
(2160, '2013-02-01', 2223600, '', 0.00),
(2161, '2013-02-01', 2223710, '', 0.00),
(2162, '2013-02-01', 2223720, '', 0.00),
(2163, '2013-02-01', 2223730, '', 0.00),
(2164, '2013-02-01', 2223810, '', 0.00),
(2165, '2013-02-01', 2223820, '', 0.00),
(2166, '2013-02-01', 2224000, '', 0.00),
(2167, '2013-02-01', 2225100, '', 0.00),
(2168, '2013-02-01', 2226110, '', 0.00),
(2169, '2013-02-01', 2226120, '', 0.00),
(2170, '2013-02-01', 2226130, '', 0.00),
(2171, '2013-02-01', 2226140, '', 0.00),
(2172, '2013-02-01', 2226150, '', 0.00),
(2173, '2013-02-01', 2227100, '', 0.00),
(2174, '2013-02-01', 2310000, '', 372362.96),
(2175, '2013-02-01', 3100000, '', 0.00),
(2292, '2013-03-01', 0, '', 169.16),
(2293, '2013-03-01', 1111120, '', 0.00),
(2294, '2013-03-01', 1111200, '', 0.00),
(2295, '2013-03-01', 1111300, '', 0.00),
(2296, '2013-03-01', 1121120, '', 0.00),
(2297, '2013-03-01', 1121130, '', 0.00),
(2298, '2013-03-01', 1310000, '', 0.00),
(2299, '2013-03-01', 1320000, '', 0.00),
(2300, '2013-03-01', 2111200, '', 0.00),
(2301, '2013-03-01', 2112120, '', 0.00),
(2302, '2013-03-01', 2113310, '', 0.00),
(2303, '2013-03-01', 2113320, '', 0.00),
(2304, '2013-03-01', 2113330, '', 0.00),
(2305, '2013-03-01', 2113510, '', 0.00),
(2306, '2013-03-01', 2113610, '', 0.00),
(2307, '2013-03-01', 2114220, '', 0.00),
(2308, '2013-03-01', 2114510, '', 0.00),
(2309, '2013-03-01', 2118100, '', 0.00),
(2310, '2013-03-01', 2118200, '', 0.00),
(2311, '2013-03-01', 2121300, '', 0.00),
(2312, '2013-03-01', 2121400, '', 0.00),
(2313, '2013-03-01', 2122120, '', 0.00),
(2314, '2013-03-01', 2123110, '', 0.00),
(2315, '2013-03-01', 2123200, '', 0.00),
(2316, '2013-03-01', 2123310, '', 0.00),
(2317, '2013-03-01', 2123410, '', 0.00),
(2318, '2013-03-01', 2123510, '', 0.00),
(2319, '2013-03-01', 2124110, '', 0.00),
(2320, '2013-03-01', 2124410, '', 0.00),
(2321, '2013-03-01', 2124420, '', 0.00),
(2322, '2013-03-01', 2124510, '', 0.00),
(2323, '2013-03-01', 2128100, '', 0.00),
(2324, '2013-03-01', 2128200, '', 0.00),
(2325, '2013-03-01', 2222100, '', 0.00),
(2326, '2013-03-01', 2222310, '', 0.00),
(2327, '2013-03-01', 2222320, '', 0.00),
(2328, '2013-03-01', 2222400, '', 0.00),
(2329, '2013-03-01', 2222500, '', 0.00),
(2330, '2013-03-01', 2223100, '', 0.00),
(2331, '2013-03-01', 2223200, '', 0.00),
(2332, '2013-03-01', 2223400, '', 0.00),
(2333, '2013-03-01', 2223500, '', 0.00),
(2334, '2013-03-01', 2223600, '', 0.00),
(2335, '2013-03-01', 2223710, '', 0.00),
(2336, '2013-03-01', 2223720, '', 0.00),
(2337, '2013-03-01', 2223730, '', 0.00),
(2338, '2013-03-01', 2223810, '', 0.00),
(2339, '2013-03-01', 2223820, '', 0.00),
(2340, '2013-03-01', 2224000, '', 0.00),
(2341, '2013-03-01', 2225100, '', 0.00),
(2342, '2013-03-01', 2226120, '', 0.00),
(2343, '2013-03-01', 2226150, '', 0.00),
(2344, '2013-03-01', 2227100, '', 0.00),
(2345, '2013-03-01', 2310000, '', 35924.27),
(2346, '2013-03-01', 3100000, '', 0.00),
(2347, '2013-03-01', 2124300, '', 0.00),
(2348, '2013-03-01', 2223300, '', 0.00);

-- --------------------------------------------------------

--
-- Estrutura da tabela `extratos`
--

CREATE TABLE IF NOT EXISTS `extratos` (
  `id` int(11) NOT NULL AUTO_INCREMENT,
  `id_conta_corrente` int(11) NOT NULL,
  `data_emissao` date DEFAULT NULL,
  `historico` text,
  `numero_doc` text,
  `valor` decimal(8,2) DEFAULT NULL,
  `conta_caixa` int(11) DEFAULT NULL,
  `obs` text,
  `vazio` text,
  PRIMARY KEY (`id`)
) ENGINE=InnoDB  DEFAULT CHARSET=latin1 AUTO_INCREMENT=3655 ;

--
-- Extraindo dados da tabela `extratos`
--

INSERT INTO `extratos` (`id`, `id_conta_corrente`, `data_emissao`, `historico`, `numero_doc`, `valor`, `conta_caixa`, `obs`, `vazio`) VALUES
(1, 1, '2013-01-02', 'Dep?sito Online          ', '350140', 504.00, 1111110, 'EDINHO PAPAGAIOS   ', ''),
(2, 1, '2013-01-02', 'BB Giro R?pido           ', '000505', 4049.34, 1113100, 'BB Giro Rapido           ', ''),
(3, 1, '2013-01-02', 'Cheque descontado        ', '308879', -3670.88, 2320000, 'Cheque descontado        ', ''),
(4, 1, '2013-01-02', 'Pagamento de T?tulo      ', '010201', -103.08, 0, 'BANCO BRADESCO S.A.                   ', ''),
(5, 1, '2013-01-02', 'Pagamento de T?tulo      ', '010202', -195.75, 0, 'BANCO BRADESCO S.A.                   \r\n', ''),
(6, 1, '2013-01-02', 'Pagamento de T?tulo      ', '010203', -1221.34, 0, 'HSBC BANK BRASIL S.A.-BANCO MULTIPLO  ', ''),
(7, 1, '2013-01-02', 'Pagto conta telefone     ', '010204', -39.90, 2114210, 'VIVO MG - TELEMIG                     ', ''),
(8, 1, '2013-01-02', 'D?bito Servi?o Cobran?a  ', '007853', -20.80, 2119100, 'D?bito Servi?o Cobran?a  ', ''),
(9, 1, '2013-01-02', 'D?bito Servi?o Cobran?a  ', '000633', -3.50, 2119100, 'D?bito Servi?o Cobran?a  ', ''),
(10, 1, '2013-01-02', 'Cheque Compensado        ', '854211', -356.00, 0, 'Cheque Compensado        ', ''),
(11, 1, '2013-01-02', 'Cheque Compensado        ', '854233', -80.00, 0, 'Cheque Compensado        ', ''),
(12, 1, '2013-01-02', 'Cheque Compensado        ', '854234', -130.00, 0, 'Cheque Compensado        ', ''),
(13, 1, '2013-01-02', 'Cobran?a de I.O.F.       ', '100702', -62.37, 2119100, 'Cobran?a de I.O.F.       ', ''),
(14, 1, '2013-01-03', 'Transfer?ncia on line    ', '000327', 419.59, 1111200, 'CR ALMEIDA (03-01-12)', ''),
(15, 1, '2013-01-03', 'Dep?sito COMPE           ', '309810', 182.26, 1111200, 'NATURAL IMOVEIS 26-12-13)', ''),
(16, 1, '2013-01-03', 'Cobran?a                 ', '041023', 10250.28, 1111200, 'Cobran?a                 ', ''),
(17, 1, '2013-01-03', 'Transfer?ncia on line    ', '026051', -110.00, 2123310, '03/01 2818      26051-7 GREGORIO ALVES', ''),
(18, 1, '2013-01-03', 'Transfer?ncia on line    ', '008998', -140.00, 2223710, '03/01 4383       8998-2 NILSON DA SILV', ''),
(19, 1, '2013-01-02', 'Empr?stimo               ', '000333', -69.31, 2128200, 'Empr?stimo               ', ''),
(20, 1, '2013-01-02', 'BB Giro R?pido           ', '000603', -37.42, 2128200, 'BB Giro R?pido           ', ''),
(21, 1, '2013-01-03', 'Impostos                 ', '010301', -71.30, 2111200, 'SECRET. FAZENDA MG                    ', ''),
(22, 1, '2013-01-03', 'Emiss?o de DOC           ', '010302', -1170.00, 2123410, 'Emiss?o de DOC           ', ''),
(23, 1, '2013-01-03', 'D?bito Servi?o Cobran?a  ', '009094', -13.00, 2119100, 'D?bito Servi?o Cobran?a  ', ''),
(24, 1, '2013-01-03', 'Cheque Compensado        ', '854163', -80.00, 0, 'Cheque Compensado        ', ''),
(25, 1, '2013-01-03', 'Cheque Compensado        ', '854232', -90.00, 0, 'Cheque Compensado        ', ''),
(26, 1, '2013-01-04', 'Dep?sito Online          ', '898509', 28.00, 1121300, 'Dep?sito Online          ', ''),
(27, 1, '2013-01-04', 'Dep?sito COMPE           ', '434692', 172.12, 1121300, '237 3134 12773519000191 SULA METALURGI', ''),
(28, 1, '2013-01-04', 'Cobran?a                 ', '080223', 1753.11, 1121300, 'Cobran?a                 ', ''),
(29, 1, '2013-01-04', 'Saque com cart?o         ', '783933', -1000.00, 0, '04/01 10:39 SOP-CEASA-CONTAGEM        \r\n', ''),
(30, 8, '2013-01-04', 'Saque com cart', '783933', 1000.00, 1310000, '04/01', ''),
(31, 1, '2013-01-04', 'Impostos                 ', '010401', -279.67, 2111200, 'FGTS ARREC GRRF                       ', ''),
(32, 1, '2013-01-04', 'Pagamento de T?tulo      ', '010402', -124.78, 2114510, 'POWERMAX SEGURANCA PATRIMONIAL        ', ''),
(33, 1, '2013-01-04', 'D?bito Servi?o Cobran?a  ', '020577', -2.86, 2118100, 'D?bito Servi?o Cobran?a  ', ''),
(34, 1, '2013-01-04', 'D?bito Servi?o Cobran?a  ', '001612', -3.50, 2118100, 'D?bito Servi?o Cobran?a  ', ''),
(35, 1, '2013-01-04', 'D?bito Servi?o Cobran?a  ', '012515', -10.40, 2118100, 'D?bito Servi?o Cobran?a  ', ''),
(36, 1, '2013-01-04', 'Cheque Compensado        ', '854218', -158.40, 0, 'Cheque Compensado        ', ''),
(37, 1, '2013-01-04', 'Desbloqueio de dep?sito  ', '800273', 618.68, 1121300, 'Desbloqueio de dep?sito  ', ''),
(38, 1, '2013-01-07', 'Dep?sito Online          ', '687007', 300.00, 1121300, 'Dep?sito Online          ', ''),
(39, 1, '2013-01-07', 'Transfer?ncia on line    ', '024477', 740.00, 1121300, '07/01 3494      24477-5 BEL LAV SERVIC', ''),
(40, 1, '2013-01-07', 'Dep?sito COMPE           ', '014251', 262.00, 1121300, '237 1463  3523188000140 DENSO SISTEMAS', ''),
(41, 1, '2013-01-07', 'TED Transf.Eletr.Dispon', '552589', 5068.80, 1111200, '237 3484 17193590000119 MASCARENHAS BA', ''),
(42, 1, '2013-01-07', 'Cobran?a                 ', '119270', 404.16, 1111300, 'Cobran?a                 ', ''),
(43, 1, '2013-01-07', 'Compra com Cart?o        ', '139288', -169.60, 2222400, '05/01 10:54  SUPREMO                  ', ''),
(44, 1, '2013-01-07', 'Saque com cart?o         ', '937891', -400.00, 0, '05/01 13:03 SAA-JABOTICATUBAS         \r\n', ''),
(45, 8, '2013-01-07', 'Saque com cart', '937891', 400.00, 1310000, '05/01', ''),
(46, 1, '2013-01-07', 'Saque com cart?o         ', '783933', -100.00, 0, '07/01 12:27 SOP-PAMPULHA              \r\n', ''),
(47, 8, '2013-01-07', 'Saque com cart', '783933', 100.00, 1310000, '07/01', ''),
(48, 1, '2013-01-07', 'Transferido para Poupan', '003333', -60.00, 2223500, '07/01 2190  510003333-5 LOJA MACONICA ', ''),
(49, 1, '2013-01-07', 'Transfer?ncia on line    ', '026051', -1408.54, 2113310, '07/01 2818      26051-7 GREGORIO ALVES', ''),
(50, 1, '2013-01-07', 'Pagamento de T?tulo      ', '010701', -113.47, 0, 'BANCO BRADESCO S.A.                   \r\n', ''),
(51, 1, '2013-01-07', 'Pagamento de T?tulo      ', '010702', -917.00, 0, 'BANCO SAFRA S.A.                      \r\n', ''),
(52, 1, '2013-01-07', 'Impostos                 ', '010703', -673.85, 2111200, 'FGTS ARRECADACAO GRF                  ', ''),
(53, 1, '2013-01-07', 'Impostos                 ', '010704', -49.76, 2223400, 'FGTS ARRECADACAO GRF                  ', ''),
(54, 1, '2013-01-07', 'D?bito Servi?o Cobran?a  ', '001073', -112.00, 2118100, 'D?bito Servi?o Cobran?a  ', ''),
(55, 1, '2013-01-07', 'D?bito Servi?o Cobran?a  ', '009324', -44.20, 2118100, 'D?bito Servi?o Cobran?a  ', ''),
(56, 1, '2013-01-07', 'D?bito Servi?o Cobran?a  ', '000790', -17.55, 2118100, 'D?bito Servi?o Cobran?a  ', ''),
(57, 1, '2013-01-07', 'Cheque Compensado        ', '854184', -750.00, 0, 'Cheque Compensado        ', ''),
(58, 1, '2013-01-07', 'Cheque Compensado        ', '854220', -475.00, 0, 'Cheque Compensado        ', ''),
(59, 1, '2013-01-07', 'Cheque Compensado        ', '854237', -106.00, 0, 'Cheque Compensado        ', ''),
(60, 1, '2013-01-07', 'Pagto TV por Assinatura  ', '043101', -237.60, 2223600, 'Pagto TV por Assinatura  ', ''),
(61, 1, '2013-01-07', 'Desbloqueio de dep?sito  ', '400620', 3630.00, 1111200, 'Desbloqueio de dep?sito  ', ''),
(62, 1, '2013-01-08', 'Cobran?a                 ', '079997', 20522.15, 1111300, 'Cobran?a                 ', ''),
(63, 1, '2013-01-08', 'Transfer?ncia on line    ', '014834', -151.72, 2124420, '08/01 1804      14834-2 SUPM BARRIGAO ', ''),
(64, 1, '2013-01-08', 'Transfer?ncia on line    ', '026698', -7000.00, 0, '08/01 4888      26698-1 KATIA VIEIRA S\r\n', ''),
(65, 1, '2013-01-08', 'Transfer?ncia on line    ', '038585', -7000.00, 0, '08/01 4888      38585-9 RONALDO COSTA \r\n', ''),
(66, 1, '2013-01-08', 'Folha de Pagamento       ', '002932', -1729.68, 2113310, 'Folha de Pagamento       ', ''),
(67, 1, '2013-01-08', 'Emiss?o de DOC           ', '010801', -312.58, 2113310, 'Emiss?o de DOC           ', ''),
(68, 1, '2013-01-08', 'Emiss?o de DOC           ', '010802', -632.41, 2113310, 'Emiss?o de DOC           ', ''),
(69, 1, '2013-01-08', 'Emiss?o de DOC           ', '010803', -603.41, 2113310, 'Emiss?o de DOC           ', ''),
(70, 1, '2013-01-08', 'Emiss?o de DOC           ', '010804', -725.41, 2113310, 'Emiss?o de DOC           ', ''),
(71, 1, '2013-01-08', 'Emiss?o de DOC           ', '010805', -596.40, 2113310, 'Emiss?o de DOC           ', ''),
(72, 1, '2013-01-08', 'Emiss?o de DOC           ', '010806', -961.23, 2113310, 'Emiss?o de DOC           ', ''),
(73, 1, '2013-01-08', 'D?bito Servi?o Cobran?a  ', '001087', -3.50, 2118100, 'D?bito Servi?o Cobran?a  ', ''),
(74, 1, '2013-01-08', 'D?bito Servi?o Cobran?a  ', '009197', -59.80, 2118100, 'D?bito Servi?o Cobran?a  ', ''),
(75, 1, '2013-01-08', 'Tar Pag Sal?r Cr?d Conta ', '516074', -5.00, 2113310, 'Tarifa referente a 08/01/2013         ', ''),
(76, 1, '2013-01-08', 'Tar DOC/TED Eletr?nico   ', '175139', -7.40, 2113310, 'Tarifa referente a 08/01/2013         ', ''),
(77, 1, '2013-01-08', 'Tar DOC/TED Eletr?nico   ', '175140', -7.40, 2113310, 'Tarifa referente a 08/01/2013         ', ''),
(78, 1, '2013-01-08', 'Tar DOC/TED Eletr?nico   ', '175141', -7.40, 2113310, 'Tarifa referente a 08/01/2013         ', ''),
(79, 1, '2013-01-08', 'Tar DOC/TED Eletr?nico   ', '175142', -7.40, 2113310, 'Tarifa referente a 08/01/2013         ', ''),
(80, 1, '2013-01-08', 'Tar DOC/TED Eletr?nico   ', '175143', -7.40, 2113310, 'Tarifa referente a 08/01/2013         ', ''),
(81, 1, '2013-01-08', 'Cheque Compensado        ', '854210', -650.00, 0, 'Cheque Compensado        ', ''),
(82, 1, '2013-01-08', 'Pagamento de Telefone    ', '042157', -209.17, 2222310, 'Pagamento de Telefone    ', ''),
(83, 1, '2013-01-09', 'Dep?sito Online          ', '900110', 276.44, 1121300, 'Dep?sito Online          ', ''),
(84, 1, '2013-01-09', 'Transfer?ncia on line    ', '753366', 238.16, 1121200, '09/01 1614     753366-7 TERMOTECNICA I', ''),
(85, 1, '2013-01-09', 'Transfer?ncia on line    ', '057225', 61.67, 1121300, '09/01 0503      57225-X STP SERV PRECI', ''),
(86, 1, '2013-01-09', 'DOC devolvido            ', '000009', 725.41, 2113310, 'DOC devolvido            ', ''),
(87, 1, '2013-01-09', 'Dep?sito COMPE           ', '057631', 467.01, 1111200, '341 3120  7254599000139 UNIARTE TUBOLA', ''),
(88, 1, '2013-01-09', 'DOC devolvido            ', '100010', 603.41, 2113310, 'DOC devolvido            ', ''),
(89, 1, '2013-01-09', 'DOC devolvido            ', '700014', 632.41, 2113310, 'DOC devolvido            ', ''),
(90, 1, '2013-01-09', 'Dep?sito COMPE           ', '797021', 516.64, 1111200, '237 2906  5266324000190 SERQUIP TRATAM', ''),
(91, 1, '2013-01-09', 'Cobran?a                 ', '079077', 408.90, 1111300, 'Cobran?a                 ', ''),
(92, 1, '2013-01-09', 'Transfer?ncia on line    ', '049333', -300.00, 0, '09/01 0032      49333-3 NETHORIZONTES \r\n', ''),
(93, 1, '2013-01-09', 'D?bito Servi?o Cobran?a  ', '001108', -35.00, 2118100, 'D?bito Servi?o Cobran?a  ', ''),
(94, 1, '2013-01-09', 'D?bito Servi?o Cobran?a  ', '009806', -20.80, 2118100, 'D?bito Servi?o Cobran?a  ', ''),
(95, 1, '2013-01-09', 'D?bito Servi?o Cobran?a  ', '100955', -2.86, 2118100, 'D?bito Servi?o Cobran?a  ', ''),
(96, 1, '2013-01-09', 'Cheque Compensado        ', '854158', -40.00, 0, 'Cheque Compensado        ', ''),
(97, 1, '2013-01-09', 'Cheque Compensado        ', '854165', -645.00, 0, 'Cheque Compensado        ', ''),
(98, 1, '2013-01-09', 'Cheque Compensado        ', '854213', -1100.00, 0, 'Cheque Compensado        ', ''),
(99, 1, '2013-01-09', 'Cheque Compensado        ', '854235', -90.00, 0, 'Cheque Compensado        ', ''),
(100, 1, '2013-01-10', 'Dep?sito Online          ', '992478', 525.00, 1121300, 'Dep?sito Online          ', ''),
(101, 1, '2013-01-10', 'Dep?sito COMPE           ', '014864', 432.32, 1111200, '237 1463  3523188000140 DENSO SISTEMAS', ''),
(102, 1, '2013-01-10', 'Cobran?a                 ', '062669', 1000.00, 1111300, 'Cobran?a                 ', ''),
(103, 1, '2013-01-10', 'Saque com cart?o         ', '783933', -1000.00, 0, '10/01 11:15 SOP-CEASA-CONTAGEM        \r\n', ''),
(104, 8, '2013-01-10', 'Saque com cart', '783933', 1000.00, 1310000, '10/01', ''),
(105, 1, '2013-01-10', 'BB Giro Flex             ', '001491', -1288.41, 2118200, 'BB Giro Flex             ', ''),
(106, 1, '2013-01-10', 'BB Giro Flex             ', '000489', -2033.24, 2118200, 'BB Giro Flex             ', ''),
(107, 1, '2013-01-10', 'BB Giro Flex             ', '000036', -3212.71, 2118200, 'BB Giro Flex             ', ''),
(108, 1, '2013-01-10', 'D?bito Servi?o Cobran?a  ', '000448', -5.85, 2118100, 'D?bito Servi?o Cobran?a  ', ''),
(109, 1, '2013-01-10', 'Cheque Compensado        ', '854236', -490.00, 0, 'Cheque Compensado        ', ''),
(110, 1, '2013-01-11', 'Dep?sito Online          ', '400485', 604.00, 1121300, 'Dep?sito Online          ', ''),
(111, 1, '2013-01-11', 'Transfer?ncia on line    ', '026698', 5000.00, 0, '11/01 4888      26698-1 KATIA VIEIRA S\r\n', ''),
(112, 1, '2013-01-11', 'Transfer?ncia on line    ', '028468', 301.21, 1111200, '11/01 2818      28468-8 M', ''),
(113, 1, '2013-01-11', 'Cobran?a                 ', '294136', 307.14, 1111300, 'Cobran?a                 ', ''),
(114, 1, '2013-01-11', 'Compra com Cart?o        ', '164204', -33.56, 0, '11/01 17:50  5 MIL                    \r\n', ''),
(115, 1, '2013-01-11', 'Empr?stimo               ', '000230', -1898.64, 2119120, 'Empr?stimo               ', ''),
(116, 1, '2013-01-11', 'D?bito Servi?o Cobran?a  ', '294136', -86.27, 2118100, 'D?bito Servi?o Cobran?a  ', ''),
(117, 1, '2013-01-11', 'Pagto via Auto-Atend.BB  ', '011102', -85.13, 2111100, 'SECRET. FAZENDA MG                    ', ''),
(118, 1, '2013-01-11', 'TED Transf.Eletr.Disponiv', '011103', -15000.00, 0, 'TED Transf.Eletr.Disponiv', ''),
(119, 1, '2013-01-11', 'Pagamento de T?tulo      ', '011104', -188.36, 0, 'BANCO BRADESCO S.A.                   \r\n', ''),
(120, 1, '2013-01-11', 'D?bito Servi?o Cobran?a  ', '001066', -21.00, 2118100, 'D?bito Servi?o Cobran?a  ', ''),
(121, 1, '2013-01-11', 'D?bito Servi?o Cobran?a  ', '006507', -6.00, 2118100, 'D?bito Servi?o Cobran?a  ', ''),
(122, 1, '2013-01-11', 'D?bito Servi?o Cobran?a  ', '000518', -5.85, 2118100, 'D?bito Servi?o Cobran?a  ', ''),
(123, 1, '2013-01-11', 'Tar DOC/TED Eletr?nico   ', '187579', -7.40, 2118100, 'Tarifa referente a 11/01/2013         ', ''),
(124, 1, '2013-01-11', 'Cheque Compensado        ', '854175', -2000.00, 2310000, 'Cheque Compensado        ', ''),
(125, 1, '2013-01-14', 'Dep?sito COMPE           ', '336659', 338.76, 1111200, '033 4435  7414599000159 ALVORADA PRODU', ''),
(126, 1, '2013-01-11', 'Cheque Devolv sem Fundos ', '854175', 2000.00, 1310000, 'Cheque Devolv sem Fundos ', ''),
(127, 1, '2013-01-14', 'Cobran?a                 ', '060847', 1649.50, 0, 'Cobran?a                 ', ''),
(128, 1, '2013-01-14', 'Empr?stimo               ', '000336', 5000.00, 1113100, 'Empr?stimo               ', ''),
(129, 1, '2013-01-14', 'Transfer?ncia Agendada   ', '026698', 5000.00, 0, '14/01 4888      26698-1 KATIA VIEIRA S\r\n', ''),
(130, 1, '2013-01-14', 'Empr?stimo               ', '000345', -1272.92, 2119130, 'Empr?stimo               ', ''),
(131, 1, '2013-01-14', 'Pagamento de T?tulo      ', '011401', -153.00, 0, 'ITAU UNIBANCO S.A.                    \r\n', ''),
(132, 1, '2013-01-14', 'Pagamento de T?tulo      ', '011402', -917.92, 0, 'BANCO SAFRA S.A.                      \r\n', ''),
(133, 1, '2013-01-14', 'D?bito Servi?o Cobran?a  ', '001042', -23.50, 2118100, 'D?bito Servi?o Cobran?a  ', ''),
(134, 1, '2013-01-14', 'D?bito Servi?o Cobran?a  ', '009157', -7.80, 2118100, 'D?bito Servi?o Cobran?a  ', ''),
(135, 1, '2013-01-14', 'Tar Cust?dia Cheque      ', '865100', -0.38, 2118100, 'Tarifa referente a 14/01/2013         ', ''),
(136, 1, '2013-01-14', 'Cheque Compensado        ', '854167', -415.20, 0, 'Cheque Compensado        ', ''),
(137, 1, '2013-01-14', 'Cheque Compensado        ', '854242', -70.00, 0, 'Cheque Compensado        ', ''),
(138, 1, '2013-01-14', 'Pagto Energia El?trica   ', '002534', -45.50, 2223400, 'Pagto Energia El?trica   ', ''),
(139, 1, '2013-01-15', 'Transfer?ncia on line    ', '009744', 147.33, 1121200, '15/01 2288       9744-6 E S N ENGENHAR', ''),
(140, 1, '2013-01-15', 'Cobran?a                 ', '084115', 1035.50, 1111200, 'Cobran?a                 ', ''),
(141, 1, '2013-01-15', 'INSS Arrecada??o         ', '011501', -124.40, 2223400, 'GPS- Ident.:     16884554534 - 12/2012', ''),
(142, 1, '2013-01-15', 'Impostos                 ', '011502', -144.91, 2111100, 'SECRET. FAZENDA MG                    ', ''),
(143, 1, '2013-01-15', 'Pagamento de T?tulo      ', '011503', -32.00, 0, 'ITAU UNIBANCO S.A.                    \r\n', ''),
(144, 1, '2013-01-15', 'Pagamento de T?tulo      ', '011504', -15.00, 0, 'BANCO BRADESCO S.A.                   \r\n', ''),
(145, 1, '2013-01-15', 'BB Giro Flex             ', '001498', -373.87, 2118200, 'BB Giro Flex             ', ''),
(146, 1, '2013-01-15', 'BB Giro Flex             ', '000493', -2844.15, 2118200, 'BB Giro Flex             ', ''),
(147, 1, '2013-01-15', 'D?bito Servi?o Cobran?a  ', '001061', -3.50, 2118100, 'D?bito Servi?o Cobran?a  ', ''),
(148, 1, '2013-01-15', 'D?bito Servi?o Cobran?a  ', '009506', -26.00, 2118100, 'D?bito Servi?o Cobran?a  ', ''),
(149, 1, '2013-01-15', 'Tarifa Devol de Cheque   ', '029885', -21.50, 2118100, 'Tarifa referente a 14/01/2013         ', ''),
(150, 1, '2013-01-15', 'Cheque Compensado        ', '854135', -1200.00, 0, 'Cheque Compensado        ', ''),
(151, 1, '2013-01-15', 'Cheque Compensado        ', '854229', -430.00, 0, 'Cheque Compensado        ', ''),
(152, 1, '2013-01-15', 'Desbloqueio de dep?sito  ', '871246', 555.88, 0, 'Desbloqueio de dep?sito  ', ''),
(153, 1, '2013-01-16', 'Dep?sito COMPE           ', '206600', 297.29, 0, '341 2971  7340605000170 MEGA ENERGIA L\r\n', ''),
(154, 1, '2013-01-16', 'Cobran?a                 ', '063484', 5323.59, 0, 'Cobran?a                 ', ''),
(155, 1, '2013-01-16', 'Pagamento de T?tulo      ', '011601', -514.60, 0, 'BANCO SANTANDER (BRASIL) S.A.         \r\n', ''),
(156, 1, '2013-01-16', 'Pagamento de T?tulo      ', '011602', -517.44, 0, 'BANCO BRADESCO S.A.                   \r\n', ''),
(157, 1, '2013-01-16', 'Emiss?o de DOC           ', '011603', -1000.00, 0, 'Emiss?o de DOC           ', ''),
(158, 1, '2013-01-16', 'Pagamento de T?tulo      ', '011604', -420.00, 0, 'BANCO BRADESCO S.A.                   \r\n', ''),
(159, 1, '2013-01-16', 'Pagto cart?o cr?dito     ', '066860', -4190.59, 0, 'Pagto cart?o cr?dito     ', ''),
(160, 1, '2013-01-16', 'D?bito Servi?o Cobran?a  ', '000507', -11.70, 0, 'D?bito Servi?o Cobran?a  ', ''),
(161, 1, '2013-01-16', 'Tar DOC/TED Eletr?nico   ', '234913', -7.40, 0, 'Tarifa referente a 16/01/2013         \r\n', ''),
(162, 1, '2013-01-16', 'Cheque Compensado        ', '854166', -1391.22, 0, 'Cheque Compensado        ', ''),
(163, 1, '2013-01-16', 'Cheque Compensado        ', '854238', -988.00, 0, 'Cheque Compensado        ', ''),
(164, 1, '2013-01-16', 'Cheque Compensado        ', '854243', -200.00, 0, 'Cheque Compensado        ', ''),
(165, 1, '2013-01-16', 'Cheque Compensado        ', '854261', -350.00, 0, 'Cheque Compensado        ', ''),
(166, 1, '2013-01-16', 'Desbloqueio de dep?sito  ', '473419', 67.42, 0, 'Desbloqueio de dep?sito  ', ''),
(167, 1, '2013-01-17', 'Dep?sito Online          ', '330013', 75.00, 0, 'Dep?sito Online          ', ''),
(168, 1, '2013-01-17', 'Dep?sito COMPE           ', '621198', 1288.90, 0, '033 3154 17500224000246 USIMINAS MECAN\r\n', ''),
(169, 1, '2013-01-17', 'Cobran?a                 ', '056533', 471.00, 0, 'Cobran?a                 ', ''),
(170, 1, '2013-01-17', 'Transfer?ncia Agendada   ', '038585', 2000.00, 0, '17/01 4888      38585-9 RONALDO COSTA \r\n', ''),
(171, 1, '2013-01-17', 'Pagamento de T?tulo      ', '011701', -79.89, 0, 'BANCO BRADESCO S.A.                   \r\n', ''),
(172, 1, '2013-01-17', 'Impostos                 ', '011702', -110.38, 0, 'MG-2013-DPVAT                 KXL-3113\r\n', ''),
(173, 1, '2013-01-17', 'Impostos                 ', '011703', -623.16, 0, 'MG-2013-IPVA Cota 1           KXL-3113\r\n', ''),
(174, 1, '2013-01-17', 'D?bito Servi?o Cobran?a  ', '008710', -7.80, 0, 'D?bito Servi?o Cobran?a  ', ''),
(175, 1, '2013-01-17', 'D?bito Servi?o Cobran?a  ', '000471', -17.55, 0, 'D?bito Servi?o Cobran?a  ', ''),
(176, 1, '2013-01-17', 'Tar Cust?dia Ch Exclus?o ', '020273', -7.70, 0, 'Tarifa referente a 17/01/2013         \r\n', ''),
(177, 1, '2013-01-17', 'Cheque Compensado        ', '854247', -486.00, 0, 'Cheque Compensado        ', ''),
(178, 1, '2013-01-17', 'Cheque Compensado        ', '854263', -180.00, 0, 'Cheque Compensado        ', ''),
(179, 1, '2013-01-17', 'Pagto Energia El?trica   ', '002534', -313.17, 0, 'Pagto Energia El?trica   ', ''),
(180, 1, '2013-01-17', 'Pagamento de Telefone    ', '042157', -334.43, 0, 'Pagamento de Telefone    ', ''),
(181, 1, '2013-01-18', 'Saque com cart?o         ', '783933', -300.00, 0, '18/01 13:37 SAA-JABOTICATUBAS         \r\n', ''),
(182, 8, '2013-01-18', 'Saque com cart?o         ', '783933', 300.00, 1310000, '18/01', ''),
(183, 1, '2013-01-18', 'Impostos                 ', '011801', -877.20, 0, 'GPS - CODIGO DE BARRAS                \r\n', ''),
(184, 1, '2013-01-18', 'Impostos                 ', '011802', -71.30, 0, 'MG-2013-Licenciamento         KXL-3113\r\n', ''),
(185, 1, '2013-01-18', 'Impostos                 ', '011803', -126.40, 0, 'MG-2013-IPVA Cota 1           DGL-4945\r\n', ''),
(186, 1, '2013-01-18', 'Impostos                 ', '011804', -110.38, 0, 'MG-2013-DPVAT                 DGL-4945\r\n', ''),
(187, 1, '2013-01-18', 'Impostos                 ', '011805', -71.30, 0, 'MG-2013-Licenciamento         DGL-4945\r\n', ''),
(188, 1, '2013-01-18', 'Emiss?o de DOC           ', '011806', -1807.81, 0, 'Emiss?o de DOC           ', ''),
(189, 1, '2013-01-18', 'D?bito Servi?o Cobran?a  ', '001057', -87.50, 0, 'D?bito Servi?o Cobran?a  ', ''),
(190, 1, '2013-01-18', 'D?bito Servi?o Cobran?a  ', '009016', -13.00, 0, 'D?bito Servi?o Cobran?a  ', ''),
(191, 1, '2013-01-18', 'Tar DOC/TED Eletr?nico   ', '240445', -7.40, 0, 'Tarifa referente a 18/01/2013         \r\n', ''),
(192, 1, '2013-01-18', 'Cheque Compensado        ', '854246', -70.00, 0, 'Cheque Compensado        ', ''),
(193, 1, '2013-01-21', 'Dep?sito COMPE           ', '972780', 3000.00, 0, '341 8606    41745221620 RONALDO COSTA \r\n', ''),
(194, 1, '2013-01-21', 'Cobran?a                 ', '056893', 1236.33, 0, 'Cobran?a                 ', ''),
(195, 1, '2013-01-21', 'Transfer?ncia Agendada   ', '026698', 6000.00, 0, '21/01 4888      26698-1 KATIA VIEIRA S\r\n', ''),
(196, 1, '2013-01-21', 'Transfer?ncia Agendada   ', '038585', 2000.00, 0, '21/01 4888      38585-9 RONALDO COSTA \r\n', ''),
(197, 1, '2013-01-21', 'Impostos                 ', '012101', -6143.38, 0, 'DAS - SIMPLES NACIONAL                \r\n', ''),
(198, 1, '2013-01-21', 'BB Giro Flex             ', '001505', -1790.47, 0, 'BB Giro Flex             ', ''),
(199, 1, '2013-01-21', 'BB Giro Flex             ', '000503', -288.12, 0, 'BB Giro Flex             ', ''),
(200, 1, '2013-01-21', 'D?bito Servi?o Cobran?a  ', '008597', -7.80, 0, 'D?bito Servi?o Cobran?a  ', ''),
(201, 1, '2013-01-21', 'Tarifa Pacote de Servi?os', '603347', -68.50, 0, 'Tarifa referente a 21/01/2013         \r\n', ''),
(202, 1, '2013-01-21', 'Cheque Compensado        ', '854164', -220.00, 0, 'Cheque Compensado        ', ''),
(203, 1, '2013-01-22', 'Dep?sito COMPE           ', '009870', 358.14, 0, '237 1463  3523188000140 DENSO SISTEMAS\r\n', ''),
(204, 1, '2013-01-22', 'Cobran?a                 ', '062255', 6320.49, 0, 'Cobran?a                 ', ''),
(205, 1, '2013-01-22', 'TED Transf.Eletr.Disponiv', '012201', -3000.00, 0, 'TED Transf.Eletr.Disponiv', ''),
(206, 1, '2013-01-22', 'D?bito Servi?o Cobran?a  ', '008815', -20.80, 0, 'D?bito Servi?o Cobran?a  ', ''),
(207, 1, '2013-01-22', 'Tar DOC/TED Eletr?nico   ', '227125', -7.40, 0, 'Tarifa referente a 22/01/2013         \r\n', ''),
(208, 1, '2013-01-22', 'Pagto Energia El?trica   ', '002534', -1153.45, 0, 'Pagto Energia El?trica   ', ''),
(209, 1, '2013-01-22', 'Pagamento Fatura de ?gua ', '043580', -634.56, 0, 'Pagamento Fatura de ?gua ', ''),
(210, 1, '2013-01-22', 'Desbloqueio de dep?sito  ', '501899', 105.00, 0, 'Desbloqueio de dep?sito  ', ''),
(211, 2, '2013-01-02', 'Cobran?a de I.O.F.', '100701', -111.37, 0, '', ''),
(212, 2, '2013-01-07', 'Compra com Cart?o - 07/01 18:51    GIARDINO PANNE', '167866', -29.60, 0, '', ''),
(213, 2, '2013-01-07', 'Tarifa Pacote de Servi?os - Tarifa referente a 07/01/2013', '356007', -38.00, 0, '', ''),
(214, 2, '2013-01-07', 'Cobran?a de Juros', '058901', -856.67, 0, '', ''),
(215, 2, '2013-01-08', 'Transfer?ncia on line - 08/01 1222      79480-5 SEGURA UNIFORM', '079480', 7000.00, 0, '', ''),
(216, 2, '2013-01-10', 'Compra com Cart?o - 10/01 13:21  SUPREMO', '148087', -138.00, 0, '', ''),
(217, 2, '2013-01-11', 'Transfer?ncia on line - 11/01 1222      79480-5 SEGURA UNIFORM', '079480', -5000.00, 0, '', ''),
(218, 2, '2013-01-14', 'Transfer?ncia Agendada - 14/01 1222      79480-5 SEGURA UNIFORM', '079480', -5000.00, 0, '', ''),
(219, 2, '2013-01-16', 'Compra com Cart?o - 16/01 15:31    NOBRE CORTINAS', '155878', -254.00, 0, '', ''),
(220, 2, '2013-01-16', 'Compra com Cart?o - 16/01 15:49  SUPREMO', '256943', -126.00, 0, '', ''),
(221, 2, '2013-01-16', 'Pagto cart?o cr?dito', '240214', -2450.28, 0, '', ''),
(222, 2, '2013-01-16', 'Pagto cart?o cr?dito', '122315', -401.78, 0, '', ''),
(223, 2, '2013-01-17', 'Dep?sito bloquead.1d ?til', '473575', 697.70, 0, '', ''),
(224, 2, '2013-01-18', 'Desbloqueio de dep?sito', '473575', 697.70, 0, '', ''),
(225, 2, '2013-01-21', 'Transfer?ncia Agendada - 21/01 1222      79480-5 SEGURA UNIFORM', '079480', -6000.00, 0, '', ''),
(226, 2, '2013-01-21', 'Pgto CDC Empr Eletr?nico', '469945', -772.15, 0, '', ''),
(227, 3, '2013-01-02', 'Cobran?a de I.O.F.', '100701', -119.31, 0, '', ''),
(228, 3, '2013-01-04', 'Saque com cart?o - 04/01 10:45 SOP-CEASA-CONTAGEM', '991433', -100.00, 0, '', ''),
(229, 3, '2013-01-07', 'Tarifa Pacote de Servi?os - Tarifa referente a 07/01/2013', '356055', -38.00, 0, '', ''),
(230, 3, '2013-01-07', 'Cobran?a de Juros', '058901', -1318.29, 0, '', ''),
(231, 3, '2013-01-08', 'Transfer?ncia on line - 08/01 1222      79480-5 SEGURA UNIFORM', '079480', 7000.00, 0, '', ''),
(232, 3, '2013-01-10', 'Saque com cart?o - 10/01 11:14 SOP-CEASA-CONTAGEM', '991433', -1000.00, 0, '', ''),
(233, 3, '2013-01-10', 'Pgto CDC Empr Eletr?nico', '019226', -258.39, 0, '', ''),
(234, 3, '2013-01-10', 'Tarifa Adiant Depositante - Tarifa referente a 07/01/2013', '025936', -38.20, 0, '', ''),
(235, 3, '2013-01-10', 'Pagto cart?o cr?dito', '886086', -93.82, 0, '', ''),
(236, 3, '2013-01-17', 'Transfer?ncia Agendada - 17/01 1222      79480-5 SEGURA UNIFORM', '079480', -2000.00, 0, '', ''),
(237, 3, '2013-01-21', 'Transfer?ncia Agendada - 21/01 1222      79480-5 SEGURA UNIFORM', '079480', -2000.00, 0, '', ''),
(238, 3, '2013-01-21', 'Pagamento Ped?gio', '11806', -12.40, 0, '', ''),
(239, 4, '2013-01-22', 'Juros', '', 0.27, 0, '', ''),
(240, 5, '2013-01-14', 'Juros', '', 0.46, 0, '', ''),
(241, 6, '2013-01-02', 'DOC INT 885107  unimed  ', '', -2850.58, 0, '', ''),
(242, 6, '2013-01-02', 'INT ITAUCARD            ', '', -8336.87, 0, '', ''),
(243, 6, '2013-01-02', 'IOF                     ', '', -1.46, 0, '', ''),
(244, 6, '2013-01-03', 'DOC 237.2797MARIANA 0977', '', 550.00, 0, 'UNIMED 25-12-12 (-PRES LT 200)', ''),
(245, 6, '2013-01-04', 'TAR DOC INTERNET        ', '', -7.40, 0, '', ''),
(246, 6, '2013-01-07', 'CREDIARIO AUTOM   02/06 ', '', -3537.20, 0, '', ''),
(247, 6, '2013-01-10', 'TBI 6505.18536-0ENGEQUIS', '', -520.00, 0, '', ''),
(248, 6, '2013-01-10', 'TBI 7771.31886-7/500    ', '', -603.41, 0, '', ''),
(249, 6, '2013-01-10', 'TBI 3166.16111-1     C/C', '', 666.67, 0, '', ''),
(250, 6, '2013-01-11', 'TED 001.1222SEGURA UNIF ', '', 15000.00, 0, '', ''),
(251, 6, '2013-01-21', 'DOC INT 972780          ', '', -3000.00, 0, '', ''),
(252, 6, '2013-01-22', 'TED 001.1222SEGURA UNIF ', '', 3000.00, 0, '', ''),
(253, 9, '2013-01-16', 'PGTO DEBITO CONTA 4888 ', '', 3700.55, 0, 'PGTO DEBITO CONTA 4888 ', ''),
(254, 9, '2013-01-16', 'PANIFICADORA GIARDINO  ', '', -7.48, 0, 'PANIFICADORA GIARDINO  ', ''),
(255, 9, '2013-01-16', 'PANIFICADORA GIARDINO  ', '', -15.00, 0, 'PANIFICADORA GIARDINO  ', ''),
(256, 9, '2013-01-16', 'PANIFICADORA GIARDINO  ', '', -25.70, 0, 'PANIFICADORA GIARDINO  ', ''),
(257, 9, '2013-01-16', 'PAPELARIA MIXCOM      U', '', -10.00, 0, 'PAPELARIA MIXCOM      U', ''),
(258, 9, '2013-01-16', 'CAFE DE MANHA          ', '', -52.71, 0, 'CAFE DE MANHA          ', ''),
(259, 9, '2013-01-16', 'GIARDINO PANNE         ', '', -12.71, 0, 'GIARDINO PANNE         ', ''),
(260, 9, '2013-01-16', 'PANIFICADORA GIARDINO  ', '', -86.48, 0, 'PANIFICADORA GIARDINO  ', ''),
(261, 9, '2013-01-16', 'GIARDINO PANNE         ', '', -35.35, 0, 'GIARDINO PANNE         ', ''),
(262, 9, '2013-01-16', 'POSTO ASSIS            ', '', -178.95, 0, 'POSTO ASSIS            ', ''),
(263, 9, '2013-01-16', 'SUPERMERCADOS BH       ', '', -464.54, 0, 'SUPERMERCADOS BH       ', ''),
(264, 9, '2013-01-16', 'GIARDINO PANNE         ', '', -50.83, 0, 'GIARDINO PANNE         ', ''),
(265, 9, '2013-01-16', 'EPA LOJA 18            ', '', -14.50, 0, 'EPA LOJA 18            ', ''),
(266, 9, '2013-01-16', 'CACAU SHOW             ', '', -13.90, 0, 'CACAU SHOW             ', ''),
(267, 9, '2013-01-16', 'O BOTICARIO            ', '', -23.98, 0, 'O BOTICARIO            ', ''),
(268, 9, '2013-01-16', 'TOK DE PELE LINGERIE   ', '', -17.90, 0, 'TOK DE PELE LINGERIE   ', ''),
(269, 9, '2013-01-16', 'PAULO ROBERTO F        ', '', -71.28, 0, 'PAULO ROBERTO F        ', ''),
(270, 9, '2013-01-16', 'REVISTARIA NENETY      ', '', -132.00, 0, 'REVISTARIA NENETY      ', ''),
(271, 9, '2013-01-16', 'AGAPE CONFECCOES       ', '', -20.00, 0, 'AGAPE CONFECCOES       ', ''),
(272, 9, '2013-01-16', 'ENJOY CAKES            ', '', -19.50, 0, 'ENJOY CAKES            ', ''),
(273, 9, '2013-01-16', 'CLAUDIO M DA SILVA     ', '', -20.00, 0, 'CLAUDIO M DA SILVA     ', ''),
(274, 9, '2013-01-16', 'VIATTINI CALCADOS      ', '', -55.00, 0, 'VIATTINI CALCADOS      ', ''),
(275, 9, '2013-01-16', 'JURANDIR  031 86134355 ', '', -15.00, 0, 'JURANDIR  031 86134355 ', ''),
(276, 9, '2013-01-16', 'CASSIA DESIGN          ', '', -25.00, 0, 'CASSIA DESIGN          ', ''),
(277, 9, '2013-01-16', 'POSTO LESTE LTDA       ', '', -115.08, 0, 'POSTO LESTE LTDA       ', ''),
(278, 9, '2013-01-16', 'FE  MODA               ', '', -50.00, 0, 'FE  MODA               ', ''),
(279, 9, '2013-01-16', 'TAM LINHAS AE PARC 02/0', '', -61.90, 0, 'TAM LINHAS AE PARC 02/0', ''),
(280, 9, '2013-01-16', 'POLISHOP DEL  PARC 06/0', '', -59.98, 0, 'POLISHOP DEL  PARC 06/0', ''),
(281, 9, '2013-01-16', 'ESTADO DE MIN PARC 03/0', '', -29.40, 0, 'ESTADO DE MIN PARC 03/0', ''),
(282, 9, '2013-01-16', 'EXTRA CONTAGE PARC 02/0', '', -41.10, 0, 'EXTRA CONTAGE PARC 02/0', ''),
(283, 9, '2013-01-16', 'IVAL COMERCIO PARC 02/0', '', -37.07, 0, 'IVAL COMERCIO PARC 02/0', ''),
(284, 9, '2013-01-16', 'PLANET BH     PARC 02/0', '', -129.99, 0, 'PLANET BH     PARC 02/0', ''),
(285, 9, '2013-01-16', 'INVISTA-SE    PARC 02/0', '', -49.75, 0, 'INVISTA-SE    PARC 02/0', ''),
(286, 9, '2013-01-16', 'MARISA LJ 583 PARC 02/0', '', -63.31, 0, 'MARISA LJ 583 PARC 02/0', ''),
(287, 9, '2013-01-16', 'DROGARIA ARAU PARC 02/0', '', -46.16, 0, 'DROGARIA ARAU PARC 02/0', ''),
(288, 9, '2013-01-16', 'CARD ENTRETEN PARC 02/0', '', -58.33, 0, 'CARD ENTRETEN PARC 02/0', ''),
(289, 9, '2013-01-16', 'ESPORTE CLUBE PARC 01/0', '', -175.00, 0, 'ESPORTE CLUBE PARC 01/0', ''),
(290, 9, '2013-01-16', 'LEITURA ELDOR PARC 01/0', '', -37.68, 0, 'LEITURA ELDOR PARC 01/0', ''),
(291, 9, '2013-01-16', 'ESTADO DE MIN PARC 01/0', '', -20.40, 0, 'ESTADO DE MIN PARC 01/0', ''),
(292, 9, '2013-01-16', 'DUTY PAID CON PARC 01/0', '', -54.50, 0, 'DUTY PAID CON PARC 01/0', ''),
(293, 9, '2013-01-16', 'ESTADO DE MIN PARC 01/0', '', -16.74, 0, 'ESTADO DE MIN PARC 01/0', ''),
(294, 9, '2013-01-16', 'ESTADO DE MIN PARC 01/0', '', -33.08, 0, 'ESTADO DE MIN PARC 01/0', ''),
(295, 9, '2013-01-16', 'PROTECAO OURO JAN/2013 ', '', -3.00, 0, 'PROTECAO OURO JAN/2013 ', ''),
(296, 12, '2013-01-16', 'PGTO DEBITO CONTA 4888 ', '', 498.17, 0, 'PGTO DEBITO CONTA 4888 ', ''),
(297, 12, '2013-01-16', 'DROGARIA ARAUJO        ', '', -44.89, 0, 'DROGARIA ARAUJO        ', ''),
(298, 12, '2013-01-16', 'SACOLAO TOTAL          ', '', -71.08, 0, 'SACOLAO TOTAL          ', ''),
(299, 12, '2013-01-16', 'PAULO ROBERTO F        ', '', -48.17, 0, 'PAULO ROBERTO F        ', ''),
(300, 12, '2013-01-16', 'ADAMARK CINEMAS        ', '', -31.50, 0, 'ADAMARK CINEMAS        ', ''),
(301, 12, '2013-01-16', 'MC DONALD S BH2        ', '', -17.00, 0, 'MC DONALD S BH2        ', ''),
(302, 12, '2013-01-16', 'GIARDINO PANNE         ', '', -33.08, 0, 'GIARDINO PANNE         ', ''),
(303, 12, '2013-01-16', 'DROGARIA CABRAL        ', '', -8.70, 0, 'DROGARIA CABRAL        ', ''),
(304, 12, '2013-01-16', 'SACOLAO TOTAL          ', '', -53.57, 0, 'SACOLAO TOTAL          ', ''),
(305, 12, '2013-01-16', 'SACOLAO TOTAL          ', '', -61.89, 0, 'SACOLAO TOTAL          ', ''),
(306, 12, '2013-01-16', 'BURGER KING            ', '', -28.90, 0, 'BURGER KING            ', ''),
(307, 12, '2013-01-16', 'PROTECAO OURO JAN/2013 ', '', -3.00, 0, 'PROTECAO OURO JAN/2013 ', ''),
(308, 13, '2013-01-10', 'PGTO DEBITO CONTA 4888 ', '', 168.78, 0, 'PGTO DEBITO CONTA 4888 ', ''),
(309, 13, '2013-01-10', 'JORNAL BALCAO PARC 03/0', '', -56.66, 0, 'JORNAL BALCAO PARC 03/0', ''),
(310, 13, '2013-01-10', 'JORNAL BALCAO PARC 02/0', '', -11.83, 0, 'JORNAL BALCAO PARC 02/0', ''),
(311, 13, '2013-01-10', 'ANUIDADE TIT - PARC 04/', '', -25.33, 0, 'ANUIDADE TIT - PARC 04/', ''),
(312, 8, '2013-01-15', 'TNT E LINHA', '', -42.70, 0, 'MAT P/COSTUREIRA', ''),
(314, 8, '2013-01-25', 'SULFAL QUIMICA', '', -79.00, 0, 'ESSENCIA CONFORT', ''),
(316, 8, '2013-01-31', 'DIRCEU CLEBER', '', -1000.00, 0, 'ALUGUEL SECADOR', ''),
(317, 8, '2013-02-03', 'PAINEL TINTAS', '', -19.12, 2224000, 'PINTURA GELADEIRA KR', ''),
(318, 8, '2013-02-09', 'SUPERMERCADOS BH', '', -2.98, 2222100, '', ''),
(319, 8, '2013-02-18', 'BOULEVARD SHOPPING', '', -7.00, 2222400, 'ESTACIONAMENTO ', ''),
(320, 8, '2013-02-08', 'MULTIPLAN ADM SHOPPINGS CENTERS', '', -1.40, 2222400, 'ESTACIONAMENTO', ''),
(321, 8, '2013-02-22', 'SHOPPING DELREY ', '', -6.60, 2222400, 'ESTACIONAMENTO', ''),
(322, 8, '2012-11-17', 'SHOPPING DELREY', '', -5.60, 0, 'ESTACIONAMENTO', ''),
(323, 8, '2012-11-24', 'SHOPPING DELREY', '', -6.60, 0, 'ESTACIONAMENTO', ''),
(324, 8, '2013-01-11', 'SHOPPING DELREY', '', -6.60, 0, 'ESTACIONAMENTO', ''),
(325, 8, '2013-01-29', 'SHOPPING DELREY', '', -6.60, 0, 'ESTACIONAMENTO', ''),
(326, 8, '2012-12-06', 'PONTO EL?TRICO ', '', -24.90, 0, 'REGULADOR P G?S ', ''),
(327, 8, '2012-12-18', 'PONTO EL?TRICO', '', -8.90, 0, 'SPRAY LIMPA', ''),
(328, 8, '2013-01-11', 'MARMORES E GRANITOS', '', -12.00, 0, '15 PEDRAS', ''),
(329, 8, '2013-01-11', 'MGIANETTI', '', 115.00, 0, 'MGIANETTI', ''),
(330, 8, '2013-01-31', 'EFIG?NCIO S?TIO', '', 48.00, 0, 'EFIG?NIO S?TIO', ''),
(331, 8, '2013-01-31', 'ADERBAL S?TIO', '', 190.00, 0, 'ADERBAL S?TIO', ''),
(332, 8, '2013-01-31', 'ELV?CIO S?TIO', '', 450.00, 0, 'ELV?CIO S?TIO', ''),
(333, 8, '2013-01-30', 'VENDA DE PORTA', '', 50.00, 0, 'VENDA DE PORTA', ''),
(334, 8, '2013-01-31', 'VENDA NA PORTA', '', 30.00, 0, 'VENDA NA PORTA', ''),
(335, 8, '2013-01-21', 'ELETRO MEC?NICO ', '', 42.06, 0, 'LAVANDERIA', ''),
(336, 8, '2013-01-30', 'MG PARAFUSOS', '', 70.10, 0, 'LAVANDERIA ', ''),
(337, 8, '2013-01-14', 'INAEL ESTOPAS', '', 29.00, 0, 'VENDA', ''),
(338, 8, '2013-01-22', 'MM CEREALISTA', '', 93.98, 0, 'LANDERIA', ''),
(339, 8, '2013-01-28', 'ENGELMIG ELETRICA', '', 195.17, 0, 'LAVANDERIA', ''),
(340, 8, '2013-01-18', 'EDNA XAVIER ', '', 581.83, 0, 'LAVANDERIA', ''),
(341, 8, '2013-01-15', 'EMPAV EMPREENDIMENTOS ', '', 60.96, 0, 'LAVANDERIA', ''),
(342, 8, '2013-01-28', 'FAXINA SEGURA', '', -60.00, 0, 'FAXINA SEGURA', ''),
(343, 8, '2013-01-24', 'VALE ADTO', '', -150.00, 0, 'NETO', ''),
(344, 8, '2013-01-24', 'VALE ADTO', '', -150.00, 0, 'ADILSON', ''),
(345, 8, '2013-01-24', 'VALE ADTO', '', -100.00, 0, 'MARCOS', ''),
(346, 8, '2013-01-30', 'DIVERSOS', '', -30.74, 0, 'COMPRA', ''),
(347, 8, '2013-01-30', 'FL?VIO COUROS', '', -29.00, 0, 'CADAR?O ', ''),
(348, 8, '2012-12-19', 'SHOPPING DELREY', '', -6.60, 0, 'ESTACIONAMENTO', ''),
(349, 8, '2013-01-20', 'ADIANTAMENTO', '', -150.00, 0, 'NILCE', ''),
(350, 8, '2012-12-19', 'ESTACIONAMENTO UNIMED', '', -6.25, 0, 'ESTACIONAMENTO', ''),
(351, 8, '2013-01-08', 'BH SHOPPING', '', -5.60, 0, 'ESTACIONAMENTO', ''),
(352, 10, '2013-01-02', '	PAGAMENTO EFETUADO 	-', '', 7085.53, 1310000, 'PAGAMENTO EFETUADO -', ''),
(353, 10, '2013-01-02', '	ELETRORARO 02/03', '', -33.30, 0, 'ELETRORARO 02/03', ''),
(354, 10, '2013-01-02', '	INFO PAMPULHA', '', -40.00, 2224400, 'INFO PAMPULHA', ''),
(355, 10, '2013-01-02', '	ANUIDADE DIFERENCI03/06', '', -24.00, 2223100, 'ANUIDADE DIFERENCI03/06', ''),
(356, 10, '2013-01-02', '	RIO CLARO PNEUS 07/10 ', '', -138.98, 2224400, 'RIO CLARO PNEUS 07/10', ''),
(357, 10, '2013-01-02', '	TAM LINHAS AEREAS 05/05 ', '', -597.54, 2222600, 'TAM LINHAS AEREAS 05/05', ''),
(358, 10, '2013-01-02', '	LEROY MERLIN CONTA04/10 ', '', -145.20, 2224400, 'LEROY MERLIN CONTA04/10', ''),
(359, 10, '2013-01-02', '	ELMO CALCADOS FIL 04/06', '', -32.52, 2221500, 'ELMO CALCADOS FIL 04/06', ''),
(360, 10, '2013-01-02', '	PONTO FRIO LJ 428 03/10 ', '', -214.63, 2224300, 'PONTO FRIO LJ 428 03/10', ''),
(361, 10, '2013-01-02', '	G R UM EDITORA 03/06', '', -36.00, 2222500, 'G R UM EDITORA 03/06', ''),
(362, 10, '2013-01-02', '	SOS DOS FOGOES 03/03', '', -79.70, 0, 'SOS DOS FOGOES 03/03', ''),
(363, 10, '2013-01-02', '	PAPEL NOVO 02/02', '', -77.50, 2114300, 'PAPEL NOVO 02/02', ''),
(364, 10, '2013-01-02', '	GRANDLUB 02/02 ', '', -127.50, 2221400, 'GRANDLUB 02/02', ''),
(365, 10, '2013-01-02', '	CASA DOS COLCHOES 02/10 ', '', -136.00, 2224300, 'CASA DOS COLCHOES 02/10', ''),
(366, 10, '2013-01-02', '	BORRACHAS UNIAO 02/03 ', '', -122.54, 2224400, 'BORRACHAS UNIAO 02/03', ''),
(367, 10, '2013-01-02', '	IVAL MAT DE CONSTR02/03', '', -61.22, 2222400, 'IVAL MAT DE CONSTR02/03', ''),
(368, 10, '2013-01-02', '	PAPEL NOVO SHOPPING', '', -72.00, 2114300, 'PAPEL NOVO SHOPPING', ''),
(369, 10, '2013-01-02', '	MERCADAO PRODUTOR RURA', '', -32.00, 2222400, 'MERCADAO PRODUTOR RURA', ''),
(370, 10, '2013-01-02', '	PONTO ELETRICO', '', -44.80, 2224400, 'PONTO ELETRICO', ''),
(371, 10, '2013-01-02', '	MERCADOPAGO', '', -39.90, 2221300, 'MERCADOPAGO', ''),
(372, 10, '2013-01-02', '	ANUIDADE DIFERENCI03/06', '', -12.00, 2223100, 'ANUIDADE DIFERENCI03/06', ''),
(373, 10, '2013-01-02', '	POSTO CLEARGEL ', '', -193.80, 2221400, 'POSTO CLEARGEL', ''),
(374, 10, '2013-01-02', '	PAPEL NOVO', '', -85.00, 2114300, 'PAPEL NOVO', ''),
(375, 10, '2013-01-02', '	POSTO ASSIS ', '', -157.87, 2221400, 'POSTO ASSIS', ''),
(376, 10, '2013-01-02', '	POSTO SUPRICEL BELO HO ', '', -176.11, 2221400, 'POSTO SUPRICEL BELO HO', ''),
(377, 10, '2013-01-02', '	TUDO NA BRASA ', '', -184.84, 2221100, 'TUDO NA BRASA ', ''),
(378, 10, '2013-01-02', '	PANIFICADORA GIARDINO', '', -14.27, 2221100, 'PANIFICADORA GIARDINO', ''),
(379, 10, '2013-01-02', '	PAPEL PLASTIC ', '', -242.34, 2113200, 'PAPEL PLASTIC', ''),
(380, 10, '2013-01-02', '	PONTO ELETRICO', '', -14.40, 2224400, 'PONTO ELETRICO', ''),
(381, 10, '2013-01-02', '	PONTO FRIO LJ 428 01/10 ', '', -189.42, 2224400, 'PONTO FRIO LJ 428 01/10', ''),
(382, 10, '2013-01-02', '	COMPRA VIA PAGSEGURO', '', -30.00, 2221300, 'COMPRA VIA PAGSEGURO', ''),
(383, 10, '2013-01-02', '	APOIO I ', '', -210.08, 2221100, 'APOIO I', ''),
(384, 10, '2013-01-02', '	EMBRAMINAS', '', -20.00, 2113200, 'EMBRAMINAS', ''),
(385, 10, '2013-01-02', '	POSTO SUPRICEL BELO HO ', '', -155.17, 2221400, 'POSTO SUPRICEL BELO HO', ''),
(386, 10, '2013-01-02', '	AGIL PRODUTOS', '', -18.40, 0, 'AGIL PRODUTOS', ''),
(387, 10, '2013-01-02', '	CIRCUITO ALINHAMENTO L ', '', -220.00, 2224200, 'CIRCUITO ALINHAMENTO L', ''),
(388, 10, '2013-01-02', '	SOS DOS FOGOES ', '', -219.90, 2224400, 'SOS DOS FOGOES', ''),
(389, 10, '2013-01-02', '	GIARDINO PANNE', '', -32.05, 2221100, 'GIARDINO PANNE', ''),
(390, 10, '2013-01-02', '	DROGARIA ARAUJO CEASA', '', -67.69, 2221100, 'DROGARIA ARAUJO CEASA', ''),
(391, 10, '2013-01-02', '	CHALES BAR', '', -59.00, 2221100, 'CHALES BAR', ''),
(392, 10, '2013-01-02', '	CHALES BAR ', '', -810.00, 2221100, 'CHALES BAR', ''),
(393, 10, '2013-01-02', '	CHALES BAR', '', -67.76, 2221100, 'CHALES BAR', ''),
(394, 10, '2013-01-02', '	PANIFICADORA GIARDINO', '', -58.63, 2221100, 'PANIFICADORA GIARDINO', ''),
(395, 10, '2013-01-02', '	POSTO CLEARGEL ', '', -184.00, 2221400, 'POSTO CLEARGEL', ''),
(396, 10, '2013-01-02', '	TAMBASA ATACADISTA', '', -31.87, 2113200, 'TAMBASA ATACADISTA', ''),
(397, 10, '2013-01-02', '	TUDO PARA FAZENDA', '', -40.00, 2222400, 'TUDO PARA FAZENDA', ''),
(398, 10, '2013-01-02', '	J F COURO', '', -142.50, 2113200, 'J F COURO', ''),
(399, 1, '2013-01-23', 'DOC devolvido            ', '100007', 1807.81, 0, 'DOC devolvido            ', ''),
(400, 1, '2013-01-23', 'Cobran?a                 ', '058222', 250.87, 0, 'Cobran?a                 ', ''),
(401, 1, '2013-01-23', 'Pagamento de T?tulo      ', '012301', -330.00, 0, 'BANCO BRADESCO S.A.                   \r\n', ''),
(402, 1, '2013-01-23', 'D?bito Servi?o Cobran?a  ', '001009', -3.50, 0, 'D?bito Servi?o Cobran?a  ', ''),
(403, 1, '2013-01-23', 'D?bito Servi?o Cobran?a  ', '008686', -13.00, 0, 'D?bito Servi?o Cobran?a  ', ''),
(404, 1, '2013-01-23', 'Cheque Compensado        ', '854239', -178.00, 0, 'Cheque Compensado        ', ''),
(405, 1, '2013-01-23', 'Cheque Compensado        ', '854241', -110.00, 0, 'Cheque Compensado        ', ''),
(406, 1, '2013-01-23', 'Cheque Compensado        ', '854264', -200.00, 0, 'Cheque Compensado        ', ''),
(407, 1, '2013-01-23', 'Cheque Compensado        ', '854265', -289.00, 0, 'Cheque Compensado        ', ''),
(408, 1, '2013-01-23', 'Cheque Compensado        ', '854266', -90.00, 0, 'Cheque Compensado        ', ''),
(409, 1, '2013-01-24', 'Estorno de D?bito        ', '012401', 266.00, 0, 'Estorno de D?bito        ', ''),
(410, 1, '2013-01-24', 'Cobran?a                 ', '055895', 1203.07, 0, 'Cobran?a                 ', ''),
(411, 1, '2013-01-24', 'Transfer?ncia on line    ', '050817', -300.00, 0, '24/01 1222      50817-9 ANANDA VIEIRA \r\n', ''),
(412, 1, '2013-01-24', 'Transfer?ncia on line    ', '050819', -200.00, 0, '24/01 1222      50819-5 IGOR SANTOS CO\r\n', ''),
(413, 1, '2013-01-24', 'Transferido para Poupan', '050818', -150.00, 0, '24/01 1222  510050818-X BIANCA VIEIRA \r\n', ''),
(414, 1, '2013-01-24', 'D?bito Servi?o Cobran?a  ', '055895', -75.34, 0, 'D?bito Servi?o Cobran?a  ', ''),
(415, 1, '2013-01-24', 'Pagamento de T?tulo      ', '012401', -266.00, 0, 'Pagamento de T?tulo      ', ''),
(416, 1, '2013-01-24', 'Pagamento de T?tulo      ', '012402', -266.00, 0, 'LEVERCLEAN COMERCIAL LTDA - ME        \r\n', ''),
(417, 1, '2013-01-24', 'Pagamento de T?tulo      ', '012403', -1346.15, 0, 'SEGURA UNIFORMES E EQUIPAMENTO        \r\n', ''),
(418, 1, '2013-01-24', 'Pagamento de T?tulo      ', '012404', -68.33, 0, 'SEGURA UNIFORMES E EQUIPAMENTO        \r\n', ''),
(419, 1, '2013-01-24', 'BB Giro Flex             ', '000505', -267.07, 0, 'BB Giro Flex             ', ''),
(420, 1, '2013-01-24', 'D?bito Servi?o Cobran?a  ', '005904', -6.00, 0, 'D?bito Servi?o Cobran?a  ', ''),
(421, 1, '2013-01-25', 'Cobran?a                 ', '055362', 1865.23, 0, 'Cobran?a                 ', ''),
(422, 1, '2013-01-25', 'Saque com cart?o         ', '783933', -150.00, 0, '25/01 15:12 SOP-CEASA-CONTAGEM        \r\n', ''),
(423, 8, '2013-01-25', 'Saque com cart?o         ', '783933', 150.00, 1310000, '25/01 15:12 SOP-CEASA-CONTAGEM        \r\n', ''),
(424, 1, '2013-01-25', 'Pagamento de T?tulo      ', '012501', -311.00, 0, 'ITAU UNIBANCO S.A.                    \r\n', ''),
(425, 1, '2013-01-25', 'BB Giro Flex             ', '001508', -290.25, 0, 'BB Giro Flex             ', ''),
(426, 1, '2013-01-25', 'Empr?stimo               ', '000337', -721.56, 0, 'Empr?stimo               ', ''),
(427, 1, '2013-01-25', 'BB Giro Flex             ', '000509', -392.67, 0, 'BB Giro Flex             ', ''),
(428, 1, '2013-01-25', 'D?bito Servi?o Cobran?a  ', '011452', -10.40, 0, 'D?bito Servi?o Cobran?a  ', ''),
(429, 1, '2013-01-25', 'Cheque Compensado        ', '854175', -2000.00, 0, 'Cheque Compensado        ', ''),
(430, 1, '2013-01-25', 'Cheque Compensado        ', '854248', -950.00, 0, 'Cheque Compensado        ', ''),
(431, 1, '2013-01-25', 'Cheque Compensado        ', '854274', -1808.00, 0, 'Cheque Compensado        ', ''),
(432, 1, '2013-01-25', 'Cheque Compensado        ', '854281', -70.00, 0, 'Cheque Compensado        ', ''),
(433, 1, '2013-01-25', 'Brasilprev               ', '013597', -72.50, 0, 'Brasilprev               ', ''),
(434, 1, '2013-01-25', 'Brasilprev               ', '013597', -72.50, 0, 'Brasilprev               ', ''),
(435, 1, '2013-01-25', 'Brasilprev               ', '013597', -72.50, 0, 'Brasilprev               ', ''),
(436, 1, '2013-01-25', 'Pagto Mensalidade Seguro ', '040069', -333.76, 0, 'Pagto Mensalidade Seguro ', ''),
(437, 1, '2013-01-25', 'Pagto Mensalidade Seguro ', '040069', -167.34, 0, 'Pagto Mensalidade Seguro ', ''),
(438, 1, '2013-01-28', 'Transfer?ncia on line    ', '026698', 600.00, 0, '28/01 4888      26698-1 KATIA VIEIRA S\r\n', ''),
(439, 1, '2013-01-28', 'Dep?sito COMPE           ', '925686', 970.62, 0, '341 0587 11630367000105 DIRECIONAL CAP\r\n', ''),
(440, 1, '2013-01-28', 'TED Transf.Eletr.Dispon', '293664', 16550.00, 0, '399 0357    95390600959 CLODOALDO APAR\r\n', ''),
(441, 1, '2013-01-28', 'Cobran?a                 ', '077627', 4243.67, 0, 'Cobran?a                 ', ''),
(442, 1, '2013-01-28', 'Cheque Pago Outra Ag?ncia', '854275', -450.00, 0, 'Cheque Pago Outra Ag?ncia', ''),
(443, 1, '2013-01-28', 'Saque com cart?o         ', '937891', -200.00, 0, '27/01 17:36 SOP-DIAMOND               \r\n', ''),
(444, 8, '2013-01-28', 'Saque com cart?o         ', '937891', 200.00, 1310000, '27/01 17:36 SOP-DIAMOND               \r\n', ''),
(445, 1, '2013-01-28', 'Transfer?ncia on line    ', '026698', -2000.00, 0, '28/01 4888      26698-1 KATIA VIEIRA S\r\n', ''),
(446, 1, '2013-01-28', 'Transfer?ncia on line    ', '038585', -2000.00, 0, '28/01 4888      38585-9 RONALDO COSTA \r\n', ''),
(447, 1, '2013-01-28', 'Pagamento de T?tulo      ', '012801', -102.65, 0, 'BANCO BRADESCO S.A.                   \r\n', ''),
(448, 1, '2013-01-28', 'Pagamento de T?tulo      ', '012802', -1870.02, 0, 'ITAU UNIBANCO S.A.                    \r\n', ''),
(449, 1, '2013-01-28', 'Pagto conta telefone     ', '012803', -40.79, 0, 'VIVO MG - TELEMIG                     \r\n', ''),
(450, 1, '2013-01-28', 'TED Transf.Eletr.Disponiv', '012804', -3106.95, 0, 'TED Transf.Eletr.Disponiv', ''),
(451, 1, '2013-01-28', 'Pagamento de T?tulo      ', '012805', -5402.85, 0, 'SEGURA UNIFORMES E EQUIPAMENTO        \r\n', ''),
(452, 1, '2013-01-28', 'BB Giro R?pido           ', '000605', -620.44, 0, 'BB Giro R?pido           ', ''),
(453, 1, '2013-01-28', 'D?bito Servi?o Cobran?a  ', '014894', -2.86, 0, 'D?bito Servi?o Cobran?a  ', ''),
(454, 1, '2013-01-28', 'D?bito Servi?o Cobran?a  ', '008966', -18.20, 0, 'D?bito Servi?o Cobran?a  ', ''),
(455, 1, '2013-01-28', 'Tar DOC/TED Eletr?nico   ', '128533', -7.40, 0, 'Tarifa referente a 28/01/2013         \r\n', ''),
(456, 1, '2013-01-28', 'Cheque Compensado        ', '854207', -833.00, 0, 'Cheque Compensado        ', ''),
(457, 1, '2013-01-28', 'Cheque Compensado        ', '854262', -715.98, 0, 'Cheque Compensado        ', ''),
(458, 1, '2013-01-28', 'Pagamento de Telefone    ', '048314', -1548.14, 0, 'Pagamento de Telefone    ', ''),
(459, 1, '2013-01-29', 'Dep?sito Online          ', '800196', 563.01, 0, 'Dep?sito Online          ', ''),
(460, 1, '2013-01-29', 'Cobran?a                 ', '060296', 7952.83, 0, 'Cobran?a                 ', ''),
(461, 1, '2013-01-29', 'Pagamento de T?tulo      ', '012901', -1404.69, 0, 'SEGURA UNIFORMES E EQUIPAMENTO        \r\n', ''),
(462, 1, '2013-01-29', 'Pagamento de T?tulo      ', '012902', -359.34, 0, 'SEGURA UNIFORMES E EQUIPAMENTO        \r\n', ''),
(463, 1, '2013-01-29', 'Pagamento de T?tulo      ', '012903', -990.28, 0, 'SEGURA UNIFORMES E EQUIPAMENTO        \r\n', ''),
(464, 1, '2013-01-29', 'Pagamento de T?tulo      ', '012904', -578.27, 0, 'SEGURA UNIFORMES E EQUIPAMENTO        \r\n', ''),
(465, 1, '2013-01-29', 'Tar Cust?dia Cheque      ', '027689', -0.38, 0, 'Tarifa referente a 29/01/2013         \r\n', ''),
(466, 1, '2013-01-29', 'D?bito Servi?o Cobran?a  ', '001020', -3.50, 0, 'D?bito Servi?o Cobran?a  ', ''),
(467, 1, '2013-01-29', 'D?bito Servi?o Cobran?a  ', '008145', -7.80, 0, 'D?bito Servi?o Cobran?a  ', ''),
(468, 1, '2013-01-29', 'Cheque Compensado        ', '854277', -67.00, 0, 'Cheque Compensado        ', ''),
(469, 1, '2013-01-29', 'Cheque Compensado        ', '854284', -140.00, 0, 'Cheque Compensado        ', ''),
(470, 1, '2013-01-29', 'Cheque Compensado        ', '854288', -200.00, 0, 'Cheque Compensado        ', ''),
(471, 1, '2013-01-29', 'Desbloqueio de dep?sito  ', '014122', 318.05, 0, 'Desbloqueio de dep?sito  ', ''),
(472, 1, '2013-01-30', 'Transfer?ncia on line    ', '019927', 310.00, 0, '30/01 4208      19927-3 COMERCIAL PLAN\r\n', ''),
(473, 1, '2013-01-30', 'Cobran?a                 ', '060286', 3805.58, 0, 'Cobran?a                 ', ''),
(474, 1, '2013-01-30', 'Pagamento de T?tulo      ', '013001', -1498.12, 0, 'BANCO SANTANDER (BRASIL) S.A.         \r\n', ''),
(475, 1, '2013-01-30', 'Pagamento de T?tulo      ', '013002', -40.00, 0, 'BANCO BRADESCO S.A.                   \r\n', ''),
(476, 1, '2013-01-30', 'Pagamento de T?tulo      ', '013003', -90.30, 0, 'SEGURA UNIFORMES E EQUIPAMENTO        \r\n', ''),
(477, 1, '2013-01-30', 'Pagamento de T?tulo      ', '013004', -320.18, 0, 'SEGURA UNIFORMES E EQUIPAMENTO        \r\n', ''),
(478, 1, '2013-01-30', 'D?bito Servi?o Cobran?a  ', '008326', -28.60, 0, 'D?bito Servi?o Cobran?a  ', ''),
(479, 1, '2013-01-30', 'Cheque Compensado        ', '854276', -195.00, 0, 'Cheque Compensado        ', ''),
(480, 1, '2013-01-30', 'Cheque Compensado        ', '854282', -816.00, 0, 'Cheque Compensado        ', ''),
(481, 1, '2013-01-30', 'Cheque Compensado        ', '854285', -121.00, 0, 'Cheque Compensado        ', ''),
(482, 1, '2013-01-30', 'Desbloqueio de dep?sito  ', '473658', 750.00, 0, 'Desbloqueio de dep?sito  ', ''),
(483, 1, '2013-01-31', 'Cobran?a                 ', '078041', 492.80, 0, 'Cobran?a                 ', '');
INSERT INTO `extratos` (`id`, `id_conta_corrente`, `data_emissao`, `historico`, `numero_doc`, `valor`, `conta_caixa`, `obs`, `vazio`) VALUES
(484, 1, '2013-01-31', 'Saque com cart?o         ', '783933', -1000.00, 0, '31/01 11:50 SOP-CEASA-CONTAGEM        \r\n', ''),
(485, 8, '2013-01-31', 'Saque com cart?o         ', '783933', 1000.00, 1310000, '31/01 11:50 SOP-CEASA-CONTAGEM        \r\n', ''),
(486, 1, '2013-01-31', 'Pagamento de T?tulo      ', '013101', -1451.42, 0, 'SEGURA UNIFORMES E EQUIPAMENTO        \r\n', ''),
(487, 1, '2013-01-31', 'D?bito Servi?o Cobran?a  ', '015286', -2.86, 0, 'D?bito Servi?o Cobran?a  ', ''),
(488, 1, '2013-01-31', 'D?bito Servi?o Cobran?a  ', '007822', -10.40, 0, 'D?bito Servi?o Cobran?a  ', ''),
(489, 1, '2013-01-31', 'Cheque Compensado        ', '854224', -2000.00, 0, 'Cheque Compensado        ', ''),
(490, 1, '2013-01-31', 'Cobran?a de Juros        ', '057709', -282.67, 0, 'Cobran?a de Juros        ', ''),
(491, 1, '2013-01-31', 'Desbloqueio de dep?sito  ', '473583', 81.28, 0, 'Desbloqueio de dep?sito  ', ''),
(492, 2, '2013-01-28', 'Transfer?ncia on line - 28/01 1222      79480-5 SEGURA UNIFORM', '079480', 2000.00, 0, '', ''),
(493, 2, '2013-01-28', 'Transfer?ncia on line - 28/01 1222      79480-5 SEGURA UNIFORM', '079480', -600.00, 0, '', ''),
(494, 2, '2013-01-30', 'Compra com Cart?o - 30/01 20:10  SUPREMO', '172604', -125.45, 0, '', ''),
(495, 3, '2013-01-28', 'Transfer?ncia on line - 28/01 1222      79480-5 SEGURA UNIFORM', '079480', 2000.00, 0, '', ''),
(496, 3, '2013-01-28', 'Pgto BB Cr?d Ve?culo', '074198', -1019.78, 2226120, '', ''),
(497, 4, '2013-01-22', 'Juros', '', 0.27, 0, '', ''),
(498, 6, '2013-01-23', 'TAR DOC INTERNET        ', '', -7.40, 0, '', ''),
(499, 6, '2013-01-24', 'SISPAG  6BRASIL LEGAL C ', '', 666.67, 0, '', ''),
(500, 6, '2013-01-28', 'INT PAG TIT 109000018477', '', -450.45, 0, '', ''),
(501, 6, '2013-01-28', 'INT PAG TIT 109000018485', '', -450.45, 0, '', ''),
(502, 1, '2013-02-01', 'SALDO INICIAL', ' ', -1449.56, 3100000, 'SALDO INICIAL', ''),
(503, 1, '2013-02-01', 'Cobran?a                 ', '074711', 1588.71, 1111300, 'Cobran?a                 ', ''),
(504, 1, '2013-02-01', 'Saque com cart?o         ', '783933', -150.00, 2310000, '01/02 17:10 SOP-CEASA-CONTAGEM        ', ''),
(505, 8, '2013-02-01', 'Saque com cart?o         ', '783933', 150.00, 1310000, '01/02 17:10 SOP-CEASA-CONTAGEM        \r\n', ''),
(506, 1, '2013-02-01', 'Cheque descontado        ', '482208', -840.00, 1111300, 'Cheque descontado        ', ''),
(507, 1, '2013-02-01', 'Pagamento de T?tulo      ', '020101', -69.78, 2113510, 'RODONAVES', ''),
(508, 1, '2013-02-01', 'Pagamento de T?tulo      ', '020102', -121.16, 2114510, 'POWERMAX SEGURANCA PATRIMONIAL        ', ''),
(509, 1, '2013-02-01', 'D?bito Servi?o Cobran?a  ', '015865', -2.86, 2118100, 'D?bito Servi?o Cobran?a  ', ''),
(510, 1, '2013-02-01', 'Cobran?a de I.O.F.       ', '100702', -101.09, 2118100, 'Cobran?a de I.O.F.       ', ''),
(511, 2, '2013-02-01', 'Cobran?a de I.O.F.', '100701', -108.04, 2128100, '', ''),
(512, 2, '2013-02-04', 'Compra com Cart?o - 03/02 13:12  SUPREMO', '147546', -140.59, 2222400, '', ''),
(513, 2, '2013-02-04', 'Compra com Cart?o - 03/02 13:28    LANCHONETE EDVANI', '248511', -27.50, 2223600, '', ''),
(514, 3, '2013-02-01', 'Cobran?a de I.O.F.', '100701', -56.81, 2128100, '', ''),
(515, 6, '2013-02-01', 'IOF                     ', '', -69.71, 2128100, '', ''),
(1324, 10, '2013-02-02', 'PGTO DEBITO CONTA', '', 6848.26, 1310000, 'PGTO DEBITO CONTA', ''),
(1325, 10, '2013-02-02', '	ELETRORARO 03/03', '', -33.30, 2124110, 'ELETRORARO 03/03', ''),
(1326, 10, '2013-02-02', '	ANUIDADE DIFERENCI04/06', '', -24.00, 2128100, 'ANUIDADE DIFERENCI04/06', ''),
(1327, 10, '2013-02-02', '	SEGURO MAXI PROTECA', '', -3.03, 2128100, 'SEGURO MAXI PROTECA', ''),
(1328, 10, '2013-02-02', '	RIO CLARO PNEUS 08/10 ', '', -138.98, 2224000, 'RIO CLARO PNEUS 08/10 ', ''),
(1329, 10, '2013-02-02', '	LEROY MERLIN CONTA05/10 ', '', -145.20, 2224000, 'LEROY MERLIN CONTA05/10 ', ''),
(1330, 10, '2013-02-02', '	ELMO CALCADOS FIL 05/06', '', -32.52, 2222500, 'ELMO CALCADOS FIL 05/06', ''),
(1331, 10, '2013-02-02', '	PONTO FRIO LJ 428 04/10 ', '', -214.63, 2226130, 'PONTO FRIO LJ 428 04/10 ', ''),
(1332, 10, '2013-02-02', '	G R UM EDITORA 04/06', '', -36.00, 2124220, 'G R UM EDITORA 04/06', ''),
(1333, 10, '2013-02-02', '	CASA DOS COLCHOES 03/10 ', '', -136.00, 2223400, 'CASA DOS COLCHOES 03/10 ', ''),
(1334, 10, '2013-02-02', '	BORRACHAS UNIAO 03/03 ', '', -122.54, 2124110, 'BORRACHAS UNIAO 03/03 ', ''),
(1335, 10, '2013-02-02', '	IVAL MAT DE CONSTR03/03', '', -61.22, 2223400, 'IVAL MAT DE CONSTR03/03', ''),
(1336, 10, '2013-02-02', '	PONTO FRIO LJ 428', '', 0.36, 2226130, 'PONTO FRIO LJ 428', ''),
(1337, 10, '2013-02-02', '	PONTO FRIO LJ 428 02/10 ', '', -189.42, 2223720, 'NOTE', ''),
(1338, 10, '2013-02-02', '	J F COUROS 02/02', '', -71.25, 2123200, 'J F COUROS 02/02', ''),
(1339, 10, '2013-02-02', '	ESTADO DE MINAS', '', 0.02, 2222300, 'ESTADO DE MINAS', ''),
(1340, 10, '2013-02-02', '	ESTADO DE MINAS 02/03', '', -43.59, 2222300, 'ESTADO DE MINAS 02/03', ''),
(1341, 10, '2013-02-02', '	COFERMETA', '', 0.04, 2124110, 'COFERMETA', ''),
(1342, 10, '2013-02-02', '	COFERMETA 02/03', '', -53.48, 2124110, 'COFERMETA 02/03', ''),
(1343, 10, '2013-02-02', '	CHALES BAR 02/03 ', '', -155.30, 2222100, 'CHALES BAR 02/03 ', ''),
(1344, 10, '2013-02-02', '	TAMBASA ATACADISTA ', '', -129.61, 2123200, 'TAMBASA ATACADISTA ', ''),
(1345, 10, '2013-02-02', '	EMBOL EMBALAGENS', '', -41.21, 2123200, 'EMBOL EMBALAGENS', ''),
(1346, 10, '2013-02-02', '	PONTO ELETRICO', '', -58.50, 2124110, 'PONTO ELETRICO', ''),
(1347, 10, '2013-02-02', '	ANUIDADE DIFERENCI04/06', '', -12.00, 2128100, 'ANUIDADE DIFERENCI04/06', ''),
(1348, 10, '2013-02-02', '	PANIFICADORA GIARDINO', '', -17.98, 2222100, 'PANIFICADORA GIARDINO', ''),
(1349, 10, '2013-02-02', '	PAGSEGURO', '', -30.00, 2222400, 'PAGSEGURO', ''),
(1350, 10, '2013-02-02', '	EMBOL EMBALAGENS ', '', -126.20, 2123200, 'EMBOL EMBALAGENS ', ''),
(1351, 10, '2013-02-02', '	BOX SERVICE ', '', -171.49, 2222400, 'BOX SERVICE ', ''),
(1352, 10, '2013-02-02', '	NUTRI PASTORIL ', '', -158.90, 2223400, 'NUTRI PASTORIL ', ''),
(1353, 10, '2013-02-02', '	TECNOPACK', '', -27.72, 2123200, 'TECNOPACK', ''),
(1354, 10, '2013-02-02', '	DOG HISTORY PET SHOP', '', -47.90, 2124420, 'DOG HISTORY PET SHOP', ''),
(1355, 10, '2013-02-02', '	PONTO ELETRICO', '', -24.40, 2124110, 'PONTO ELETRICO', ''),
(1356, 10, '2013-02-02', '	APOIO I ', '', -121.06, 2124110, 'APOIO I ', ''),
(1357, 10, '2013-02-02', '	GIARDINO PANNE', '', -23.50, 2222100, 'GIARDINO PANNE', ''),
(1358, 10, '2013-02-02', '	PANIFICADORA GIARDINO', '', -18.65, 2222100, 'PANIFICADORA GIARDINO', ''),
(1359, 10, '2013-02-02', '	LOJAS RENNER FL 6101/03 ', '', -145.84, 2223810, 'LOJAS RENNER FL 6101/03 ', ''),
(1360, 10, '2013-02-02', '	GRANDLUB', '', -50.00, 2224000, 'GRANDLUB', ''),
(1361, 10, '2013-02-02', '	APOIO I', '', -85.83, 2124110, 'APOIO I', ''),
(1362, 10, '2013-02-02', '	PANIFICADORA GIARDINO', '', -38.23, 2222100, 'PANIFICADORA GIARDINO', ''),
(1363, 10, '2013-02-02', '	PORTO NORTE SUL ', '', -162.01, 2222400, 'PORTO NORTE SUL ', ''),
(1364, 10, '2013-02-02', '	POSTO ILAND ', '', -161.01, 2222400, 'POSTO ILAND ', ''),
(1365, 10, '2013-02-02', '	JORNAL O TEMPO', '', -82.36, 2222300, 'JORNAL O TEMPO', ''),
(1366, 10, '2013-02-02', '	POSTO SUPRICEL BELO HO', '', -76.22, 2222400, 'POSTO SUPRICEL BELO HO', ''),
(1367, 10, '2013-02-02', '	CHALES BAR', '', -97.80, 2223600, 'CHALES BAR', ''),
(1368, 10, '2013-02-02', '	PANIFICADORA GIARDINO', '', -18.90, 2222100, 'PANIFICADORA GIARDINO', ''),
(1369, 10, '2013-02-02', '	POSTO SUPRICEL BELO HO ', '', -117.22, 2222400, 'POSTO SUPRICEL BELO HO ', ''),
(1370, 10, '2013-02-02', '	GIARDINO PANNE', '', -33.05, 2222100, 'GIARDINO PANNE', ''),
(1371, 10, '2013-02-02', '	CHALES BAR ', '', -370.00, 2222100, 'CHALES BAR ', ''),
(1372, 10, '2013-02-02', '	MESQUITA MOTORES 01/06', '', -83.35, 2124110, 'MESQUITA MOTORES 01/06', ''),
(1373, 10, '2013-02-02', '	MERCADOPAGO ', '', -119.70, 2222300, 'MERCADOPAGO ', ''),
(1374, 10, '2013-02-02', '	PAINEL TINTAS', '', -19.12, 2224000, 'PAINEL TINTAS', ''),
(1375, 10, '2013-02-02', '	PONTO ELETRICO', '', -48.20, 2124110, 'PONTO ELETRICO', ''),
(1376, 10, '2013-02-02', '	NUTRI PASTORIL', '', -85.50, 2223400, 'NUTRI PASTORIL', ''),
(1377, 10, '2013-02-02', '	PANIFICADORA GIARDINO', '', -77.89, 2222100, 'PANIFICADORA GIARDINO', ''),
(1378, 10, '2013-02-02', '	IVAL MATERIAIS DE CONS', '', -36.80, 2223400, 'IVAL MATERIAIS DE CONS', ''),
(1379, 10, '2013-02-02', '	ISCA VIVA ', '', -129.00, 2223400, 'ISCA VIVA ', ''),
(1380, 10, '2013-02-02', '	DROGARIA ARAUJO', '', -25.32, 2223100, 'DROGARIA ARAUJO', ''),
(1381, 10, '2013-02-02', '	RICARDO ELETRO F2301/10 ', '', -209.90, 2226130, 'RICARDO ELETRO F2301/10 ', ''),
(1382, 10, '2013-02-02', '	CICLOPAULO', '', -84.00, 2223720, 'CICLOPAULO', ''),
(1383, 10, '2013-02-02', '	PONTO FRIO LJ 161 01/10 ', '', -149.00, 2226130, 'PONTO FRIO LJ 161 01/10 ', ''),
(1384, 10, '2013-02-02', '	BIG MAGAZIN GUARARAPES', '', -14.00, 2222500, 'BIG MAGAZIN GUARARAPES', ''),
(1385, 10, '2013-02-02', '	BB SEGURO AUTO ', '', -491.14, 2226150, 'BB SEGURO AUTO ', ''),
(1386, 10, '2013-02-02', '	DROGARIA ARAUJO', '', -56.06, 2223100, 'DROGARIA ARAUJO', ''),
(1387, 10, '2013-02-02', '	TAMBASA ATACADISTA ', '', -222.01, 2123200, 'TAMBASA ATACADISTA ', ''),
(1388, 10, '2013-02-02', '	POSTO SUPRICEL BELO HO ', '', -166.02, 2222400, 'POSTO SUPRICEL BELO HO ', ''),
(1389, 10, '2013-02-02', '	TECNOPACK ', '', -109.75, 2123200, 'TECNOPACK ', ''),
(1390, 10, '2013-02-02', '	SEG COMPRA PROTEGID', '', -7.90, 2128100, 'SEG COMPRA PROTEGID', ''),
(1391, 10, '2013-02-02', '	CASA DAS LONAS LTDA ', '', -110.00, 2124110, 'CASA DAS LONAS LTDA ', ''),
(1392, 10, '2013-02-02', '	NUTRI PASTORIL', '', -70.79, 2223400, 'NUTRI PASTORIL', ''),
(1393, 10, '2013-02-02', '	ESTADO DE MINAS 01/03', '', -29.36, 2222300, 'ESTADO DE MINAS 01/03', ''),
(1394, 10, '2013-02-02', '	PANIFICADORA GIARDINO', '', -54.05, 2222100, 'PANIFICADORA GIARDINO', ''),
(1395, 10, '2013-02-02', '	POSTO ASSIS ', '', -102.62, 2222400, 'POSTO ASSIS ', ''),
(1396, 10, '2013-02-02', '	EMBOL EMBALAGENS', '', -91.79, 2123200, 'EMBOL EMBALAGENS', ''),
(1397, 10, '2013-02-02', '	GRANDLUB', '', -15.00, 2224000, 'GRANDLUB', ''),
(1398, 10, '2013-02-02', '	SACOLAO TOTAL', '', -52.54, 2222100, 'SACOLAO TOTAL', ''),
(1399, 10, '2013-02-02', '	PAULO ROBERTO F', '', -30.84, 2222100, 'PAULO ROBERTO F', ''),
(1400, 10, '2013-02-02', '	POSTO ASSIS ', '', -151.09, 2222400, 'POSTO ASSIS ', ''),
(1401, 10, '2013-02-02', '	PONTO ELETRICO', '', -35.60, 2124110, 'PONTO ELETRICO', ''),
(1402, 10, '2013-02-02', '	PANIFICADORA GIARDINO', '', -28.94, 2222100, 'PANIFICADORA GIARDINO', ''),
(1403, 10, '2013-02-02', '	GIARDINO PANNE', '', -30.84, 2222100, 'GIARDINO PANNE', ''),
(1404, 1, '2013-02-04', 'Dep?sito Online          ', '702348', 546.00, 1111200, 'Dep?sito Online          ', ''),
(1405, 1, '2013-02-04', 'Cobran?a                 ', '124063', 1292.01, 1111300, 'Cobran?a                 ', ''),
(1406, 1, '2013-02-04', 'Transferido para Poupan', '003333', -50.00, 2223500, '04/02 2190  510003333-5 LOJA MACONICA ', ''),
(1407, 1, '2013-02-01', 'Empr?stimo               ', '000345', -73.64, 2118200, 'Empr?stimo               ', ''),
(1408, 1, '2013-02-01', 'BB Giro R?pido           ', '000610', -58.82, 2118200, 'BB Giro R?pido           ', ''),
(1409, 1, '2013-02-04', 'Pagamento de T?tulo      ', '020401', -6848.26, 2310000, 'ITAU UNIBANCO S.A.                    ', ''),
(1410, 1, '2013-02-04', 'D?bito Servi?o Cobran?a  ', '007799', -39.00, 2118100, 'D?bito Servi?o Cobran?a  ', ''),
(1411, 1, '2013-02-04', 'Cheque Compensado        ', '854289', -208.66, 2222100, 'HELVECIO', ''),
(1412, 1, '2013-02-05', 'TED Transf.Eletr.Dispon', '831647', 12000.00, 1310000, '341 8606    41745221620 RONALDO COSTA ', ''),
(1413, 1, '2013-02-05', 'Cobran?a                 ', '093156', 402.72, 1111300, 'Cobran?a                 ', ''),
(1414, 1, '2013-02-05', 'Compra com Cart?o        ', '158516', -177.40, 2223400, '05/02 16:15    AGROPECUARIA VILA      ', ''),
(1415, 1, '2013-02-05', 'Compra com Cart?o        ', '259089', -50.00, 2223400, '05/02 16:24  CAMPO FLORIDO            ', ''),
(1416, 1, '2013-02-05', 'Saque com cart?o         ', '783933', -150.00, 2310000, '05/02 11:50 SOP-CEASA-CONTAGEM        ', ''),
(1417, 8, '2013-02-05', 'Saque com cart?o         ', '783933', 150.00, 1310000, '05/02 11:50 SOP-CEASA-CONTAGEM        \r\n', ''),
(1418, 1, '2013-02-05', 'Transferido para Poupan', '003333', -60.00, 2223500, '05/02 2190  510003333-5 LOJA MACONICA ', ''),
(1419, 1, '2013-02-05', 'D?bito Servi?o Cobran?a  ', '019703', -2.86, 2118100, 'D?bito Servi?o Cobran?a  ', ''),
(1420, 1, '2013-02-05', 'Cheque Compensado        ', '854168', -40.00, 2223100, 'RADIOGRAFIA BIANCA', ''),
(1421, 1, '2013-02-06', 'Cobran?a                 ', '077956', 1718.42, 1111300, 'Cobrança                 ', ''),
(1422, 1, '2013-02-06', 'Transfer?ncia on line    ', '050701', -1153.20, 2123410, '06/02 1222      50701-6 RAFAEL ANTONIO', ''),
(1423, 1, '2013-02-06', 'Transfer?ncia on line    ', '050701', -1000.00, 2123410, '06/02 1222      50701-6 RAFAEL ANTONIO', ''),
(1424, 1, '2013-02-06', 'Pagamento de T?tulo      ', '020601', -559.06, 1111300, 'PGTO P/ BX LOPE E SILVA', ''),
(1425, 1, '2013-02-06', 'D?bito Servi?o Cobran?a  ', '008521', -18.20, 2118100, 'D?bito Servi?o Cobran?a  ', ''),
(1426, 1, '2013-02-06', 'D?bito Servi?o Cobran?a  ', '094944', -8.58, 2118100, 'D?bito Servi?o Cobran?a  ', ''),
(1427, 1, '2013-02-06', 'Cheque Compensado        ', '854291', -200.00, 2113620, 'FRETE LIXO', ''),
(1428, 1, '2013-02-06', 'Pagto TV por Assinatura  ', '043101', -237.60, 2223600, 'Pagto TV por Assinatura  ', ''),
(1429, 1, '2013-02-07', 'Cobran?a                 ', '101848', 3040.35, 1111300, 'Cobran?a                 ', ''),
(1430, 1, '2013-02-07', 'Compra com Cart?o        ', '048184', -154.65, 2222400, '07/02 13:23 POSTO ECO 2               ', ''),
(1431, 1, '2013-02-07', 'Compra com Cart?o        ', '247255', -106.53, 2222100, 'DHF PEIXE E PERNIL', ''),
(1432, 1, '2013-02-07', 'Transfer?ncia on line    ', '033135', -608.93, 2113310, '07/02 1633      33135-X NILCE BEATRIZ ', ''),
(1433, 1, '2013-02-07', 'Folha de Pagamento       ', '004991', -1467.27, 2113310, 'RENATO E LILI', ''),
(1434, 1, '2013-02-07', 'Impostos                 ', '020701', -807.31, 2111200, 'FGTS ARRECADACAO GRF                  ', ''),
(1435, 1, '2013-02-07', 'Impostos                 ', '020702', -54.24, 2223400, 'FGTS ARRECADACAO GRF                  ', ''),
(1436, 1, '2013-02-07', 'Pagamento de T?tulo      ', '020703', -113.47, 2114220, 'TELELISTA 3/12', ''),
(1437, 1, '2013-02-07', 'Pagamento de T?tulo      ', '020704', -876.00, 2113110, '1/2 VERQUIMICA', ''),
(1438, 1, '2013-02-07', 'Emiss?o de DOC           ', '020705', -1000.00, 2113320, '2/3 EMPRESTIMO ADILSON', ''),
(1439, 1, '2013-02-07', 'Emiss?o de DOC           ', '020706', -915.84, 2113310, 'DOC ADILSON', ''),
(1440, 1, '2013-02-07', 'Emiss?o de DOC           ', '020707', -781.05, 2113310, 'Emissao de DOC    ', ''),
(1441, 1, '2013-02-07', 'Emiss?o de DOC           ', '020708', -660.64, 2113310, 'Emissao de DOC        ', ''),
(1442, 1, '2013-02-07', 'Emiss?o de DOC           ', '020709', -428.73, 2113310, 'Emissao de DOC          ', ''),
(1443, 1, '2013-02-07', 'Emiss?o de DOC           ', '020710', -848.64, 2113310, 'DOC ZE RENATO', ''),
(1444, 1, '2013-02-07', 'D?bito Servi?o Cobran?a  ', '007836', -18.20, 2118100, 'D?bito Servi?o Cobran?a  ', ''),
(1445, 1, '2013-02-07', 'Tar Pag Sal?r Cr?d Conta ', '439727', -5.00, 2118100, 'Tarifa referente a 07/02/2013         ', ''),
(1446, 1, '2013-02-07', 'Tar DOC/TED Eletr?nico   ', '123792', -7.40, 2118100, 'Tarifa referente a 07/02/2013         ', ''),
(1447, 1, '2013-02-07', 'Tar DOC/TED Eletr?nico   ', '123793', -7.40, 2118100, 'Tarifa referente a 07/02/2013         ', ''),
(1448, 1, '2013-02-07', 'Tar DOC/TED Eletr?nico   ', '123794', -7.40, 2118100, 'Tarifa referente a 07/02/2013         ', ''),
(1449, 1, '2013-02-07', 'Tar DOC/TED Eletr?nico   ', '123795', -7.40, 2118100, 'Tarifa referente a 07/02/2013         ', ''),
(1450, 1, '2013-02-08', 'DOC devolvido            ', '200031', 428.73, 2113310, 'DOC devolvido            ', ''),
(1451, 1, '2013-02-08', 'DOC devolvido            ', '400019', 660.64, 2113310, 'DOC devolvido            ', ''),
(1452, 1, '2013-02-08', 'DOC devolvido            ', '500016', 781.05, 2113310, 'DOC devolvido            ', ''),
(1453, 1, '2013-02-08', 'Cobran?a                 ', '099538', 5070.79, 1111300, 'Cobran?a                 ', ''),
(1454, 1, '2013-02-08', 'Saque com cart?o         ', '783933', -1000.00, 2310000, '08/02 08:26 SOP-CEASA-CONTAGEM        ', ''),
(1455, 8, '2013-02-08', 'Saque com cart?o         ', '783933', 1000.00, 1310000, '08/02 08:26 SOP-CEASA-CONTAGEM        ', ''),
(1456, 1, '2013-02-08', 'Transfer?ncia on line    ', '025685', -673.03, 2113310, '1804 25685-4 cacirlei mae SAMUEL', ''),
(1457, 1, '2013-02-08', 'Emiss?o de DOC           ', '020801', -759.39, 2113310, 'DOC mae MARCOS', ''),
(1458, 1, '2013-02-08', 'TED Transf.Eletr.Disponiv', '020802', -2000.00, 2310000, 'TED Transf.Eletr.Disponiv', ''),
(1459, 1, '2013-02-08', 'Tar DOC/TED Eletr?nico   ', '144451', -7.40, 2118100, 'Tarifa referente a 08/02/2013         ', ''),
(1460, 1, '2013-02-08', 'Tar DOC/TED Eletr?nico   ', '144452', -7.40, 2118100, 'Tarifa referente a 08/02/2013         ', ''),
(1461, 1, '2013-02-08', 'Tar Cust?dia Cheque      ', '008585', -1.15, 2118100, 'Tarifa referente a 08/02/2013         ', ''),
(1462, 1, '2013-02-08', 'Cheque Compensado        ', '854283', -125.00, 2124110, 'CONSERTO IMPRESSORA', ''),
(1463, 1, '2013-02-08', 'Pagamento de Telefone    ', '042157', -59.15, 2222310, 'Pagamento de Telefone    ', ''),
(1464, 1, '2013-02-08', 'Desbloqueio de dep?sito  ', '014122', 1060.00, 1111200, 'LITORANEA', ''),
(1465, 1, '2013-02-13', 'Cobran?a                 ', '180228', 1292.97, 1111300, 'Cobran?a                 ', ''),
(1466, 1, '2013-02-13', 'Cheque Pago Outra Ag?ncia', '854294', -100.00, 2224000, 'TRATOR', ''),
(1467, 1, '2013-02-13', 'Pagamento de T?tulo      ', '021301', -250.35, 2113610, 'SUPERFICIE QUIMICA', ''),
(1468, 1, '2013-02-13', 'Impostos                 ', '021302', -210.52, 2121300, 'PREF MUNIC DE CONTAGEM                ', ''),
(1469, 1, '2013-02-13', 'Pagamento de T?tulo      ', '021303', -79.90, 2124510, 'CONSTRUSITE', ''),
(1470, 1, '2013-02-13', 'Pagamento de T?tulo      ', '021304', -228.70, 2124420, 'PADARIA SEGURA', ''),
(1471, 1, '2013-02-13', 'Pagamento de T?tulo      ', '021305', -35.00, 2113510, 'BRASIL CARGAS', ''),
(1472, 1, '2013-02-13', 'Pagamento de T?tulo      ', '021306', -1338.99, 1111300, 'PG P/ BX ANTO AUGUSTO 1307,00', ''),
(1473, 1, '2013-02-13', 'Pagamento de T?tulo      ', '021307', -228.39, 2124420, '', ''),
(1474, 1, '2013-02-13', 'BB Giro Flex             ', '001528', -1274.05, 2118200, 'BB Giro Flex             ', ''),
(1475, 1, '2013-02-13', 'BB Giro Flex             ', '000530', -2004.08, 2118200, 'BB Giro Flex             ', ''),
(1476, 1, '2013-02-13', 'BB Giro Flex             ', '000045', -3177.84, 2118200, 'BB Giro Flex             ', ''),
(1477, 1, '2013-02-13', 'D?bito Servi?o Cobran?a  ', '007242', -18.20, 2118100, 'D?bito Servi?o Cobran?a  ', ''),
(1478, 1, '2013-02-13', 'Cheque Compensado        ', '854214', -1100.00, 2122120, 'JOAO CERUTTI', ''),
(1479, 1, '2013-02-13', 'Cheque Compensado        ', '854240', -496.80, 2123200, 'EMBALAGENS', ''),
(1480, 1, '2013-02-13', 'Cheque Compensado        ', '854244', -2000.00, 1111300, 'FABIO', ''),
(1481, 1, '2013-02-13', 'Pagto Energia El?trica   ', '002534', -62.18, 2310000, 'Pagto Energia El?trica   ', ''),
(1482, 1, '2013-02-13', 'Estorno de D?bito        ', '002534', 62.18, 2310000, 'Estorno de D?bito        ', ''),
(1483, 1, '2013-02-13', 'Pagamento de Telefone    ', '015732', -66.66, 2310000, 'Pagamento de Telefone    ', ''),
(1484, 1, '2013-02-13', 'Estorno de D?bito        ', '015732', 66.66, 2310000, 'Estorno de D?bito        ', ''),
(1485, 1, '2013-02-13', 'Cheque descontado        ', '000719', 881.15, 1121120, 'Cheque descontado        ', ''),
(1486, 1, '2013-02-14', 'TED Transf.Eletr.Dispon', '236889', 220000.00, 1310000, '341 8606    54850312691 KATIA VIEIRA D', ''),
(1487, 1, '2013-02-14', 'Cobran?a                 ', '088426', 4864.99, 1111300, 'Cobran?a                 ', ''),
(1488, 1, '2013-02-13', 'Empr?stimo               ', '000348', 5000.00, 1113100, 'Empr?stimo               ', ''),
(1489, 1, '2013-02-14', 'Saque com cart?o         ', '783933', -150.00, 2310000, '14/02 16:04 SOP-CEASA-CONTAGEM        ', ''),
(1490, 8, '2013-02-14', 'Saque com cart?o         ', '783933', 150.00, 1310000, '14/02 16:04 SOP-CEASA-CONTAGEM        \r\n', ''),
(1491, 1, '2013-02-14', 'Transfer?ncia on line    ', '026051', -2352.18, 2113330, '14/02 2818      26051-7 GREGORIO ALVES', ''),
(1492, 1, '2013-02-14', 'Transfer?ncia on line    ', '026698', -35000.00, 2310000, '14/02 4888      26698-1 KATIA VIEIRA S', ''),
(1493, 1, '2013-02-14', 'Transfer?ncia on line    ', '038585', -28000.00, 2310000, '14/02 4888      38585-9 RONALDO COSTA ', ''),
(1494, 1, '2013-02-14', 'Empr?stimo               ', '000345', -1272.88, 2119130, 'Empr?stimo               ', ''),
(1495, 1, '2013-02-14', 'Impostos                 ', '021401', -1168.89, 2113330, 'FGTS ARREC GRRF                       ', ''),
(1496, 1, '2013-02-14', 'Pagamento de T?tulo      ', '021402', -875.79, 2113110, 'VERQUIMICA PERCLORO', ''),
(1497, 1, '2013-02-14', 'Pagamento conta luz      ', '021403', -62.18, 2223400, 'CEMIG DISTRIBUICAO                    ', ''),
(1498, 1, '2013-02-14', 'Pagto conta telefone     ', '021404', -66.66, 2222300, 'TNL PCS SA- OI MOVEL                  ', ''),
(1499, 1, '2013-02-14', 'D?bito Servi?o Cobran?a  ', '000956', -3.50, 2118100, 'D?bito Servi?o Cobran?a  ', ''),
(1500, 1, '2013-02-14', 'D?bito Servi?o Cobran?a  ', '008607', -10.40, 2118100, 'D?bito Servi?o Cobran?a  ', ''),
(1501, 1, '2013-02-14', 'Tar Cust?dia Cheque      ', '294702', -0.38, 2118100, 'Tarifa referente a 14/02/2013         ', ''),
(1502, 1, '2013-02-14', 'TARIFA DESC CHEQUES LIBER', '333235', -4.75, 2118100, 'Tarifa referente a 14/02/2013         ', ''),
(1503, 1, '2013-02-14', 'Cheque Compensado        ', '854300', -79.50, 2223600, 'BAR ELVÉCIO', ''),
(1504, 1, '2013-02-15', 'Transfer?ncia on line    ', '026698', 8000.00, 1310000, '15/02 4888      26698-1 KATIA VIEIRA S', ''),
(1505, 1, '2013-02-15', 'Dep?sito COMPE           ', '625817', 274.82, 1111200, '104 4157 11145668000143 BICALHO EMPREE', ''),
(1506, 1, '2013-02-15', 'Cobran?a                 ', '071444', 3772.56, 1111300, 'Cobran?a                 ', ''),
(1507, 1, '2013-02-15', 'Saque com cart?o         ', '571106', -20013.20, 2310000, '2 e FIM COMISSAO DECIO LOTE', ''),
(1508, 8, '2013-02-15', 'Saque com cart?o         ', '571106', 20013.20, 1310000, '15/02 16:36 PSO B.HORIZONTE I   MG    ', ''),
(1509, 1, '2013-02-15', 'Transfer?ncia on line    ', '026698', -13500.00, 2310000, '15/02 4888      26698-1 KATIA VIEIRA S', ''),
(1510, 1, '2013-02-15', 'Transfer?ncia on line    ', '026698', -3000.00, 2310000, '15/02 4888      26698-1 KATIA VIEIRA S', ''),
(1511, 1, '2013-02-15', 'Pagamento de T?tulo      ', '021501', -517.44, 2112110, 'EMATEX', ''),
(1512, 1, '2013-02-15', 'Pagamento de T?tulo      ', '021502', -32.00, 2227100, 'MEDICOS SEM FRONTEIRA', ''),
(1513, 1, '2013-02-15', 'Pagamento de T?tulo      ', '021503', -934.00, 2223200, 'COLEGUIUM IGOR', ''),
(1514, 1, '2013-02-15', 'Pagamento de T?tulo      ', '021504', -918.00, 2223200, 'COLEGUIUM BIANCA', ''),
(1515, 1, '2013-02-15', 'INSS Arrecada??o         ', '021505', -135.60, 2223400, 'GPS- Ident.:     16884554534 - 01/2013', ''),
(1516, 1, '2013-02-15', 'Impostos                 ', '021506', -110.09, 2111100, 'ICMS', ''),
(1517, 1, '2013-02-15', 'Pagamento de T?tulo      ', '021507', -134.92, 2113620, 'LIXO MACAUBAS', ''),
(1518, 1, '2013-02-15', 'Pagamento de T?tulo      ', '021508', -120645.11, 2226110, 'LIQUIDACAO CASA CABRAL', ''),
(1519, 1, '2013-02-15', 'BB Giro Flex             ', '001533', -472.37, 2118200, 'BB Giro Flex             ', ''),
(1520, 1, '2013-02-15', 'BB Giro Flex             ', '000533', -3183.98, 2118200, 'BB Giro Flex             ', ''),
(1521, 1, '2013-02-15', 'D?bito Servi?o Cobran?a  ', '008579', -23.40, 2118100, 'D?bito Servi?o Cobran?a  ', ''),
(1522, 1, '2013-02-15', 'Cheque Compensado        ', '854278', -693.10, 2124510, 'HONORARIOS JOPHAL', ''),
(1523, 1, '2013-02-15', 'Cheque Compensado        ', '854279', -405.00, 2113310, 'RESTAURANTE SEGURA', ''),
(1524, 1, '2013-02-15', 'Cheque Compensado        ', '854286', -425.00, 2122120, 'LUVAS CLEUSA', ''),
(1525, 1, '2013-02-15', 'Cheque Compensado        ', '854293', -270.00, 2223400, 'PEIXE', ''),
(1528, 2, '2013-02-05', 'Tarifa Pacote de Servi?os - Tarifa referente a 05/02/2013', '064530', -38.00, 2225100, '', ''),
(1529, 2, '2013-02-05', 'Cobran?a de Juros', '058901', -1287.97, 2118200, '', ''),
(1530, 2, '2013-02-14', 'Transfer?ncia on line - 14/02 1222      79480-5 SEGURA UNIFORM', '079480', 35000.00, 1310000, '', ''),
(1531, 2, '2013-02-15', 'Transfer?ncia on line - 15/02 1222      79480-5 SEGURA UNIFORM', '079480', 13500.00, 1310000, '', ''),
(1532, 2, '2013-02-15', 'Transfer?ncia on line - 15/02 1222      79480-5 SEGURA UNIFORM', '079480', 3000.00, 1310000, '', ''),
(1533, 2, '2013-02-15', 'Dep?sito COMPE - 341 8606    41745221620 RONALDO COSTA', '602431', 3000.00, 1310000, '', ''),
(1534, 2, '2013-02-15', 'Compra com Cart?o - 15/02 12:24  SUPREMO', '144670', -150.81, 2222400, '', ''),
(1535, 2, '2013-02-15', 'Transfer?ncia on line - 15/02 1222      79480-5 SEGURA UNIFORM', '079480', -8000.00, 2310000, '', ''),
(1536, 2, '2013-02-15', 'Transfer?ncia on line - 15/02 4888      38585-9 RONALDO COSTA', '038585', -5000.00, 2310000, '', ''),
(1537, 2, '2013-02-15', 'Pgto CDC Empr Eletr?nico', '213243', -13476.80, 2128200, 'LIQ EMPRESTIMO BBK', ''),
(1538, 2, '2013-02-15', 'BB Cons?rcio - Presta?', '23069', -640.13, 2226120, '1/40 CARRO ANANDA', ''),
(1539, 3, '2013-02-05', 'Tarifa Pacote de Servi?os - Tarifa referente a 05/02/2013', '064574', -38.00, 2225100, '', ''),
(1540, 3, '2013-02-05', 'Cobran?a de Juros', '058901', -1300.68, 2118200, '', ''),
(1541, 3, '2013-02-13', 'Pgto CDC Empr Eletr?nico', '017529', -190.49, 2128200, '', ''),
(1542, 3, '2013-02-13', 'Pagto cart?o cr?dito', '886086', -97.13, 2310000, '', ''),
(1543, 3, '2013-02-13', 'Estorno de D?bito', '886086', 97.13, 1310000, '', ''),
(1544, 3, '2013-02-14', 'Transfer?ncia on line - 14/02 1222      79480-5 SEGURA UNIFORM', '079480', 28000.00, 1310000, '', ''),
(1545, 3, '2013-02-14', 'Pgto CDC Empr Eletr?nico', '009682', -68.17, 2128200, '', ''),
(1546, 3, '2013-02-14', 'Pagto cart?o cr?dito', '886086', -97.13, 2310000, '', ''),
(1547, 3, '2013-02-15', 'Transfer?ncia on line - 15/02 4888      26698-1 KATIA VIEIRA S', '026698', 5000.00, 1310000, '', ''),
(1548, 3, '2013-02-15', 'Saque com cart?o - 15/02 16:35 PSO B.HORIZONTE I   MG', '571106', -5000.00, 2310000, '', ''),
(1549, 5, '2013-02-13', 'Juros', '', 0.46, 2128200, '', ''),
(1550, 6, '2013-02-04', 'DOC 104.0893REVESTIL REV', '', 970.00, 2223100, 'UNIMED VANINHA', ''),
(1551, 6, '2013-02-05', 'INT TED   875566 itau kr', '', -12000.00, 2310000, '', ''),
(1552, 6, '2013-02-05', 'CREDIARIO AUTOM   03/06 ', '', -3537.20, 2128200, 'LANCHA', ''),
(1553, 6, '2013-02-07', 'TAR TED INTERNET        ', '', -7.40, 2118100, '', ''),
(1554, 6, '2013-02-08', 'TBI 7771.31886-7/500    ', '', -1890.00, 2113310, 'RAPHAEL, FABIANO E FABRÍCIO', ''),
(1555, 6, '2013-02-08', 'TED 001.1222SEGURA UNIF ', '', 2000.00, 2310000, '', ''),
(1556, 6, '2013-02-14', 'DOCD INT929548  itau kr ', '', -1500.00, 2310000, '', ''),
(1557, 6, '2013-02-14', 'AG. TED   354394        ', '', -220000.00, 2310000, '', ''),
(1558, 6, '2013-02-14', 'TEC DEPOSITO DINHEIRO   ', '', 249000.00, 1222100, 'ULTIMA PARTE APTO CASTELO', ''),
(1559, 6, '2013-02-14', 'DEVDOC929548 14/02 MOT57', '', 1500.00, 1310000, '', ''),
(1560, 6, '2013-02-15', 'DOC INT 602431          ', '', -3000.00, 2310000, '', ''),
(1561, 6, '2013-02-15', 'PAGTO CONTAS COM CARTAO ', '', -9914.20, 2128200, 'LIQ EMPRESTIMO LANCHA', ''),
(1562, 9, '2013-02-16', 'PGTO DEBITO CONTA 4888 ', '', 3594.64, 2310000, 'PGTO DEBITO CONTA 4888 ', ''),
(1563, 9, '2013-02-16', 'PALOMA RODRIGUES       ', '', -13.50, 2222500, 'PALOMA RODRIGUES       ', ''),
(1564, 9, '2013-02-16', 'PANIFICADORA GIARDINO  ', '', -11.25, 2222100, 'PANIFICADORA GIARDINO  ', ''),
(1565, 9, '2013-02-16', 'ESPORTE CLUBE ACADEMIA ', '', -40.00, 2223710, 'ESPORTE CLUBE ACADEMIA ', ''),
(1566, 9, '2013-02-16', 'GIARDINO PANNE         ', '', -10.52, 2222100, 'GIARDINO PANNE         ', ''),
(1567, 9, '2013-02-16', 'CAFE DE MANHA          ', '', -38.88, 2222100, 'CAFE DE MANHA          ', ''),
(1568, 9, '2013-02-16', 'MULTI FESTA            ', '', -30.74, 2223720, 'MULTI FESTA            ', ''),
(1569, 9, '2013-02-16', 'PAULO ROBERTO F        ', '', -22.31, 2222100, 'PAULO ROBERTO F        ', ''),
(1570, 9, '2013-02-16', 'CINEART BOULEVARD      ', '', -50.00, 2223720, 'CINEART BOULEVARD      ', ''),
(1571, 9, '2013-02-16', 'ANDREIA DA ROCHA FERRA ', '', -40.00, 2222500, 'ANDREIA DA ROCHA FERRA ', ''),
(1572, 9, '2013-02-16', 'ARCANJO GONC COM MOD   ', '', -30.00, 2222500, 'ARCANJO GONC COM MOD   ', ''),
(1573, 9, '2013-02-16', 'ALNOY J G MATA         ', '', -38.80, 2222500, 'ALNOY J G MATA         ', ''),
(1574, 9, '2013-02-16', 'ELAINE BIJUTERIAS      ', '', -15.00, 2223730, 'PULSEIRA', ''),
(1575, 9, '2013-02-16', 'DAYANE L GONCALVES     ', '', -30.00, 2223730, '2 PULSEIRAS', ''),
(1576, 9, '2013-02-16', 'BLESSED ACESSORIOS     ', '', -45.00, 2223730, 'RELOGIO', ''),
(1577, 9, '2013-02-16', 'CAFE DE MANHA          ', '', -31.77, 2222100, 'CAFE DE MANHA          ', ''),
(1578, 9, '2013-02-16', 'EUSILANE DE LOURDES SO ', '', -15.00, 2222500, 'EUSILANE DE LOURDES SO ', ''),
(1579, 9, '2013-02-16', 'PAULO ROBERTO F        ', '', -36.64, 2222100, 'PAULO ROBERTO F        ', ''),
(1580, 9, '2013-02-16', 'PAULO ROBERTO F        ', '', -15.13, 2222100, 'PAULO ROBERTO F        ', ''),
(1581, 9, '2013-02-16', 'POSTO ENTR OBRIGATORIA ', '', -139.60, 2222400, 'POSTO ENTR OBRIGATORIA ', ''),
(1582, 9, '2013-02-16', 'PAULO ROBERTO F        ', '', -36.79, 2222100, 'PAULO ROBERTO F        ', ''),
(1583, 9, '2013-02-16', 'CONFECCOES HOFFMAN     ', '', -60.70, 2223200, 'CONFECCOES HOFFMAN     ', ''),
(1584, 9, '2013-02-16', 'CINEMARK BELVEDERE     ', '', -43.00, 2223820, 'CINEMARK BELVEDERE     ', ''),
(1585, 9, '2013-02-16', 'BONS SERVICOS          ', '', -47.50, 2222500, 'BONS SERVICOS          ', ''),
(1586, 9, '2013-02-16', 'SUPERMERCADOS BH       ', '', -473.03, 2222100, 'SUPERMERCADOS BH       ', ''),
(1587, 9, '2013-02-16', 'TAM LINHAS AE PARC 03/0', '', -61.90, 2211200, 'TAM LINHAS AE PARC 03/0', ''),
(1588, 9, '2013-02-16', 'EXTRA CONTAGE PARC 03/0', '', -41.10, 2222100, 'EXTRA CONTAGE PARC 03/0', ''),
(1589, 9, '2013-02-16', 'IVAL COMERCIO PARC 03/0', '', -37.07, 2223400, 'IVAL COMERCIO PARC 03/0', ''),
(1590, 9, '2013-02-16', 'INVISTA-SE    PARC 03/0', '', -49.75, 2223820, 'INVISTA-SE    PARC 03/0', ''),
(1591, 9, '2013-02-16', 'MARISA LJ 583 PARC 03/0', '', -63.31, 2222500, 'MARISA LJ 583 PARC 03/0', ''),
(1592, 9, '2013-02-16', 'CARD ENTRETEN PARC 03/0', '', -58.33, 2227100, 'CARD ENTRETEN PARC 03/0', ''),
(1593, 9, '2013-02-16', 'ESPORTE CLUBE PARC 02/0', '', -175.00, 2223710, 'ESPORTE CLUBE PARC 02/0', ''),
(1594, 9, '2013-02-16', 'LEITURA ELDOR PARC 02/0', '', -37.66, 2223720, 'LEITURA ELDOR PARC 02/0', ''),
(1595, 9, '2013-02-16', 'DUTY PAID CON PARC 02/0', '', -54.50, 2223820, 'DUTY PAID CON PARC 02/0', ''),
(1596, 9, '2013-02-16', 'ESTADO DE MIN PARC 02/0', '', -20.40, 2222300, 'ESTADO DE MIN PARC 02/0', ''),
(1597, 9, '2013-02-16', 'ESTADO DE MIN PARC 02/0', '', -16.73, 2222300, 'ESTADO DE MIN PARC 02/0', ''),
(1598, 9, '2013-02-16', 'ESTADO DE MIN PARC 02/0', '', -33.06, 2222300, 'ESTADO DE MIN PARC 02/0', ''),
(1599, 9, '2013-02-16', 'MULTIMIX ELET PARC 01/0', '', -87.50, 2224000, 'MULTIMIX ELET PARC 01/0', ''),
(1600, 9, '2013-02-16', 'O BOTICARIO   PARC 01/0', '', -43.83, 2227100, 'O BOTICARIO   PARC 01/0', ''),
(1601, 9, '2013-02-16', 'FLORICULTUR B PARC 01/0', '', -149.54, 2224000, 'FLORICULTUR B PARC 01/0', ''),
(1602, 9, '2013-02-16', 'LEROY MERLIN  PARC 01/0', '', -114.99, 2224000, 'LEROY MERLIN  PARC 01/0', ''),
(1603, 9, '2013-02-16', 'LEROY MERLIN  PARC 01/0', '', -112.44, 2224000, 'LEROY MERLIN  PARC 01/0', ''),
(1604, 9, '2013-02-16', 'LEITURA       PARC 01/0', '', -296.44, 2223200, 'LEITURA       PARC 01/0', ''),
(1605, 9, '2013-02-16', 'LEITURA BH    PARC 01/0', '', -49.99, 2223200, 'LEITURA BH    PARC 01/0', ''),
(1606, 9, '2013-02-16', 'WAZ HARDWARE  PARC 01/0', '', -99.95, 2227100, 'WAZ HARDWARE  PARC 01/0', ''),
(1607, 9, '2013-02-16', 'GROUPON       PARC 01/1', '', -137.49, 2222310, 'GROUPON       PARC 01/1', ''),
(1608, 9, '2013-02-16', 'GERACAO MALHA PARC 01/0', '', -141.68, 2223200, 'GERACAO MALHA PARC 01/0', ''),
(1609, 9, '2013-02-16', 'LEITURA       PARC 01/0', '', -280.62, 2223200, 'LEITURA       PARC 01/0', ''),
(1610, 9, '2013-02-16', 'LEROY MERLIN  PARC 01/0', '', -113.20, 2224000, 'LEROY MERLIN  PARC 01/0', ''),
(1611, 9, '2013-02-16', 'PROTECAO OURO FEV/2013 ', '', -3.00, 2225100, 'PROTECAO OURO FEV/2013 ', ''),
(1612, 12, '2013-02-16', 'PGTO DEBITO CONTA 4888 ', '', 1374.46, 1310000, 'PGTO DEBITO CONTA 4888 ', ''),
(1613, 12, '2013-02-16', 'PAULO ROBERTO F        ', '', -91.41, 2222100, 'PAULO ROBERTO F        ', ''),
(1614, 12, '2013-02-16', 'SACOLAO TOTAL          ', '', -72.96, 2222100, 'SACOLAO TOTAL          ', ''),
(1615, 12, '2013-02-16', 'PAULO ROBERTO F        ', '', -49.52, 2222100, 'PAULO ROBERTO F        ', ''),
(1616, 12, '2013-02-16', 'DROGARIA CABRAL        ', '', -31.90, 2223100, 'DROGARIA CABRAL        ', ''),
(1617, 12, '2013-02-16', 'PAULO ROBERTO F        ', '', -52.19, 2222100, 'PAULO ROBERTO F        ', ''),
(1618, 12, '2013-02-16', 'SUPERMERCADOS BH LJ106 ', '', -472.10, 2222100, 'SUPERMERCADOS BH LJ106 ', ''),
(1619, 12, '2013-02-16', 'SUPERMERCADOS BH LJ106 ', '', -2.98, 2222100, 'SUPERMERCADOS BH LJ106 ', ''),
(1620, 12, '2013-02-16', 'FRIGOLAGUNA            ', '', -439.41, 2222100, 'FRIGOLAGUNA            ', ''),
(1621, 12, '2013-02-16', 'STUDIO FIORI BELEZA    ', '', -45.00, 2223710, 'STUDIO FIORI BELEZA    ', ''),
(1622, 12, '2013-02-16', 'PAULO ROBERTO F        ', '', -20.40, 2222100, 'PAULO ROBERTO F        ', ''),
(1623, 12, '2013-02-16', 'PAULO ROBERTO F        ', '', -21.00, 2222100, 'PAULO ROBERTO F        ', ''),
(1624, 12, '2013-02-16', 'SACOLAO TOTAL          ', '', -72.59, 2222100, 'SACOLAO TOTAL          ', ''),
(1625, 12, '2013-02-16', 'PROTECAO OURO FEV/2013 ', '', -3.00, 2225100, 'PROTECAO OURO FEV/2013 ', ''),
(1626, 13, '2013-02-10', 'PGTO DEBITO CONTA 4888 ', '', 97.13, 1310000, 'PGTO DEBITO CONTA 4888 ', ''),
(1627, 13, '2013-02-10', 'JORNAL BALCAO PARC 03/0', '', -11.83, 2222300, 'JORNAL BALCAO PARC 03/0', ''),
(1628, 13, '2013-02-10', 'JORNAL BALCAO PARC 02/0', '', -28.33, 2222300, 'JORNAL BALCAO PARC 02/0', ''),
(1629, 13, '2013-02-10', 'JORNAL BALCAO PARC 01/0', '', -31.64, 2222300, 'JORNAL BALCAO PARC 01/0', ''),
(1630, 13, '2013-02-10', 'ANUIDADE TIT - PARC 05/', '', -25.33, 2225100, 'ANUIDADE TIT - PARC 05/', ''),
(1631, 10, '2013-02-02', '	IOF PARCELADO EMISSO', '', -2.51, 2128100, 'IOF PARCELADO EMISSO', ''),
(1633, 7, '2013-02-01', 'SALDO INICIAL', ' ', -1319.97, 3100000, 'SALDO INICIAL', ''),
(1634, 7, '2013-02-04', 'Iof Util Limite', ' 877403', -3.41, 2225100, '', ''),
(1635, 7, '2013-02-07', 'Transf Autoriz', ' 302362', -10.20, 2112120, 'THYSSEN ', ''),
(1636, 7, '2013-02-07', 'Enc Lim Credito', ' 877403', -110.92, 2128200, '', ''),
(1640, 8, '2013-02-16', 'ESTACINAMENTO', '', -5.60, 2222400, '', ''),
(1641, 8, '2013-02-01', 'MESADA ANANDA', '', -25.00, 2223710, 'SALAO', ''),
(1642, 8, '2013-02-01', 'MESADA BIANCA', '', -25.00, 2223820, 'SALAO', ''),
(1643, 8, '2013-02-01', 'K', '', -20.00, 2223820, 'SALAO K', ''),
(1645, 8, '2013-02-01', 'PIZZA KAI', '', -20.00, 2223600, '', ''),
(1646, 8, '2013-02-01', 'TEATRO KAI', '', -45.00, 2223600, '', ''),
(1647, 8, '2013-02-01', 'TRANSP MARI KAI', '', -35.00, 2223600, '', ''),
(1648, 8, '2013-02-15', 'MESADA BIANCA', '', -40.00, 2223730, 'SALAO', ''),
(1649, 8, '2013-02-15', 'MESADA ANANDA', '', -50.00, 2223710, 'PATIO', ''),
(1650, 8, '2013-02-15', 'MESADA IGOR', '', -25.00, 2223720, 'BOULEVARD', ''),
(1651, 8, '2013-02-15', 'MESADA BIANCA', '', -25.00, 2223730, 'BOULEVARD', ''),
(1652, 8, '2013-02-15', 'K', '', -25.00, 2223820, 'BOULEVARD', ''),
(1655, 8, '2013-02-15', 'EXPRESSO CULTURAL', '', -17.00, 2223200, 'ALUGUEL LIVROS ', ''),
(1656, 8, '2013-02-05', 'INTERCAST', '', -21.50, 2112120, 'SUCATA', ''),
(1657, 8, '2013-02-07', 'TELAS PRADO', '', 55.00, 1121120, 'VENDA USADO', ''),
(1659, 8, '2013-02-08', 'VENDA PORTA', '', 20.00, 1121120, 'VENDA USADO', ''),
(1660, 8, '2013-02-14', 'BY FACILITIIEIS', '', 98.72, 1111200, 'LAVANDERIA', ''),
(1661, 8, '2013-02-06', 'VENDA PORTA', '', 10.00, 1121120, 'VENDA USADO', ''),
(1662, 8, '2013-02-22', 'VENDA J CERUTTI', '', 1950.00, 1121120, 'SUCATA', ''),
(1664, 8, '2013-02-06', 'BH COLETA', '', 150.67, 1111200, 'LAVANDERIA', ''),
(1665, 8, '2013-02-18', 'FOX EQUIP', '', 111.76, 1111200, 'LAVANDERIA', ''),
(1666, 8, '2013-02-15', 'DESP APTO CASTELO', '', -25013.20, 2226110, 'COMISSAO DECIO', ''),
(1667, 8, '2013-02-15', 'SAQUE BBR', '', 5000.00, 1310000, '', ''),
(1668, 1, '0000-00-00', '', '', 0.00, 0, '', ''),
(1669, 1, '0000-00-00', '', '', 0.00, 0, '', ''),
(1670, 1, '0000-00-00', '', '', 0.00, 0, '', ''),
(1671, 1, '0000-00-00', '', '', 0.00, 0, '', ''),
(1672, 1, '0000-00-00', '', '', 0.00, 0, '', ''),
(1673, 1, '0000-00-00', '', '', 0.00, 0, '', ''),
(1674, 1, '0000-00-00', '', '', 0.00, 0, '', ''),
(1675, 1, '0000-00-00', '', '', 0.00, 0, '', ''),
(1676, 1, '0000-00-00', '', '', 0.00, 0, '', ''),
(1677, 1, '0000-00-00', '', '', 0.00, 0, '', ''),
(1678, 1, '0000-00-00', '', '', 0.00, 0, '', ''),
(1679, 1, '0000-00-00', '', '', 0.00, 0, '', ''),
(1680, 1, '0000-00-00', '', '', 0.00, 0, '', ''),
(1681, 1, '0000-00-00', '', '', 0.00, 0, '', ''),
(1682, 1, '0000-00-00', '', '', 0.00, 0, '', ''),
(1683, 1, '0000-00-00', '', '', 0.00, 0, '', ''),
(1684, 1, '0000-00-00', '', '', 0.00, 0, '', ''),
(1685, 1, '0000-00-00', '', '', 0.00, 0, '', ''),
(1686, 1, '0000-00-00', '', '', 0.00, 0, '', ''),
(1687, 1, '0000-00-00', '', '', 0.00, 0, '', ''),
(1688, 1, '0000-00-00', '', '', 0.00, 0, '', ''),
(1689, 1, '0000-00-00', '', '', 0.00, 0, '', ''),
(1690, 1, '0000-00-00', '', '', 0.00, 0, '', ''),
(1691, 1, '0000-00-00', '', '', 0.00, 0, '', ''),
(1692, 1, '0000-00-00', '', '', 0.00, 0, '', ''),
(1693, 1, '0000-00-00', '', '', 0.00, 0, '', ''),
(1694, 1, '0000-00-00', '', '', 0.00, 0, '', ''),
(1695, 1, '0000-00-00', '', '', 0.00, 0, '', ''),
(1696, 1, '0000-00-00', '', '', 0.00, 0, '', ''),
(1697, 1, '0000-00-00', '', '', 0.00, 0, '', ''),
(1698, 1, '0000-00-00', '', '', 0.00, 0, '', ''),
(1699, 1, '0000-00-00', '', '', 0.00, 0, '', ''),
(1700, 1, '0000-00-00', '', '', 0.00, 0, '', ''),
(1701, 1, '0000-00-00', '', '', 0.00, 0, '', ''),
(1702, 1, '0000-00-00', '', '', 0.00, 0, '', ''),
(1703, 1, '0000-00-00', '', '', 0.00, 0, '', ''),
(1704, 1, '0000-00-00', '', '', 0.00, 0, '', ''),
(1705, 1, '0000-00-00', '', '', 0.00, 0, '', ''),
(1706, 1, '0000-00-00', '', '', 0.00, 0, '', ''),
(1707, 1, '0000-00-00', '', '', 0.00, 0, '', ''),
(1708, 1, '0000-00-00', '', '', 0.00, 0, '', ''),
(1709, 1, '0000-00-00', '', '', 0.00, 0, '', ''),
(1710, 1, '0000-00-00', '', '', 0.00, 0, '', ''),
(1711, 1, '0000-00-00', '', '', 0.00, 0, '', ''),
(1712, 1, '0000-00-00', '', '', 0.00, 0, '', ''),
(1713, 1, '0000-00-00', '', '', 0.00, 0, '', ''),
(1714, 1, '0000-00-00', '', '', 0.00, 0, '', ''),
(1715, 1, '0000-00-00', '', '', 0.00, 0, '', ''),
(1716, 1, '0000-00-00', '', '', 0.00, 0, '', ''),
(1717, 1, '0000-00-00', '', '', 0.00, 0, '', ''),
(1718, 1, '0000-00-00', '', '', 0.00, 0, '', ''),
(1719, 1, '0000-00-00', '', '', 0.00, 0, '', ''),
(1720, 1, '0000-00-00', '', '', 0.00, 0, '', ''),
(1721, 1, '0000-00-00', '', '', 0.00, 0, '', ''),
(1722, 1, '0000-00-00', '', '', 0.00, 0, '', ''),
(1723, 1, '0000-00-00', '', '', 0.00, 0, '', ''),
(1724, 1, '0000-00-00', '', '', 0.00, 0, '', ''),
(1725, 1, '0000-00-00', '', '', 0.00, 0, '', ''),
(1726, 1, '0000-00-00', '', '', 0.00, 0, '', ''),
(1727, 1, '0000-00-00', '', '', 0.00, 0, '', ''),
(1728, 1, '0000-00-00', '', '', 0.00, 0, '', ''),
(1729, 1, '0000-00-00', '', '', 0.00, 0, '', ''),
(1730, 1, '0000-00-00', '', '', 0.00, 0, '', ''),
(1731, 1, '0000-00-00', '', '', 0.00, 0, '', ''),
(1732, 1, '0000-00-00', '', '', 0.00, 0, '', ''),
(1733, 1, '0000-00-00', '', '', 0.00, 0, '', ''),
(1734, 1, '0000-00-00', '', '', 0.00, 0, '', ''),
(1735, 1, '0000-00-00', '', '', 0.00, 0, '', ''),
(1736, 1, '0000-00-00', '', '', 0.00, 0, '', ''),
(1737, 1, '0000-00-00', '', '', 0.00, 0, '', ''),
(1738, 1, '0000-00-00', '', '', 0.00, 0, '', ''),
(1739, 1, '0000-00-00', '', '', 0.00, 0, '', ''),
(1740, 1, '0000-00-00', '', '', 0.00, 0, '', ''),
(1741, 1, '0000-00-00', '', '', 0.00, 0, '', ''),
(1742, 1, '0000-00-00', '', '', 0.00, 0, '', ''),
(1743, 1, '0000-00-00', '', '', 0.00, 0, '', ''),
(1744, 1, '0000-00-00', '', '', 0.00, 0, '', ''),
(1745, 1, '0000-00-00', '', '', 0.00, 0, '', ''),
(1746, 1, '0000-00-00', '', '', 0.00, 0, '', ''),
(1747, 1, '0000-00-00', '', '', 0.00, 0, '', ''),
(1748, 1, '0000-00-00', '', '', 0.00, 0, '', ''),
(1749, 1, '0000-00-00', '', '', 0.00, 0, '', ''),
(1750, 1, '0000-00-00', '', '', 0.00, 0, '', ''),
(1751, 1, '0000-00-00', '', '', 0.00, 0, '', ''),
(1752, 1, '0000-00-00', '', '', 0.00, 0, '', ''),
(1753, 1, '0000-00-00', '', '', 0.00, 0, '', ''),
(1754, 1, '0000-00-00', '', '', 0.00, 0, '', ''),
(1755, 1, '0000-00-00', '', '', 0.00, 0, '', ''),
(1756, 1, '0000-00-00', '', '', 0.00, 0, '', ''),
(1757, 1, '0000-00-00', '', '', 0.00, 0, '', ''),
(1758, 1, '0000-00-00', '', '', 0.00, 0, '', ''),
(1759, 1, '0000-00-00', '', '', 0.00, 0, '', ''),
(1760, 1, '0000-00-00', '', '', 0.00, 0, '', ''),
(1761, 1, '0000-00-00', '', '', 0.00, 0, '', ''),
(1762, 1, '0000-00-00', '', '', 0.00, 0, '', ''),
(1763, 1, '0000-00-00', '', '', 0.00, 0, '', ''),
(1764, 1, '0000-00-00', '', '', 0.00, 0, '', ''),
(1765, 1, '0000-00-00', '', '', 0.00, 0, '', ''),
(1766, 1, '0000-00-00', '', '', 0.00, 0, '', ''),
(1767, 1, '0000-00-00', '', '', 0.00, 0, '', ''),
(1768, 1, '0000-00-00', '', '', 0.00, 0, '', ''),
(1769, 1, '0000-00-00', '', '', 0.00, 0, '', ''),
(1770, 1, '0000-00-00', '', '', 0.00, 0, '', ''),
(1771, 1, '0000-00-00', '', '', 0.00, 0, '', ''),
(1772, 1, '0000-00-00', '', '', 0.00, 0, '', ''),
(1773, 1, '0000-00-00', '', '', 0.00, 0, '', ''),
(1774, 1, '0000-00-00', '', '', 0.00, 0, '', ''),
(1775, 1, '0000-00-00', '', '', 0.00, 0, '', ''),
(1776, 1, '0000-00-00', '', '', 0.00, 0, '', ''),
(1777, 1, '0000-00-00', '', '', 0.00, 0, '', ''),
(1778, 1, '0000-00-00', '', '', 0.00, 0, '', ''),
(1779, 1, '0000-00-00', '', '', 0.00, 0, '', ''),
(1780, 1, '0000-00-00', '', '', 0.00, 0, '', ''),
(1781, 1, '0000-00-00', '', '', 0.00, 0, '', ''),
(1782, 1, '0000-00-00', '', '', 0.00, 0, '', ''),
(1783, 1, '0000-00-00', '', '', 0.00, 0, '', ''),
(1784, 1, '0000-00-00', '', '', 0.00, 0, '', ''),
(1785, 1, '0000-00-00', '', '', 0.00, 0, '', ''),
(1786, 1, '0000-00-00', '', '', 0.00, 0, '', ''),
(1787, 1, '0000-00-00', '', '', 0.00, 0, '', ''),
(1788, 1, '0000-00-00', '', '', 0.00, 0, '', ''),
(1789, 1, '0000-00-00', '', '', 0.00, 0, '', ''),
(1790, 1, '0000-00-00', '', '', 0.00, 0, '', ''),
(1791, 1, '0000-00-00', '', '', 0.00, 0, '', ''),
(1792, 1, '0000-00-00', '', '', 0.00, 0, '', ''),
(1793, 1, '0000-00-00', '', '', 0.00, 0, '', ''),
(1794, 1, '0000-00-00', '', '', 0.00, 0, '', ''),
(1795, 1, '0000-00-00', '', '', 0.00, 0, '', ''),
(1796, 1, '0000-00-00', '', '', 0.00, 0, '', ''),
(1797, 1, '0000-00-00', '', '', 0.00, 0, '', ''),
(1798, 1, '0000-00-00', '', '', 0.00, 0, '', ''),
(1799, 1, '0000-00-00', '', '', 0.00, 0, '', ''),
(1800, 1, '0000-00-00', '', '', 0.00, 0, '', ''),
(1801, 1, '0000-00-00', '', '', 0.00, 0, '', ''),
(1802, 1, '0000-00-00', '', '', 0.00, 0, '', ''),
(1803, 1, '0000-00-00', '', '', 0.00, 0, '', ''),
(1804, 1, '0000-00-00', '', '', 0.00, 0, '', ''),
(1805, 1, '0000-00-00', '', '', 0.00, 0, '', ''),
(1806, 1, '0000-00-00', '', '', 0.00, 0, '', ''),
(1807, 1, '0000-00-00', '', '', 0.00, 0, '', ''),
(1808, 1, '0000-00-00', '', '', 0.00, 0, '', ''),
(1809, 1, '0000-00-00', '', '', 0.00, 0, '', ''),
(1810, 1, '0000-00-00', '', '', 0.00, 0, '', ''),
(1811, 1, '0000-00-00', '', '', 0.00, 0, '', ''),
(1812, 1, '0000-00-00', '', '', 0.00, 0, '', ''),
(1813, 1, '0000-00-00', '', '', 0.00, 0, '', ''),
(1814, 1, '0000-00-00', '', '', 0.00, 0, '', ''),
(1815, 1, '0000-00-00', '', '', 0.00, 0, '', ''),
(1816, 1, '0000-00-00', '', '', 0.00, 0, '', ''),
(1817, 1, '0000-00-00', '', '', 0.00, 0, '', ''),
(1818, 1, '0000-00-00', '', '', 0.00, 0, '', ''),
(1819, 1, '0000-00-00', '', '', 0.00, 0, '', ''),
(1820, 1, '0000-00-00', '', '', 0.00, 0, '', ''),
(1821, 1, '0000-00-00', '', '', 0.00, 0, '', ''),
(1822, 1, '0000-00-00', '', '', 0.00, 0, '', ''),
(1823, 1, '0000-00-00', '', '', 0.00, 0, '', ''),
(1824, 1, '0000-00-00', '', '', 0.00, 0, '', ''),
(1825, 1, '0000-00-00', '', '', 0.00, 0, '', ''),
(1826, 1, '0000-00-00', '', '', 0.00, 0, '', ''),
(1827, 1, '0000-00-00', '', '', 0.00, 0, '', ''),
(1828, 1, '0000-00-00', '', '', 0.00, 0, '', ''),
(1829, 1, '0000-00-00', '', '', 0.00, 0, '', ''),
(1830, 1, '0000-00-00', '', '', 0.00, 0, '', ''),
(1831, 1, '0000-00-00', '', '', 0.00, 0, '', ''),
(1832, 1, '0000-00-00', '', '', 0.00, 0, '', ''),
(1833, 1, '0000-00-00', '', '', 0.00, 0, '', ''),
(1834, 1, '0000-00-00', '', '', 0.00, 0, '', ''),
(1835, 1, '0000-00-00', '', '', 0.00, 0, '', ''),
(1836, 1, '0000-00-00', '', '', 0.00, 0, '', ''),
(1837, 1, '0000-00-00', '', '', 0.00, 0, '', ''),
(1838, 1, '0000-00-00', '', '', 0.00, 0, '', ''),
(1839, 1, '0000-00-00', '', '', 0.00, 0, '', ''),
(1840, 1, '0000-00-00', '', '', 0.00, 0, '', ''),
(1841, 1, '0000-00-00', '', '', 0.00, 0, '', ''),
(1842, 1, '0000-00-00', '', '', 0.00, 0, '', ''),
(1843, 1, '0000-00-00', '', '', 0.00, 0, '', ''),
(1844, 1, '0000-00-00', '', '', 0.00, 0, '', ''),
(1845, 1, '0000-00-00', '', '', 0.00, 0, '', ''),
(1846, 1, '0000-00-00', '', '', 0.00, 0, '', ''),
(1847, 1, '0000-00-00', '', '', 0.00, 0, '', ''),
(1848, 1, '0000-00-00', '', '', 0.00, 0, '', ''),
(1849, 1, '0000-00-00', '', '', 0.00, 0, '', ''),
(1850, 1, '0000-00-00', '', '', 0.00, 0, '', ''),
(1851, 1, '0000-00-00', '', '', 0.00, 0, '', ''),
(1852, 1, '0000-00-00', '', '', 0.00, 0, '', ''),
(1853, 1, '0000-00-00', '', '', 0.00, 0, '', ''),
(1854, 1, '0000-00-00', '', '', 0.00, 0, '', ''),
(1855, 1, '0000-00-00', '', '', 0.00, 0, '', ''),
(1856, 1, '0000-00-00', '', '', 0.00, 0, '', ''),
(1857, 1, '0000-00-00', '', '', 0.00, 0, '', ''),
(1858, 1, '0000-00-00', '', '', 0.00, 0, '', ''),
(1859, 1, '0000-00-00', '', '', 0.00, 0, '', ''),
(1860, 1, '0000-00-00', '', '', 0.00, 0, '', ''),
(1861, 1, '0000-00-00', '', '', 0.00, 0, '', ''),
(1862, 1, '0000-00-00', '', '', 0.00, 0, '', ''),
(1863, 1, '0000-00-00', '', '', 0.00, 0, '', ''),
(1864, 1, '0000-00-00', '', '', 0.00, 0, '', ''),
(1865, 1, '0000-00-00', '', '', 0.00, 0, '', ''),
(1866, 1, '0000-00-00', '', '', 0.00, 0, '', ''),
(1867, 1, '0000-00-00', '', '', 0.00, 0, '', ''),
(1868, 1, '0000-00-00', '', '', 0.00, 0, '', ''),
(1869, 1, '0000-00-00', '', '', 0.00, 0, '', ''),
(1870, 1, '0000-00-00', '', '', 0.00, 0, '', ''),
(1871, 1, '0000-00-00', '', '', 0.00, 0, '', ''),
(1872, 1, '0000-00-00', '', '', 0.00, 0, '', ''),
(1873, 1, '0000-00-00', '', '', 0.00, 0, '', ''),
(1874, 1, '0000-00-00', '', '', 0.00, 0, '', ''),
(1875, 1, '0000-00-00', '', '', 0.00, 0, '', ''),
(1876, 1, '0000-00-00', '', '', 0.00, 0, '', ''),
(1877, 1, '0000-00-00', '', '', 0.00, 0, '', ''),
(1878, 1, '0000-00-00', '', '', 0.00, 0, '', ''),
(1879, 1, '0000-00-00', '', '', 0.00, 0, '', ''),
(1880, 1, '0000-00-00', '', '', 0.00, 0, '', ''),
(1881, 1, '0000-00-00', '', '', 0.00, 0, '', ''),
(1882, 1, '0000-00-00', '', '', 0.00, 0, '', ''),
(1883, 1, '0000-00-00', '', '', 0.00, 0, '', ''),
(1884, 1, '0000-00-00', '', '', 0.00, 0, '', ''),
(1885, 1, '0000-00-00', '', '', 0.00, 0, '', ''),
(1886, 1, '0000-00-00', '', '', 0.00, 0, '', ''),
(1887, 1, '0000-00-00', '', '', 0.00, 0, '', ''),
(1888, 1, '0000-00-00', '', '', 0.00, 0, '', ''),
(1889, 1, '0000-00-00', '', '', 0.00, 0, '', ''),
(1890, 1, '0000-00-00', '', '', 0.00, 0, '', ''),
(1891, 1, '0000-00-00', '', '', 0.00, 0, '', ''),
(1892, 1, '0000-00-00', '', '', 0.00, 0, '', ''),
(1893, 1, '0000-00-00', '', '', 0.00, 0, '', ''),
(1894, 1, '0000-00-00', '', '', 0.00, 0, '', ''),
(1895, 1, '0000-00-00', '', '', 0.00, 0, '', ''),
(1896, 1, '0000-00-00', '', '', 0.00, 0, '', ''),
(1897, 1, '0000-00-00', '', '', 0.00, 0, '', ''),
(1898, 1, '0000-00-00', '', '', 0.00, 0, '', ''),
(1899, 1, '0000-00-00', '', '', 0.00, 0, '', ''),
(1900, 1, '0000-00-00', '', '', 0.00, 0, '', ''),
(1901, 1, '0000-00-00', '', '', 0.00, 0, '', ''),
(1902, 1, '0000-00-00', '', '', 0.00, 0, '', ''),
(1903, 1, '0000-00-00', '', '', 0.00, 0, '', ''),
(1904, 1, '0000-00-00', '', '', 0.00, 0, '', ''),
(1905, 1, '0000-00-00', '', '', 0.00, 0, '', ''),
(1906, 1, '0000-00-00', '', '', 0.00, 0, '', ''),
(1907, 1, '0000-00-00', '', '', 0.00, 0, '', ''),
(1908, 1, '0000-00-00', '', '', 0.00, 0, '', ''),
(1909, 1, '0000-00-00', '', '', 0.00, 0, '', ''),
(1910, 1, '0000-00-00', '', '', 0.00, 0, '', ''),
(1911, 1, '0000-00-00', '', '', 0.00, 0, '', ''),
(1912, 1, '0000-00-00', '', '', 0.00, 0, '', ''),
(1913, 1, '0000-00-00', '', '', 0.00, 0, '', ''),
(1914, 1, '0000-00-00', '', '', 0.00, 0, '', ''),
(1915, 1, '0000-00-00', '', '', 0.00, 0, '', ''),
(1916, 1, '0000-00-00', '', '', 0.00, 0, '', ''),
(1917, 1, '0000-00-00', '', '', 0.00, 0, '', ''),
(1918, 1, '0000-00-00', '', '', 0.00, 0, '', ''),
(1919, 1, '0000-00-00', '', '', 0.00, 0, '', ''),
(1920, 1, '0000-00-00', '', '', 0.00, 0, '', ''),
(1921, 1, '0000-00-00', '', '', 0.00, 0, '', ''),
(1922, 1, '0000-00-00', '', '', 0.00, 0, '', ''),
(1923, 1, '0000-00-00', '', '', 0.00, 0, '', ''),
(1924, 1, '0000-00-00', '', '', 0.00, 0, '', ''),
(1925, 1, '0000-00-00', '', '', 0.00, 0, '', ''),
(1926, 1, '0000-00-00', '', '', 0.00, 0, '', ''),
(1927, 1, '0000-00-00', '', '', 0.00, 0, '', ''),
(1928, 1, '0000-00-00', '', '', 0.00, 0, '', ''),
(1929, 1, '0000-00-00', '', '', 0.00, 0, '', ''),
(1930, 1, '0000-00-00', '', '', 0.00, 0, '', ''),
(1931, 1, '0000-00-00', '', '', 0.00, 0, '', ''),
(1932, 1, '0000-00-00', '', '', 0.00, 0, '', ''),
(1933, 1, '0000-00-00', '', '', 0.00, 0, '', ''),
(1934, 1, '0000-00-00', '', '', 0.00, 0, '', ''),
(1935, 1, '0000-00-00', '', '', 0.00, 0, '', '');
INSERT INTO `extratos` (`id`, `id_conta_corrente`, `data_emissao`, `historico`, `numero_doc`, `valor`, `conta_caixa`, `obs`, `vazio`) VALUES
(1936, 1, '0000-00-00', '', '', 0.00, 0, '', ''),
(1937, 1, '0000-00-00', '', '', 0.00, 0, '', ''),
(1938, 1, '0000-00-00', '', '', 0.00, 0, '', ''),
(1939, 1, '0000-00-00', '', '', 0.00, 0, '', ''),
(1940, 1, '0000-00-00', '', '', 0.00, 0, '', ''),
(1941, 1, '0000-00-00', '', '', 0.00, 0, '', ''),
(1942, 1, '0000-00-00', '', '', 0.00, 0, '', ''),
(1943, 1, '0000-00-00', '', '', 0.00, 0, '', ''),
(1944, 1, '0000-00-00', '', '', 0.00, 0, '', ''),
(1945, 1, '0000-00-00', '', '', 0.00, 0, '', ''),
(1946, 1, '0000-00-00', '', '', 0.00, 0, '', ''),
(1947, 1, '0000-00-00', '', '', 0.00, 0, '', ''),
(1948, 1, '0000-00-00', '', '', 0.00, 0, '', ''),
(1949, 1, '0000-00-00', '', '', 0.00, 0, '', ''),
(1950, 1, '0000-00-00', '', '', 0.00, 0, '', ''),
(1951, 1, '0000-00-00', '', '', 0.00, 0, '', ''),
(1952, 1, '0000-00-00', '', '', 0.00, 0, '', ''),
(1953, 1, '0000-00-00', '', '', 0.00, 0, '', ''),
(1954, 1, '0000-00-00', '', '', 0.00, 0, '', ''),
(1955, 1, '0000-00-00', '', '', 0.00, 0, '', ''),
(1956, 1, '0000-00-00', '', '', 0.00, 0, '', ''),
(1957, 1, '0000-00-00', '', '', 0.00, 0, '', ''),
(1958, 1, '0000-00-00', '', '', 0.00, 0, '', ''),
(1959, 1, '0000-00-00', '', '', 0.00, 0, '', ''),
(1960, 1, '0000-00-00', '', '', 0.00, 0, '', ''),
(1961, 1, '0000-00-00', '', '', 0.00, 0, '', ''),
(1962, 1, '0000-00-00', '', '', 0.00, 0, '', ''),
(1963, 1, '0000-00-00', '', '', 0.00, 0, '', ''),
(1964, 1, '0000-00-00', '', '', 0.00, 0, '', ''),
(1965, 1, '0000-00-00', '', '', 0.00, 0, '', ''),
(1966, 1, '0000-00-00', '', '', 0.00, 0, '', ''),
(1967, 1, '0000-00-00', '', '', 0.00, 0, '', ''),
(1968, 1, '0000-00-00', '', '', 0.00, 0, '', ''),
(1969, 1, '0000-00-00', '', '', 0.00, 0, '', ''),
(1970, 1, '0000-00-00', '', '', 0.00, 0, '', ''),
(1971, 1, '0000-00-00', '', '', 0.00, 0, '', ''),
(1972, 1, '0000-00-00', '', '', 0.00, 0, '', ''),
(1973, 1, '0000-00-00', '', '', 0.00, 0, '', ''),
(1974, 1, '0000-00-00', '', '', 0.00, 0, '', ''),
(1975, 1, '0000-00-00', '', '', 0.00, 0, '', ''),
(1976, 1, '0000-00-00', '', '', 0.00, 0, '', ''),
(1977, 1, '0000-00-00', '', '', 0.00, 0, '', ''),
(1978, 1, '0000-00-00', '', '', 0.00, 0, '', ''),
(1979, 1, '0000-00-00', '', '', 0.00, 0, '', ''),
(1980, 1, '0000-00-00', '', '', 0.00, 0, '', ''),
(1981, 1, '0000-00-00', '', '', 0.00, 0, '', ''),
(1982, 1, '0000-00-00', '', '', 0.00, 0, '', ''),
(1983, 1, '0000-00-00', '', '', 0.00, 0, '', ''),
(1984, 1, '0000-00-00', '', '', 0.00, 0, '', ''),
(1985, 1, '0000-00-00', '', '', 0.00, 0, '', ''),
(1986, 1, '0000-00-00', '', '', 0.00, 0, '', ''),
(1987, 1, '0000-00-00', '', '', 0.00, 0, '', ''),
(1988, 1, '0000-00-00', '', '', 0.00, 0, '', ''),
(1989, 1, '0000-00-00', '', '', 0.00, 0, '', ''),
(1990, 1, '0000-00-00', '', '', 0.00, 0, '', ''),
(1991, 1, '0000-00-00', '', '', 0.00, 0, '', ''),
(1992, 1, '0000-00-00', '', '', 0.00, 0, '', ''),
(1993, 1, '0000-00-00', '', '', 0.00, 0, '', ''),
(1994, 1, '0000-00-00', '', '', 0.00, 0, '', ''),
(1995, 1, '0000-00-00', '', '', 0.00, 0, '', ''),
(1996, 1, '0000-00-00', '', '', 0.00, 0, '', ''),
(1997, 1, '0000-00-00', '', '', 0.00, 0, '', ''),
(1998, 1, '0000-00-00', '', '', 0.00, 0, '', ''),
(1999, 1, '0000-00-00', '', '', 0.00, 0, '', ''),
(2000, 1, '0000-00-00', '', '', 0.00, 0, '', ''),
(2001, 1, '0000-00-00', '', '', 0.00, 0, '', ''),
(2002, 1, '0000-00-00', '', '', 0.00, 0, '', ''),
(2003, 1, '0000-00-00', '', '', 0.00, 0, '', ''),
(2004, 1, '0000-00-00', '', '', 0.00, 0, '', ''),
(2005, 1, '0000-00-00', '', '', 0.00, 0, '', ''),
(2006, 1, '0000-00-00', '', '', 0.00, 0, '', ''),
(2007, 1, '0000-00-00', '', '', 0.00, 0, '', ''),
(2008, 1, '0000-00-00', '', '', 0.00, 0, '', ''),
(2009, 1, '0000-00-00', '', '', 0.00, 0, '', ''),
(2010, 1, '0000-00-00', '', '', 0.00, 0, '', ''),
(2011, 1, '0000-00-00', '', '', 0.00, 0, '', ''),
(2012, 1, '0000-00-00', '', '', 0.00, 0, '', ''),
(2013, 1, '0000-00-00', '', '', 0.00, 0, '', ''),
(2014, 1, '0000-00-00', '', '', 0.00, 0, '', ''),
(2015, 1, '0000-00-00', '', '', 0.00, 0, '', ''),
(2016, 1, '0000-00-00', '', '', 0.00, 0, '', ''),
(2017, 1, '0000-00-00', '', '', 0.00, 0, '', ''),
(2018, 1, '0000-00-00', '', '', 0.00, 0, '', ''),
(2019, 1, '0000-00-00', '', '', 0.00, 0, '', ''),
(2020, 1, '0000-00-00', '', '', 0.00, 0, '', ''),
(2021, 1, '0000-00-00', '', '', 0.00, 0, '', ''),
(2022, 1, '0000-00-00', '', '', 0.00, 0, '', ''),
(2023, 1, '0000-00-00', '', '', 0.00, 0, '', ''),
(2024, 1, '0000-00-00', '', '', 0.00, 0, '', ''),
(2025, 1, '0000-00-00', '', '', 0.00, 0, '', ''),
(2026, 1, '0000-00-00', '', '', 0.00, 0, '', ''),
(2027, 1, '0000-00-00', '', '', 0.00, 0, '', ''),
(2028, 1, '0000-00-00', '', '', 0.00, 0, '', ''),
(2029, 1, '0000-00-00', '', '', 0.00, 0, '', ''),
(2030, 1, '0000-00-00', '', '', 0.00, 0, '', ''),
(2031, 1, '0000-00-00', '', '', 0.00, 0, '', ''),
(2032, 1, '0000-00-00', '', '', 0.00, 0, '', ''),
(2033, 1, '0000-00-00', '', '', 0.00, 0, '', ''),
(2034, 1, '0000-00-00', '', '', 0.00, 0, '', ''),
(2035, 1, '0000-00-00', '', '', 0.00, 0, '', ''),
(2036, 1, '0000-00-00', '', '', 0.00, 0, '', ''),
(2037, 1, '0000-00-00', '', '', 0.00, 0, '', ''),
(2038, 1, '0000-00-00', '', '', 0.00, 0, '', ''),
(2039, 1, '0000-00-00', '', '', 0.00, 0, '', ''),
(2040, 1, '0000-00-00', '', '', 0.00, 0, '', ''),
(2041, 1, '0000-00-00', '', '', 0.00, 0, '', ''),
(2042, 1, '0000-00-00', '', '', 0.00, 0, '', ''),
(2043, 1, '0000-00-00', '', '', 0.00, 0, '', ''),
(2044, 1, '0000-00-00', '', '', 0.00, 0, '', ''),
(2045, 1, '0000-00-00', '', '', 0.00, 0, '', ''),
(2046, 1, '0000-00-00', '', '', 0.00, 0, '', ''),
(2047, 1, '0000-00-00', '', '', 0.00, 0, '', ''),
(2048, 1, '0000-00-00', '', '', 0.00, 0, '', ''),
(2049, 1, '0000-00-00', '', '', 0.00, 0, '', ''),
(2050, 1, '0000-00-00', '', '', 0.00, 0, '', ''),
(2051, 1, '0000-00-00', '', '', 0.00, 0, '', ''),
(2052, 1, '0000-00-00', '', '', 0.00, 0, '', ''),
(2053, 1, '0000-00-00', '', '', 0.00, 0, '', ''),
(2054, 1, '0000-00-00', '', '', 0.00, 0, '', ''),
(2055, 1, '0000-00-00', '', '', 0.00, 0, '', ''),
(2056, 1, '0000-00-00', '', '', 0.00, 0, '', ''),
(2057, 1, '0000-00-00', '', '', 0.00, 0, '', ''),
(2058, 1, '0000-00-00', '', '', 0.00, 0, '', ''),
(2059, 1, '0000-00-00', '', '', 0.00, 0, '', ''),
(2060, 1, '0000-00-00', '', '', 0.00, 0, '', ''),
(2061, 1, '0000-00-00', '', '', 0.00, 0, '', ''),
(2062, 1, '0000-00-00', '', '', 0.00, 0, '', ''),
(2063, 1, '0000-00-00', '', '', 0.00, 0, '', ''),
(2064, 1, '0000-00-00', '', '', 0.00, 0, '', ''),
(2065, 1, '0000-00-00', '', '', 0.00, 0, '', ''),
(2066, 1, '0000-00-00', '', '', 0.00, 0, '', ''),
(2067, 1, '0000-00-00', '', '', 0.00, 0, '', ''),
(2068, 1, '0000-00-00', '', '', 0.00, 0, '', ''),
(2069, 1, '0000-00-00', '', '', 0.00, 0, '', ''),
(2070, 1, '0000-00-00', '', '', 0.00, 0, '', ''),
(2071, 1, '0000-00-00', '', '', 0.00, 0, '', ''),
(2072, 1, '0000-00-00', '', '', 0.00, 0, '', ''),
(2073, 1, '0000-00-00', '', '', 0.00, 0, '', ''),
(2074, 1, '0000-00-00', '', '', 0.00, 0, '', ''),
(2075, 1, '0000-00-00', '', '', 0.00, 0, '', ''),
(2076, 1, '0000-00-00', '', '', 0.00, 0, '', ''),
(2077, 1, '0000-00-00', '', '', 0.00, 0, '', ''),
(2078, 1, '0000-00-00', '', '', 0.00, 0, '', ''),
(2079, 1, '0000-00-00', '', '', 0.00, 0, '', ''),
(2080, 1, '0000-00-00', '', '', 0.00, 0, '', ''),
(2081, 1, '0000-00-00', '', '', 0.00, 0, '', ''),
(2082, 1, '0000-00-00', '', '', 0.00, 0, '', ''),
(2083, 1, '0000-00-00', '', '', 0.00, 0, '', ''),
(2084, 1, '0000-00-00', '', '', 0.00, 0, '', ''),
(2085, 1, '0000-00-00', '', '', 0.00, 0, '', ''),
(2086, 1, '0000-00-00', '', '', 0.00, 0, '', ''),
(2087, 1, '0000-00-00', '', '', 0.00, 0, '', ''),
(2088, 1, '0000-00-00', '', '', 0.00, 0, '', ''),
(2089, 1, '0000-00-00', '', '', 0.00, 0, '', ''),
(2090, 1, '0000-00-00', '', '', 0.00, 0, '', ''),
(2091, 1, '0000-00-00', '', '', 0.00, 0, '', ''),
(2092, 1, '0000-00-00', '', '', 0.00, 0, '', ''),
(2093, 1, '0000-00-00', '', '', 0.00, 0, '', ''),
(2094, 1, '0000-00-00', '', '', 0.00, 0, '', ''),
(2095, 1, '0000-00-00', '', '', 0.00, 0, '', ''),
(2096, 1, '0000-00-00', '', '', 0.00, 0, '', ''),
(2097, 1, '0000-00-00', '', '', 0.00, 0, '', ''),
(2098, 1, '0000-00-00', '', '', 0.00, 0, '', ''),
(2099, 1, '0000-00-00', '', '', 0.00, 0, '', ''),
(2100, 1, '0000-00-00', '', '', 0.00, 0, '', ''),
(2101, 1, '0000-00-00', '', '', 0.00, 0, '', ''),
(2102, 1, '0000-00-00', '', '', 0.00, 0, '', ''),
(2103, 1, '0000-00-00', '', '', 0.00, 0, '', ''),
(2104, 1, '0000-00-00', '', '', 0.00, 0, '', ''),
(2105, 1, '0000-00-00', '', '', 0.00, 0, '', ''),
(2106, 1, '0000-00-00', '', '', 0.00, 0, '', ''),
(2107, 1, '0000-00-00', '', '', 0.00, 0, '', ''),
(2108, 1, '0000-00-00', '', '', 0.00, 0, '', ''),
(2109, 1, '0000-00-00', '', '', 0.00, 0, '', ''),
(2110, 1, '0000-00-00', '', '', 0.00, 0, '', ''),
(2111, 1, '0000-00-00', '', '', 0.00, 0, '', ''),
(2112, 1, '0000-00-00', '', '', 0.00, 0, '', ''),
(2113, 1, '0000-00-00', '', '', 0.00, 0, '', ''),
(2114, 1, '0000-00-00', '', '', 0.00, 0, '', ''),
(2115, 1, '0000-00-00', '', '', 0.00, 0, '', ''),
(2116, 1, '0000-00-00', '', '', 0.00, 0, '', ''),
(2117, 1, '0000-00-00', '', '', 0.00, 0, '', ''),
(2118, 1, '0000-00-00', '', '', 0.00, 0, '', ''),
(2119, 1, '0000-00-00', '', '', 0.00, 0, '', ''),
(2120, 1, '0000-00-00', '', '', 0.00, 0, '', ''),
(2121, 1, '0000-00-00', '', '', 0.00, 0, '', ''),
(2122, 1, '0000-00-00', '', '', 0.00, 0, '', ''),
(2123, 1, '0000-00-00', '', '', 0.00, 0, '', ''),
(2124, 1, '0000-00-00', '', '', 0.00, 0, '', ''),
(2125, 1, '0000-00-00', '', '', 0.00, 0, '', ''),
(2126, 1, '0000-00-00', '', '', 0.00, 0, '', ''),
(2127, 1, '0000-00-00', '', '', 0.00, 0, '', ''),
(2128, 1, '0000-00-00', '', '', 0.00, 0, '', ''),
(2129, 1, '0000-00-00', '', '', 0.00, 0, '', ''),
(2130, 1, '0000-00-00', '', '', 0.00, 0, '', ''),
(2131, 1, '0000-00-00', '', '', 0.00, 0, '', ''),
(2132, 1, '0000-00-00', '', '', 0.00, 0, '', ''),
(2133, 1, '0000-00-00', '', '', 0.00, 0, '', ''),
(2134, 1, '0000-00-00', '', '', 0.00, 0, '', ''),
(2135, 1, '0000-00-00', '', '', 0.00, 0, '', ''),
(2136, 1, '0000-00-00', '', '', 0.00, 0, '', ''),
(2137, 1, '0000-00-00', '', '', 0.00, 0, '', ''),
(2138, 1, '0000-00-00', '', '', 0.00, 0, '', ''),
(2139, 1, '0000-00-00', '', '', 0.00, 0, '', ''),
(2140, 1, '0000-00-00', '', '', 0.00, 0, '', ''),
(2141, 1, '0000-00-00', '', '', 0.00, 0, '', ''),
(2142, 1, '0000-00-00', '', '', 0.00, 0, '', ''),
(2143, 1, '0000-00-00', '', '', 0.00, 0, '', ''),
(2144, 1, '0000-00-00', '', '', 0.00, 0, '', ''),
(2145, 1, '0000-00-00', '', '', 0.00, 0, '', ''),
(2146, 1, '0000-00-00', '', '', 0.00, 0, '', ''),
(2147, 1, '0000-00-00', '', '', 0.00, 0, '', ''),
(2148, 1, '0000-00-00', '', '', 0.00, 0, '', ''),
(2149, 1, '0000-00-00', '', '', 0.00, 0, '', ''),
(2150, 1, '0000-00-00', '', '', 0.00, 0, '', ''),
(2151, 1, '0000-00-00', '', '', 0.00, 0, '', ''),
(2152, 1, '0000-00-00', '', '', 0.00, 0, '', ''),
(2153, 1, '0000-00-00', '', '', 0.00, 0, '', ''),
(2154, 1, '0000-00-00', '', '', 0.00, 0, '', ''),
(2155, 1, '0000-00-00', '', '', 0.00, 0, '', ''),
(2156, 1, '0000-00-00', '', '', 0.00, 0, '', ''),
(2157, 1, '0000-00-00', '', '', 0.00, 0, '', ''),
(2158, 1, '0000-00-00', '', '', 0.00, 0, '', ''),
(2159, 1, '0000-00-00', '', '', 0.00, 0, '', ''),
(2160, 1, '0000-00-00', '', '', 0.00, 0, '', ''),
(2161, 1, '0000-00-00', '', '', 0.00, 0, '', ''),
(2162, 1, '0000-00-00', '', '', 0.00, 0, '', ''),
(2163, 1, '0000-00-00', '', '', 0.00, 0, '', ''),
(2164, 1, '0000-00-00', '', '', 0.00, 0, '', ''),
(2165, 1, '0000-00-00', '', '', 0.00, 0, '', ''),
(2166, 1, '0000-00-00', '', '', 0.00, 0, '', ''),
(2167, 1, '0000-00-00', '', '', 0.00, 0, '', ''),
(2168, 1, '0000-00-00', '', '', 0.00, 0, '', ''),
(2169, 1, '0000-00-00', '', '', 0.00, 0, '', ''),
(2170, 1, '0000-00-00', '', '', 0.00, 0, '', ''),
(2171, 1, '0000-00-00', '', '', 0.00, 0, '', ''),
(2172, 1, '0000-00-00', '', '', 0.00, 0, '', ''),
(2173, 1, '0000-00-00', '', '', 0.00, 0, '', ''),
(2174, 1, '0000-00-00', '', '', 0.00, 0, '', ''),
(2175, 1, '0000-00-00', '', '', 0.00, 0, '', ''),
(2176, 1, '0000-00-00', '', '', 0.00, 0, '', ''),
(2177, 1, '0000-00-00', '', '', 0.00, 0, '', ''),
(2178, 1, '0000-00-00', '', '', 0.00, 0, '', ''),
(2179, 1, '0000-00-00', '', '', 0.00, 0, '', ''),
(2180, 1, '0000-00-00', '', '', 0.00, 0, '', ''),
(2181, 1, '0000-00-00', '', '', 0.00, 0, '', ''),
(2182, 1, '0000-00-00', '', '', 0.00, 0, '', ''),
(2183, 1, '0000-00-00', '', '', 0.00, 0, '', ''),
(2184, 1, '0000-00-00', '', '', 0.00, 0, '', ''),
(2185, 1, '0000-00-00', '', '', 0.00, 0, '', ''),
(2186, 1, '0000-00-00', '', '', 0.00, 0, '', ''),
(2187, 1, '0000-00-00', '', '', 0.00, 0, '', ''),
(2188, 1, '0000-00-00', '', '', 0.00, 0, '', ''),
(2189, 1, '0000-00-00', '', '', 0.00, 0, '', ''),
(2190, 1, '0000-00-00', '', '', 0.00, 0, '', ''),
(2191, 1, '0000-00-00', '', '', 0.00, 0, '', ''),
(2192, 1, '0000-00-00', '', '', 0.00, 0, '', ''),
(2193, 1, '0000-00-00', '', '', 0.00, 0, '', ''),
(2194, 1, '0000-00-00', '', '', 0.00, 0, '', ''),
(2195, 1, '0000-00-00', '', '', 0.00, 0, '', ''),
(2196, 1, '0000-00-00', '', '', 0.00, 0, '', ''),
(2197, 1, '0000-00-00', '', '', 0.00, 0, '', ''),
(2198, 1, '0000-00-00', '', '', 0.00, 0, '', ''),
(2199, 1, '0000-00-00', '', '', 0.00, 0, '', ''),
(2200, 1, '0000-00-00', '', '', 0.00, 0, '', ''),
(2201, 1, '0000-00-00', '', '', 0.00, 0, '', ''),
(2202, 1, '0000-00-00', '', '', 0.00, 0, '', ''),
(2203, 1, '0000-00-00', '', '', 0.00, 0, '', ''),
(2204, 1, '0000-00-00', '', '', 0.00, 0, '', ''),
(2205, 1, '0000-00-00', '', '', 0.00, 0, '', ''),
(2206, 1, '0000-00-00', '', '', 0.00, 0, '', ''),
(2207, 1, '0000-00-00', '', '', 0.00, 0, '', ''),
(2208, 1, '0000-00-00', '', '', 0.00, 0, '', ''),
(2209, 1, '0000-00-00', '', '', 0.00, 0, '', ''),
(2210, 1, '0000-00-00', '', '', 0.00, 0, '', ''),
(2211, 1, '0000-00-00', '', '', 0.00, 0, '', ''),
(2212, 1, '0000-00-00', '', '', 0.00, 0, '', ''),
(2213, 1, '0000-00-00', '', '', 0.00, 0, '', ''),
(2214, 1, '0000-00-00', '', '', 0.00, 0, '', ''),
(2215, 1, '0000-00-00', '', '', 0.00, 0, '', ''),
(2216, 1, '0000-00-00', '', '', 0.00, 0, '', ''),
(2217, 1, '0000-00-00', '', '', 0.00, 0, '', ''),
(2218, 1, '0000-00-00', '', '', 0.00, 0, '', ''),
(2219, 1, '0000-00-00', '', '', 0.00, 0, '', ''),
(2220, 1, '0000-00-00', '', '', 0.00, 0, '', ''),
(2221, 1, '0000-00-00', '', '', 0.00, 0, '', ''),
(2222, 1, '0000-00-00', '', '', 0.00, 0, '', ''),
(2223, 1, '0000-00-00', '', '', 0.00, 0, '', ''),
(2224, 1, '0000-00-00', '', '', 0.00, 0, '', ''),
(2225, 1, '0000-00-00', '', '', 0.00, 0, '', ''),
(2226, 1, '0000-00-00', '', '', 0.00, 0, '', ''),
(2227, 1, '0000-00-00', '', '', 0.00, 0, '', ''),
(2228, 1, '0000-00-00', '', '', 0.00, 0, '', ''),
(2229, 1, '0000-00-00', '', '', 0.00, 0, '', ''),
(2230, 1, '0000-00-00', '', '', 0.00, 0, '', ''),
(2231, 1, '0000-00-00', '', '', 0.00, 0, '', ''),
(2232, 1, '0000-00-00', '', '', 0.00, 0, '', ''),
(2233, 1, '0000-00-00', '', '', 0.00, 0, '', ''),
(2234, 1, '0000-00-00', '', '', 0.00, 0, '', ''),
(2235, 1, '0000-00-00', '', '', 0.00, 0, '', ''),
(2236, 1, '0000-00-00', '', '', 0.00, 0, '', ''),
(2237, 1, '0000-00-00', '', '', 0.00, 0, '', ''),
(2238, 1, '0000-00-00', '', '', 0.00, 0, '', ''),
(2239, 1, '0000-00-00', '', '', 0.00, 0, '', ''),
(2240, 1, '0000-00-00', '', '', 0.00, 0, '', ''),
(2241, 1, '0000-00-00', '', '', 0.00, 0, '', ''),
(2242, 1, '0000-00-00', '', '', 0.00, 0, '', ''),
(2243, 1, '0000-00-00', '', '', 0.00, 0, '', ''),
(2244, 1, '0000-00-00', '', '', 0.00, 0, '', ''),
(2245, 1, '0000-00-00', '', '', 0.00, 0, '', ''),
(2246, 1, '0000-00-00', '', '', 0.00, 0, '', ''),
(2247, 1, '0000-00-00', '', '', 0.00, 0, '', ''),
(2248, 1, '0000-00-00', '', '', 0.00, 0, '', ''),
(2249, 1, '0000-00-00', '', '', 0.00, 0, '', ''),
(2250, 1, '0000-00-00', '', '', 0.00, 0, '', ''),
(2251, 1, '0000-00-00', '', '', 0.00, 0, '', ''),
(2252, 1, '0000-00-00', '', '', 0.00, 0, '', ''),
(2253, 1, '0000-00-00', '', '', 0.00, 0, '', ''),
(2254, 1, '0000-00-00', '', '', 0.00, 0, '', ''),
(2255, 1, '0000-00-00', '', '', 0.00, 0, '', ''),
(2256, 1, '0000-00-00', '', '', 0.00, 0, '', ''),
(2257, 1, '0000-00-00', '', '', 0.00, 0, '', ''),
(2258, 1, '0000-00-00', '', '', 0.00, 0, '', ''),
(2259, 1, '0000-00-00', '', '', 0.00, 0, '', ''),
(2260, 1, '0000-00-00', '', '', 0.00, 0, '', ''),
(2261, 1, '0000-00-00', '', '', 0.00, 0, '', ''),
(2262, 1, '0000-00-00', '', '', 0.00, 0, '', ''),
(2263, 1, '0000-00-00', '', '', 0.00, 0, '', ''),
(2264, 1, '0000-00-00', '', '', 0.00, 0, '', ''),
(2265, 1, '0000-00-00', '', '', 0.00, 0, '', ''),
(2266, 1, '0000-00-00', '', '', 0.00, 0, '', ''),
(2267, 1, '0000-00-00', '', '', 0.00, 0, '', ''),
(2268, 1, '0000-00-00', '', '', 0.00, 0, '', ''),
(2269, 1, '0000-00-00', '', '', 0.00, 0, '', ''),
(2270, 1, '0000-00-00', '', '', 0.00, 0, '', ''),
(2271, 1, '0000-00-00', '', '', 0.00, 0, '', ''),
(2272, 1, '0000-00-00', '', '', 0.00, 0, '', ''),
(2273, 1, '0000-00-00', '', '', 0.00, 0, '', ''),
(2274, 1, '0000-00-00', '', '', 0.00, 0, '', ''),
(2275, 1, '0000-00-00', '', '', 0.00, 0, '', ''),
(2276, 1, '0000-00-00', '', '', 0.00, 0, '', ''),
(2277, 1, '0000-00-00', '', '', 0.00, 0, '', ''),
(2278, 1, '0000-00-00', '', '', 0.00, 0, '', ''),
(2279, 1, '0000-00-00', '', '', 0.00, 0, '', ''),
(2280, 1, '0000-00-00', '', '', 0.00, 0, '', ''),
(2281, 1, '0000-00-00', '', '', 0.00, 0, '', ''),
(2282, 1, '0000-00-00', '', '', 0.00, 0, '', ''),
(2283, 1, '0000-00-00', '', '', 0.00, 0, '', ''),
(2284, 1, '0000-00-00', '', '', 0.00, 0, '', ''),
(2285, 1, '0000-00-00', '', '', 0.00, 0, '', ''),
(2286, 1, '0000-00-00', '', '', 0.00, 0, '', ''),
(2287, 1, '0000-00-00', '', '', 0.00, 0, '', ''),
(2288, 1, '0000-00-00', '', '', 0.00, 0, '', ''),
(2289, 1, '0000-00-00', '', '', 0.00, 0, '', ''),
(2290, 1, '0000-00-00', '', '', 0.00, 0, '', ''),
(2291, 1, '0000-00-00', '', '', 0.00, 0, '', ''),
(2292, 1, '0000-00-00', '', '', 0.00, 0, '', ''),
(2293, 1, '0000-00-00', '', '', 0.00, 0, '', ''),
(2294, 1, '0000-00-00', '', '', 0.00, 0, '', ''),
(2295, 1, '0000-00-00', '', '', 0.00, 0, '', ''),
(2296, 1, '0000-00-00', '', '', 0.00, 0, '', ''),
(2297, 1, '0000-00-00', '', '', 0.00, 0, '', ''),
(2298, 1, '0000-00-00', '', '', 0.00, 0, '', ''),
(2299, 1, '0000-00-00', '', '', 0.00, 0, '', ''),
(2300, 1, '0000-00-00', '', '', 0.00, 0, '', ''),
(2301, 1, '0000-00-00', '', '', 0.00, 0, '', ''),
(2302, 1, '0000-00-00', '', '', 0.00, 0, '', ''),
(2303, 1, '0000-00-00', '', '', 0.00, 0, '', ''),
(2304, 2, '2013-02-01', 'SALDO INICIAL', ' ', -28117.38, 3100000, 'SALDO INICIAL', ''),
(2305, 3, '2013-02-01', 'SALDO INICIAL', ' ', -24414.02, 3100000, 'SALDO INICIAL', ''),
(2306, 6, '2013-02-01', 'SALDO INICIAL', ' ', 454.04, 3100000, 'SALDO INICIAL', ''),
(2307, 1, '0000-00-00', '', '', 0.00, 0, '', ''),
(2308, 1, '0000-00-00', '', '', 0.00, 0, '', ''),
(2309, 1, '0000-00-00', '', '', 0.00, 0, '', ''),
(2310, 1, '0000-00-00', '', '', 0.00, 0, '', ''),
(2311, 1, '0000-00-00', '', '', 0.00, 0, '', ''),
(2312, 1, '0000-00-00', '', '', 0.00, 0, '', ''),
(2313, 1, '0000-00-00', '', '', 0.00, 0, '', ''),
(2314, 1, '0000-00-00', '', '', 0.00, 0, '', ''),
(2315, 1, '0000-00-00', '', '', 0.00, 0, '', ''),
(2316, 1, '0000-00-00', '', '', 0.00, 0, '', ''),
(2317, 1, '0000-00-00', '', '', 0.00, 0, '', ''),
(2318, 1, '0000-00-00', '', '', 0.00, 0, '', ''),
(2319, 1, '0000-00-00', '', '', 0.00, 0, '', ''),
(2320, 1, '0000-00-00', '', '', 0.00, 0, '', ''),
(2321, 1, '0000-00-00', '', '', 0.00, 0, '', ''),
(2322, 1, '0000-00-00', '', '', 0.00, 0, '', ''),
(2323, 1, '0000-00-00', '', '', 0.00, 0, '', ''),
(2324, 1, '0000-00-00', '', '', 0.00, 0, '', ''),
(2325, 1, '0000-00-00', '', '', 0.00, 0, '', ''),
(2326, 1, '0000-00-00', '', '', 0.00, 0, '', ''),
(2327, 1, '0000-00-00', '', '', 0.00, 0, '', ''),
(2328, 1, '0000-00-00', '', '', 0.00, 0, '', ''),
(2329, 1, '0000-00-00', '', '', 0.00, 0, '', ''),
(2330, 1, '0000-00-00', '', '', 0.00, 0, '', ''),
(2331, 1, '0000-00-00', '', '', 0.00, 0, '', ''),
(2332, 1, '0000-00-00', '', '', 0.00, 0, '', ''),
(2333, 1, '0000-00-00', '', '', 0.00, 0, '', ''),
(2334, 1, '0000-00-00', '', '', 0.00, 0, '', ''),
(2335, 1, '0000-00-00', '', '', 0.00, 0, '', ''),
(2336, 1, '0000-00-00', '', '', 0.00, 0, '', ''),
(2337, 1, '0000-00-00', '', '', 0.00, 0, '', ''),
(2338, 1, '0000-00-00', '', '', 0.00, 0, '', ''),
(2339, 1, '0000-00-00', '', '', 0.00, 0, '', ''),
(2340, 1, '0000-00-00', '', '', 0.00, 0, '', ''),
(2341, 1, '0000-00-00', '', '', 0.00, 0, '', ''),
(2342, 1, '0000-00-00', '', '', 0.00, 0, '', ''),
(2343, 1, '0000-00-00', '', '', 0.00, 0, '', ''),
(2344, 1, '0000-00-00', '', '', 0.00, 0, '', ''),
(2345, 1, '0000-00-00', '', '', 0.00, 0, '', ''),
(2346, 1, '0000-00-00', '', '', 0.00, 0, '', ''),
(2347, 1, '0000-00-00', '', '', 0.00, 0, '', ''),
(2348, 1, '0000-00-00', '', '', 0.00, 0, '', ''),
(2349, 1, '0000-00-00', '', '', 0.00, 0, '', ''),
(2350, 1, '0000-00-00', '', '', 0.00, 0, '', ''),
(2351, 1, '0000-00-00', '', '', 0.00, 0, '', ''),
(2352, 1, '0000-00-00', '', '', 0.00, 0, '', ''),
(2353, 1, '0000-00-00', '', '', 0.00, 0, '', ''),
(2354, 1, '0000-00-00', '', '', 0.00, 0, '', ''),
(2355, 1, '0000-00-00', '', '', 0.00, 0, '', ''),
(2356, 1, '0000-00-00', '', '', 0.00, 0, '', ''),
(2357, 1, '0000-00-00', '', '', 0.00, 0, '', ''),
(2358, 1, '0000-00-00', '', '', 0.00, 0, '', ''),
(2359, 1, '0000-00-00', '', '', 0.00, 0, '', ''),
(2360, 1, '0000-00-00', '', '', 0.00, 0, '', ''),
(2361, 1, '0000-00-00', '', '', 0.00, 0, '', ''),
(2362, 1, '0000-00-00', '', '', 0.00, 0, '', ''),
(2363, 1, '0000-00-00', '', '', 0.00, 0, '', ''),
(2364, 1, '0000-00-00', '', '', 0.00, 0, '', ''),
(2365, 1, '0000-00-00', '', '', 0.00, 0, '', ''),
(2366, 1, '0000-00-00', '', '', 0.00, 0, '', ''),
(2367, 1, '0000-00-00', '', '', 0.00, 0, '', ''),
(2368, 1, '0000-00-00', '', '', 0.00, 0, '', ''),
(2369, 1, '0000-00-00', '', '', 0.00, 0, '', ''),
(2370, 1, '0000-00-00', '', '', 0.00, 0, '', ''),
(2371, 1, '0000-00-00', '', '', 0.00, 0, '', ''),
(2372, 1, '0000-00-00', '', '', 0.00, 0, '', ''),
(2373, 1, '0000-00-00', '', '', 0.00, 0, '', ''),
(2374, 1, '0000-00-00', '', '', 0.00, 0, '', ''),
(2375, 1, '0000-00-00', '', '', 0.00, 0, '', ''),
(2376, 1, '0000-00-00', '', '', 0.00, 0, '', ''),
(2377, 1, '0000-00-00', '', '', 0.00, 0, '', ''),
(2378, 1, '0000-00-00', '', '', 0.00, 0, '', ''),
(2379, 1, '0000-00-00', '', '', 0.00, 0, '', ''),
(2380, 1, '0000-00-00', '', '', 0.00, 0, '', ''),
(2381, 1, '0000-00-00', '', '', 0.00, 0, '', ''),
(2382, 1, '0000-00-00', '', '', 0.00, 0, '', ''),
(2383, 1, '0000-00-00', '', '', 0.00, 0, '', ''),
(2384, 1, '0000-00-00', '', '', 0.00, 0, '', ''),
(2385, 1, '0000-00-00', '', '', 0.00, 0, '', ''),
(2386, 1, '0000-00-00', '', '', 0.00, 0, '', ''),
(2387, 1, '0000-00-00', '', '', 0.00, 0, '', ''),
(2388, 1, '0000-00-00', '', '', 0.00, 0, '', ''),
(2389, 1, '0000-00-00', '', '', 0.00, 0, '', ''),
(2390, 1, '0000-00-00', '', '', 0.00, 0, '', ''),
(2391, 1, '0000-00-00', '', '', 0.00, 0, '', ''),
(2392, 1, '0000-00-00', '', '', 0.00, 0, '', ''),
(2393, 1, '0000-00-00', '', '', 0.00, 0, '', ''),
(2394, 1, '0000-00-00', '', '', 0.00, 0, '', ''),
(2395, 1, '0000-00-00', '', '', 0.00, 0, '', ''),
(2396, 1, '0000-00-00', '', '', 0.00, 0, '', ''),
(2397, 1, '0000-00-00', '', '', 0.00, 0, '', ''),
(2398, 1, '0000-00-00', '', '', 0.00, 0, '', ''),
(2399, 1, '0000-00-00', '', '', 0.00, 0, '', ''),
(2400, 1, '0000-00-00', '', '', 0.00, 0, '', ''),
(2401, 1, '0000-00-00', '', '', 0.00, 0, '', ''),
(2402, 1, '0000-00-00', '', '', 0.00, 0, '', ''),
(2403, 1, '0000-00-00', '', '', 0.00, 0, '', ''),
(2404, 1, '0000-00-00', '', '', 0.00, 0, '', ''),
(2405, 1, '0000-00-00', '', '', 0.00, 0, '', ''),
(2406, 1, '0000-00-00', '', '', 0.00, 0, '', ''),
(2407, 1, '0000-00-00', '', '', 0.00, 0, '', ''),
(2408, 1, '0000-00-00', '', '', 0.00, 0, '', ''),
(2409, 1, '0000-00-00', '', '', 0.00, 0, '', ''),
(2410, 1, '0000-00-00', '', '', 0.00, 0, '', ''),
(2411, 1, '0000-00-00', '', '', 0.00, 0, '', ''),
(2412, 1, '0000-00-00', '', '', 0.00, 0, '', ''),
(2413, 1, '0000-00-00', '', '', 0.00, 0, '', ''),
(2414, 1, '0000-00-00', '', '', 0.00, 0, '', ''),
(2415, 1, '0000-00-00', '', '', 0.00, 0, '', ''),
(2416, 1, '0000-00-00', '', '', 0.00, 0, '', ''),
(2417, 1, '0000-00-00', '', '', 0.00, 0, '', ''),
(2418, 1, '0000-00-00', '', '', 0.00, 0, '', ''),
(2419, 1, '0000-00-00', '', '', 0.00, 0, '', ''),
(2420, 1, '0000-00-00', '', '', 0.00, 0, '', ''),
(2421, 1, '0000-00-00', '', '', 0.00, 0, '', ''),
(2422, 1, '0000-00-00', '', '', 0.00, 0, '', ''),
(2423, 1, '0000-00-00', '', '', 0.00, 0, '', ''),
(2424, 1, '0000-00-00', '', '', 0.00, 0, '', ''),
(2425, 1, '0000-00-00', '', '', 0.00, 0, '', ''),
(2426, 1, '0000-00-00', '', '', 0.00, 0, '', ''),
(2427, 1, '0000-00-00', '', '', 0.00, 0, '', ''),
(2428, 1, '0000-00-00', '', '', 0.00, 0, '', ''),
(2429, 1, '0000-00-00', '', '', 0.00, 0, '', ''),
(2430, 1, '0000-00-00', '', '', 0.00, 0, '', ''),
(2431, 1, '0000-00-00', '', '', 0.00, 0, '', ''),
(2432, 1, '0000-00-00', '', '', 0.00, 0, '', ''),
(2433, 1, '0000-00-00', '', '', 0.00, 0, '', ''),
(2434, 1, '0000-00-00', '', '', 0.00, 0, '', ''),
(2435, 1, '0000-00-00', '', '', 0.00, 0, '', ''),
(2436, 1, '0000-00-00', '', '', 0.00, 0, '', ''),
(2437, 1, '0000-00-00', '', '', 0.00, 0, '', ''),
(2438, 1, '0000-00-00', '', '', 0.00, 0, '', ''),
(2439, 1, '0000-00-00', '', '', 0.00, 0, '', ''),
(2440, 1, '0000-00-00', '', '', 0.00, 0, '', ''),
(2441, 1, '0000-00-00', '', '', 0.00, 0, '', ''),
(2442, 1, '0000-00-00', '', '', 0.00, 0, '', ''),
(2443, 1, '0000-00-00', '', '', 0.00, 0, '', ''),
(2444, 1, '0000-00-00', '', '', 0.00, 0, '', ''),
(2445, 1, '0000-00-00', '', '', 0.00, 0, '', ''),
(2446, 1, '0000-00-00', '', '', 0.00, 0, '', ''),
(2447, 1, '0000-00-00', '', '', 0.00, 0, '', ''),
(2448, 1, '0000-00-00', '', '', 0.00, 0, '', ''),
(2449, 1, '0000-00-00', '', '', 0.00, 0, '', ''),
(2450, 1, '0000-00-00', '', '', 0.00, 0, '', ''),
(2451, 1, '0000-00-00', '', '', 0.00, 0, '', ''),
(2452, 1, '0000-00-00', '', '', 0.00, 0, '', ''),
(2453, 1, '0000-00-00', '', '', 0.00, 0, '', ''),
(2454, 1, '0000-00-00', '', '', 0.00, 0, '', ''),
(2455, 1, '0000-00-00', '', '', 0.00, 0, '', ''),
(2456, 1, '0000-00-00', '', '', 0.00, 0, '', ''),
(2457, 1, '0000-00-00', '', '', 0.00, 0, '', ''),
(2458, 1, '0000-00-00', '', '', 0.00, 0, '', ''),
(2459, 1, '0000-00-00', '', '', 0.00, 0, '', ''),
(2460, 1, '0000-00-00', '', '', 0.00, 0, '', ''),
(2461, 1, '0000-00-00', '', '', 0.00, 0, '', ''),
(2462, 1, '0000-00-00', '', '', 0.00, 0, '', ''),
(2463, 1, '0000-00-00', '', '', 0.00, 0, '', ''),
(2464, 1, '0000-00-00', '', '', 0.00, 0, '', ''),
(2465, 1, '0000-00-00', '', '', 0.00, 0, '', ''),
(2466, 1, '0000-00-00', '', '', 0.00, 0, '', ''),
(2467, 1, '0000-00-00', '', '', 0.00, 0, '', ''),
(2468, 1, '0000-00-00', '', '', 0.00, 0, '', ''),
(2469, 1, '0000-00-00', '', '', 0.00, 0, '', ''),
(2470, 1, '0000-00-00', '', '', 0.00, 0, '', ''),
(2471, 1, '0000-00-00', '', '', 0.00, 0, '', ''),
(2472, 1, '0000-00-00', '', '', 0.00, 0, '', ''),
(2473, 1, '0000-00-00', '', '', 0.00, 0, '', ''),
(2474, 1, '0000-00-00', '', '', 0.00, 0, '', ''),
(2475, 1, '0000-00-00', '', '', 0.00, 0, '', ''),
(2476, 1, '0000-00-00', '', '', 0.00, 0, '', ''),
(2477, 1, '0000-00-00', '', '', 0.00, 0, '', ''),
(2478, 1, '0000-00-00', '', '', 0.00, 0, '', ''),
(2479, 1, '0000-00-00', '', '', 0.00, 0, '', ''),
(2480, 1, '0000-00-00', '', '', 0.00, 0, '', ''),
(2481, 1, '0000-00-00', '', '', 0.00, 0, '', ''),
(2482, 1, '0000-00-00', '', '', 0.00, 0, '', ''),
(2483, 1, '0000-00-00', '', '', 0.00, 0, '', ''),
(2484, 1, '0000-00-00', '', '', 0.00, 0, '', ''),
(2485, 1, '0000-00-00', '', '', 0.00, 0, '', ''),
(2486, 1, '0000-00-00', '', '', 0.00, 0, '', ''),
(2487, 1, '0000-00-00', '', '', 0.00, 0, '', ''),
(2488, 1, '0000-00-00', '', '', 0.00, 0, '', ''),
(2489, 1, '0000-00-00', '', '', 0.00, 0, '', ''),
(2490, 1, '0000-00-00', '', '', 0.00, 0, '', ''),
(2491, 1, '0000-00-00', '', '', 0.00, 0, '', ''),
(2492, 1, '0000-00-00', '', '', 0.00, 0, '', ''),
(2493, 1, '0000-00-00', '', '', 0.00, 0, '', ''),
(2494, 1, '0000-00-00', '', '', 0.00, 0, '', ''),
(2495, 1, '0000-00-00', '', '', 0.00, 0, '', ''),
(2496, 1, '0000-00-00', '', '', 0.00, 0, '', ''),
(2497, 1, '0000-00-00', '', '', 0.00, 0, '', ''),
(2498, 1, '0000-00-00', '', '', 0.00, 0, '', ''),
(2499, 1, '0000-00-00', '', '', 0.00, 0, '', ''),
(2500, 1, '0000-00-00', '', '', 0.00, 0, '', ''),
(2501, 1, '0000-00-00', '', '', 0.00, 0, '', ''),
(2502, 1, '0000-00-00', '', '', 0.00, 0, '', ''),
(2503, 1, '0000-00-00', '', '', 0.00, 0, '', ''),
(2504, 1, '0000-00-00', '', '', 0.00, 0, '', ''),
(2505, 1, '0000-00-00', '', '', 0.00, 0, '', ''),
(2506, 1, '0000-00-00', '', '', 0.00, 0, '', ''),
(2507, 1, '0000-00-00', '', '', 0.00, 0, '', ''),
(2508, 1, '0000-00-00', '', '', 0.00, 0, '', ''),
(2509, 1, '0000-00-00', '', '', 0.00, 0, '', ''),
(2510, 1, '0000-00-00', '', '', 0.00, 0, '', ''),
(2511, 1, '0000-00-00', '', '', 0.00, 0, '', ''),
(2512, 1, '0000-00-00', '', '', 0.00, 0, '', ''),
(2513, 1, '0000-00-00', '', '', 0.00, 0, '', ''),
(2514, 1, '0000-00-00', '', '', 0.00, 0, '', ''),
(2515, 1, '0000-00-00', '', '', 0.00, 0, '', ''),
(2516, 1, '0000-00-00', '', '', 0.00, 0, '', ''),
(2517, 1, '0000-00-00', '', '', 0.00, 0, '', ''),
(2518, 1, '0000-00-00', '', '', 0.00, 0, '', ''),
(2519, 1, '0000-00-00', '', '', 0.00, 0, '', ''),
(2520, 1, '0000-00-00', '', '', 0.00, 0, '', ''),
(2521, 1, '0000-00-00', '', '', 0.00, 0, '', ''),
(2522, 1, '0000-00-00', '', '', 0.00, 0, '', ''),
(2523, 1, '0000-00-00', '', '', 0.00, 0, '', ''),
(2524, 1, '0000-00-00', '', '', 0.00, 0, '', ''),
(2525, 1, '0000-00-00', '', '', 0.00, 0, '', ''),
(2526, 1, '0000-00-00', '', '', 0.00, 0, '', ''),
(2527, 1, '0000-00-00', '', '', 0.00, 0, '', ''),
(2528, 1, '0000-00-00', '', '', 0.00, 0, '', ''),
(2529, 1, '0000-00-00', '', '', 0.00, 0, '', ''),
(2530, 1, '0000-00-00', '', '', 0.00, 0, '', ''),
(2531, 1, '0000-00-00', '', '', 0.00, 0, '', ''),
(2532, 1, '0000-00-00', '', '', 0.00, 0, '', ''),
(2533, 1, '0000-00-00', '', '', 0.00, 0, '', ''),
(2534, 1, '0000-00-00', '', '', 0.00, 0, '', ''),
(2535, 1, '0000-00-00', '', '', 0.00, 0, '', ''),
(2536, 1, '0000-00-00', '', '', 0.00, 0, '', ''),
(2537, 1, '0000-00-00', '', '', 0.00, 0, '', ''),
(2538, 1, '0000-00-00', '', '', 0.00, 0, '', ''),
(2539, 1, '0000-00-00', '', '', 0.00, 0, '', ''),
(2540, 1, '0000-00-00', '', '', 0.00, 0, '', ''),
(2541, 1, '0000-00-00', '', '', 0.00, 0, '', ''),
(2542, 1, '0000-00-00', '', '', 0.00, 0, '', ''),
(2543, 1, '0000-00-00', '', '', 0.00, 0, '', ''),
(2544, 1, '0000-00-00', '', '', 0.00, 0, '', ''),
(2545, 1, '0000-00-00', '', '', 0.00, 0, '', ''),
(2546, 1, '0000-00-00', '', '', 0.00, 0, '', ''),
(2547, 1, '0000-00-00', '', '', 0.00, 0, '', ''),
(2548, 1, '0000-00-00', '', '', 0.00, 0, '', ''),
(2549, 1, '0000-00-00', '', '', 0.00, 0, '', ''),
(2550, 1, '0000-00-00', '', '', 0.00, 0, '', ''),
(2551, 1, '0000-00-00', '', '', 0.00, 0, '', ''),
(2552, 1, '0000-00-00', '', '', 0.00, 0, '', ''),
(2553, 1, '0000-00-00', '', '', 0.00, 0, '', ''),
(2554, 1, '0000-00-00', '', '', 0.00, 0, '', ''),
(2555, 1, '0000-00-00', '', '', 0.00, 0, '', ''),
(2556, 1, '0000-00-00', '', '', 0.00, 0, '', ''),
(2557, 1, '0000-00-00', '', '', 0.00, 0, '', ''),
(2558, 1, '0000-00-00', '', '', 0.00, 0, '', ''),
(2559, 1, '0000-00-00', '', '', 0.00, 0, '', ''),
(2560, 1, '0000-00-00', '', '', 0.00, 0, '', ''),
(2561, 1, '0000-00-00', '', '', 0.00, 0, '', ''),
(2562, 1, '0000-00-00', '', '', 0.00, 0, '', ''),
(2563, 1, '0000-00-00', '', '', 0.00, 0, '', ''),
(2564, 1, '0000-00-00', '', '', 0.00, 0, '', ''),
(2565, 1, '0000-00-00', '', '', 0.00, 0, '', ''),
(2566, 1, '0000-00-00', '', '', 0.00, 0, '', ''),
(2567, 1, '0000-00-00', '', '', 0.00, 0, '', ''),
(2568, 1, '0000-00-00', '', '', 0.00, 0, '', ''),
(2569, 1, '0000-00-00', '', '', 0.00, 0, '', ''),
(2570, 1, '0000-00-00', '', '', 0.00, 0, '', ''),
(2571, 1, '0000-00-00', '', '', 0.00, 0, '', ''),
(2572, 1, '0000-00-00', '', '', 0.00, 0, '', ''),
(2573, 1, '0000-00-00', '', '', 0.00, 0, '', ''),
(2574, 1, '0000-00-00', '', '', 0.00, 0, '', ''),
(2575, 1, '0000-00-00', '', '', 0.00, 0, '', ''),
(2576, 1, '0000-00-00', '', '', 0.00, 0, '', ''),
(2577, 1, '0000-00-00', '', '', 0.00, 0, '', ''),
(2578, 1, '0000-00-00', '', '', 0.00, 0, '', ''),
(2579, 1, '0000-00-00', '', '', 0.00, 0, '', ''),
(2580, 1, '0000-00-00', '', '', 0.00, 0, '', ''),
(2581, 1, '0000-00-00', '', '', 0.00, 0, '', ''),
(2582, 1, '0000-00-00', '', '', 0.00, 0, '', ''),
(2583, 1, '0000-00-00', '', '', 0.00, 0, '', ''),
(2584, 1, '0000-00-00', '', '', 0.00, 0, '', ''),
(2585, 1, '0000-00-00', '', '', 0.00, 0, '', ''),
(2586, 1, '0000-00-00', '', '', 0.00, 0, '', ''),
(2587, 1, '0000-00-00', '', '', 0.00, 0, '', ''),
(2588, 1, '0000-00-00', '', '', 0.00, 0, '', ''),
(2589, 1, '0000-00-00', '', '', 0.00, 0, '', ''),
(2590, 1, '0000-00-00', '', '', 0.00, 0, '', ''),
(2591, 1, '0000-00-00', '', '', 0.00, 0, '', ''),
(2592, 1, '0000-00-00', '', '', 0.00, 0, '', ''),
(2593, 1, '0000-00-00', '', '', 0.00, 0, '', ''),
(2594, 1, '0000-00-00', '', '', 0.00, 0, '', ''),
(2595, 1, '0000-00-00', '', '', 0.00, 0, '', ''),
(2596, 1, '0000-00-00', '', '', 0.00, 0, '', ''),
(2597, 1, '0000-00-00', '', '', 0.00, 0, '', ''),
(2598, 1, '0000-00-00', '', '', 0.00, 0, '', ''),
(2599, 1, '0000-00-00', '', '', 0.00, 0, '', ''),
(2600, 1, '0000-00-00', '', '', 0.00, 0, '', ''),
(2601, 1, '0000-00-00', '', '', 0.00, 0, '', ''),
(2602, 1, '0000-00-00', '', '', 0.00, 0, '', ''),
(2603, 1, '0000-00-00', '', '', 0.00, 0, '', ''),
(2604, 1, '0000-00-00', '', '', 0.00, 0, '', ''),
(2605, 1, '0000-00-00', '', '', 0.00, 0, '', ''),
(2606, 1, '0000-00-00', '', '', 0.00, 0, '', ''),
(2607, 1, '0000-00-00', '', '', 0.00, 0, '', ''),
(2608, 1, '0000-00-00', '', '', 0.00, 0, '', ''),
(2609, 1, '0000-00-00', '', '', 0.00, 0, '', ''),
(2610, 1, '0000-00-00', '', '', 0.00, 0, '', ''),
(2611, 1, '0000-00-00', '', '', 0.00, 0, '', ''),
(2612, 1, '0000-00-00', '', '', 0.00, 0, '', ''),
(2613, 1, '0000-00-00', '', '', 0.00, 0, '', ''),
(2614, 1, '0000-00-00', '', '', 0.00, 0, '', ''),
(2615, 1, '0000-00-00', '', '', 0.00, 0, '', ''),
(2616, 1, '0000-00-00', '', '', 0.00, 0, '', ''),
(2617, 1, '0000-00-00', '', '', 0.00, 0, '', ''),
(2618, 1, '0000-00-00', '', '', 0.00, 0, '', ''),
(2619, 1, '0000-00-00', '', '', 0.00, 0, '', ''),
(2620, 1, '0000-00-00', '', '', 0.00, 0, '', ''),
(2621, 1, '0000-00-00', '', '', 0.00, 0, '', ''),
(2622, 1, '0000-00-00', '', '', 0.00, 0, '', ''),
(2623, 1, '0000-00-00', '', '', 0.00, 0, '', ''),
(2624, 1, '0000-00-00', '', '', 0.00, 0, '', ''),
(2625, 1, '0000-00-00', '', '', 0.00, 0, '', ''),
(2626, 1, '0000-00-00', '', '', 0.00, 0, '', ''),
(2627, 1, '0000-00-00', '', '', 0.00, 0, '', ''),
(2628, 1, '0000-00-00', '', '', 0.00, 0, '', ''),
(2629, 1, '0000-00-00', '', '', 0.00, 0, '', ''),
(2630, 1, '0000-00-00', '', '', 0.00, 0, '', ''),
(2631, 1, '0000-00-00', '', '', 0.00, 0, '', ''),
(2632, 1, '0000-00-00', '', '', 0.00, 0, '', ''),
(2633, 1, '0000-00-00', '', '', 0.00, 0, '', ''),
(2634, 1, '0000-00-00', '', '', 0.00, 0, '', ''),
(2635, 1, '0000-00-00', '', '', 0.00, 0, '', ''),
(2636, 1, '0000-00-00', '', '', 0.00, 0, '', ''),
(2637, 1, '0000-00-00', '', '', 0.00, 0, '', ''),
(2638, 1, '0000-00-00', '', '', 0.00, 0, '', ''),
(2639, 1, '0000-00-00', '', '', 0.00, 0, '', ''),
(2640, 1, '0000-00-00', '', '', 0.00, 0, '', ''),
(2641, 1, '0000-00-00', '', '', 0.00, 0, '', ''),
(2642, 1, '0000-00-00', '', '', 0.00, 0, '', ''),
(2643, 1, '0000-00-00', '', '', 0.00, 0, '', ''),
(2644, 1, '0000-00-00', '', '', 0.00, 0, '', ''),
(2645, 1, '0000-00-00', '', '', 0.00, 0, '', ''),
(2646, 1, '0000-00-00', '', '', 0.00, 0, '', ''),
(2647, 1, '0000-00-00', '', '', 0.00, 0, '', ''),
(2648, 1, '0000-00-00', '', '', 0.00, 0, '', ''),
(2649, 1, '0000-00-00', '', '', 0.00, 0, '', ''),
(2650, 1, '0000-00-00', '', '', 0.00, 0, '', ''),
(2651, 1, '0000-00-00', '', '', 0.00, 0, '', ''),
(2652, 1, '0000-00-00', '', '', 0.00, 0, '', ''),
(2653, 1, '0000-00-00', '', '', 0.00, 0, '', ''),
(2654, 1, '0000-00-00', '', '', 0.00, 0, '', ''),
(2655, 1, '0000-00-00', '', '', 0.00, 0, '', ''),
(2656, 1, '0000-00-00', '', '', 0.00, 0, '', ''),
(2657, 1, '0000-00-00', '', '', 0.00, 0, '', ''),
(2658, 1, '0000-00-00', '', '', 0.00, 0, '', ''),
(2659, 1, '0000-00-00', '', '', 0.00, 0, '', ''),
(2660, 1, '0000-00-00', '', '', 0.00, 0, '', ''),
(2661, 1, '0000-00-00', '', '', 0.00, 0, '', ''),
(2662, 1, '0000-00-00', '', '', 0.00, 0, '', ''),
(2663, 1, '0000-00-00', '', '', 0.00, 0, '', ''),
(2664, 1, '0000-00-00', '', '', 0.00, 0, '', ''),
(2665, 1, '0000-00-00', '', '', 0.00, 0, '', ''),
(2666, 1, '0000-00-00', '', '', 0.00, 0, '', ''),
(2667, 1, '0000-00-00', '', '', 0.00, 0, '', ''),
(2668, 1, '0000-00-00', '', '', 0.00, 0, '', ''),
(2669, 1, '0000-00-00', '', '', 0.00, 0, '', ''),
(2670, 1, '0000-00-00', '', '', 0.00, 0, '', ''),
(2671, 1, '0000-00-00', '', '', 0.00, 0, '', ''),
(2672, 1, '0000-00-00', '', '', 0.00, 0, '', ''),
(2673, 1, '0000-00-00', '', '', 0.00, 0, '', ''),
(2674, 1, '0000-00-00', '', '', 0.00, 0, '', ''),
(2675, 1, '0000-00-00', '', '', 0.00, 0, '', ''),
(2676, 1, '0000-00-00', '', '', 0.00, 0, '', ''),
(2677, 1, '0000-00-00', '', '', 0.00, 0, '', ''),
(2678, 1, '0000-00-00', '', '', 0.00, 0, '', ''),
(2679, 1, '0000-00-00', '', '', 0.00, 0, '', ''),
(2680, 1, '0000-00-00', '', '', 0.00, 0, '', ''),
(2681, 1, '0000-00-00', '', '', 0.00, 0, '', ''),
(2682, 1, '0000-00-00', '', '', 0.00, 0, '', ''),
(2683, 1, '0000-00-00', '', '', 0.00, 0, '', ''),
(2684, 1, '0000-00-00', '', '', 0.00, 0, '', ''),
(2685, 1, '0000-00-00', '', '', 0.00, 0, '', ''),
(2686, 1, '0000-00-00', '', '', 0.00, 0, '', ''),
(2687, 1, '0000-00-00', '', '', 0.00, 0, '', ''),
(2688, 1, '0000-00-00', '', '', 0.00, 0, '', ''),
(2689, 1, '0000-00-00', '', '', 0.00, 0, '', ''),
(2690, 1, '0000-00-00', '', '', 0.00, 0, '', ''),
(2691, 1, '0000-00-00', '', '', 0.00, 0, '', ''),
(2692, 1, '0000-00-00', '', '', 0.00, 0, '', ''),
(2693, 1, '0000-00-00', '', '', 0.00, 0, '', ''),
(2694, 1, '0000-00-00', '', '', 0.00, 0, '', ''),
(2695, 1, '0000-00-00', '', '', 0.00, 0, '', ''),
(2696, 1, '0000-00-00', '', '', 0.00, 0, '', ''),
(2697, 1, '0000-00-00', '', '', 0.00, 0, '', ''),
(2698, 1, '0000-00-00', '', '', 0.00, 0, '', ''),
(2699, 1, '0000-00-00', '', '', 0.00, 0, '', ''),
(2700, 1, '0000-00-00', '', '', 0.00, 0, '', ''),
(2701, 1, '0000-00-00', '', '', 0.00, 0, '', ''),
(2702, 1, '0000-00-00', '', '', 0.00, 0, '', ''),
(2703, 1, '0000-00-00', '', '', 0.00, 0, '', ''),
(2704, 1, '0000-00-00', '', '', 0.00, 0, '', ''),
(2705, 1, '0000-00-00', '', '', 0.00, 0, '', ''),
(2706, 1, '0000-00-00', '', '', 0.00, 0, '', ''),
(2707, 1, '0000-00-00', '', '', 0.00, 0, '', ''),
(2708, 1, '0000-00-00', '', '', 0.00, 0, '', ''),
(2709, 1, '0000-00-00', '', '', 0.00, 0, '', ''),
(2710, 1, '0000-00-00', '', '', 0.00, 0, '', ''),
(2711, 1, '0000-00-00', '', '', 0.00, 0, '', ''),
(2712, 1, '0000-00-00', '', '', 0.00, 0, '', ''),
(2713, 1, '0000-00-00', '', '', 0.00, 0, '', ''),
(2714, 1, '0000-00-00', '', '', 0.00, 0, '', ''),
(2715, 1, '0000-00-00', '', '', 0.00, 0, '', ''),
(2716, 1, '0000-00-00', '', '', 0.00, 0, '', ''),
(2717, 1, '0000-00-00', '', '', 0.00, 0, '', ''),
(2718, 1, '0000-00-00', '', '', 0.00, 0, '', ''),
(2719, 1, '0000-00-00', '', '', 0.00, 0, '', ''),
(2720, 1, '0000-00-00', '', '', 0.00, 0, '', ''),
(2721, 1, '0000-00-00', '', '', 0.00, 0, '', ''),
(2722, 1, '0000-00-00', '', '', 0.00, 0, '', ''),
(2723, 1, '0000-00-00', '', '', 0.00, 0, '', ''),
(2724, 1, '0000-00-00', '', '', 0.00, 0, '', ''),
(2725, 1, '0000-00-00', '', '', 0.00, 0, '', ''),
(2726, 1, '0000-00-00', '', '', 0.00, 0, '', ''),
(2727, 1, '0000-00-00', '', '', 0.00, 0, '', ''),
(2728, 1, '0000-00-00', '', '', 0.00, 0, '', ''),
(2729, 1, '0000-00-00', '', '', 0.00, 0, '', ''),
(2730, 1, '0000-00-00', '', '', 0.00, 0, '', ''),
(2731, 1, '0000-00-00', '', '', 0.00, 0, '', ''),
(2732, 1, '0000-00-00', '', '', 0.00, 0, '', ''),
(2733, 1, '0000-00-00', '', '', 0.00, 0, '', ''),
(2734, 1, '0000-00-00', '', '', 0.00, 0, '', ''),
(2735, 1, '0000-00-00', '', '', 0.00, 0, '', ''),
(2736, 1, '0000-00-00', '', '', 0.00, 0, '', ''),
(2737, 1, '0000-00-00', '', '', 0.00, 0, '', ''),
(2738, 1, '0000-00-00', '', '', 0.00, 0, '', ''),
(2739, 1, '0000-00-00', '', '', 0.00, 0, '', ''),
(2740, 1, '0000-00-00', '', '', 0.00, 0, '', ''),
(2741, 1, '0000-00-00', '', '', 0.00, 0, '', ''),
(2742, 1, '0000-00-00', '', '', 0.00, 0, '', ''),
(2743, 1, '0000-00-00', '', '', 0.00, 0, '', ''),
(2744, 1, '0000-00-00', '', '', 0.00, 0, '', ''),
(2745, 1, '0000-00-00', '', '', 0.00, 0, '', ''),
(2746, 1, '0000-00-00', '', '', 0.00, 0, '', ''),
(2747, 1, '0000-00-00', '', '', 0.00, 0, '', ''),
(2748, 1, '0000-00-00', '', '', 0.00, 0, '', ''),
(2749, 1, '0000-00-00', '', '', 0.00, 0, '', ''),
(2750, 1, '0000-00-00', '', '', 0.00, 0, '', ''),
(2751, 1, '0000-00-00', '', '', 0.00, 0, '', ''),
(2752, 1, '0000-00-00', '', '', 0.00, 0, '', ''),
(2753, 1, '0000-00-00', '', '', 0.00, 0, '', ''),
(2754, 1, '0000-00-00', '', '', 0.00, 0, '', ''),
(2755, 1, '0000-00-00', '', '', 0.00, 0, '', ''),
(2756, 1, '0000-00-00', '', '', 0.00, 0, '', ''),
(2757, 1, '0000-00-00', '', '', 0.00, 0, '', ''),
(2758, 1, '0000-00-00', '', '', 0.00, 0, '', ''),
(2759, 1, '0000-00-00', '', '', 0.00, 0, '', ''),
(2760, 1, '0000-00-00', '', '', 0.00, 0, '', ''),
(2761, 1, '0000-00-00', '', '', 0.00, 0, '', ''),
(2762, 1, '0000-00-00', '', '', 0.00, 0, '', ''),
(2763, 1, '0000-00-00', '', '', 0.00, 0, '', ''),
(2764, 1, '0000-00-00', '', '', 0.00, 0, '', ''),
(2765, 1, '0000-00-00', '', '', 0.00, 0, '', ''),
(2766, 1, '0000-00-00', '', '', 0.00, 0, '', ''),
(2767, 1, '0000-00-00', '', '', 0.00, 0, '', ''),
(2768, 1, '0000-00-00', '', '', 0.00, 0, '', ''),
(2769, 1, '0000-00-00', '', '', 0.00, 0, '', ''),
(2770, 1, '0000-00-00', '', '', 0.00, 0, '', ''),
(2771, 1, '0000-00-00', '', '', 0.00, 0, '', ''),
(2772, 1, '0000-00-00', '', '', 0.00, 0, '', ''),
(2773, 1, '0000-00-00', '', '', 0.00, 0, '', ''),
(2774, 1, '0000-00-00', '', '', 0.00, 0, '', ''),
(2775, 1, '0000-00-00', '', '', 0.00, 0, '', ''),
(2776, 1, '0000-00-00', '', '', 0.00, 0, '', ''),
(2777, 1, '0000-00-00', '', '', 0.00, 0, '', ''),
(2778, 1, '0000-00-00', '', '', 0.00, 0, '', ''),
(2779, 1, '0000-00-00', '', '', 0.00, 0, '', ''),
(2780, 1, '0000-00-00', '', '', 0.00, 0, '', ''),
(2781, 1, '0000-00-00', '', '', 0.00, 0, '', ''),
(2782, 1, '0000-00-00', '', '', 0.00, 0, '', ''),
(2783, 1, '0000-00-00', '', '', 0.00, 0, '', ''),
(2784, 1, '0000-00-00', '', '', 0.00, 0, '', ''),
(2785, 1, '0000-00-00', '', '', 0.00, 0, '', ''),
(2786, 1, '0000-00-00', '', '', 0.00, 0, '', ''),
(2787, 1, '0000-00-00', '', '', 0.00, 0, '', ''),
(2788, 1, '0000-00-00', '', '', 0.00, 0, '', ''),
(2789, 1, '0000-00-00', '', '', 0.00, 0, '', ''),
(2790, 1, '0000-00-00', '', '', 0.00, 0, '', ''),
(2791, 1, '0000-00-00', '', '', 0.00, 0, '', ''),
(2792, 1, '0000-00-00', '', '', 0.00, 0, '', ''),
(2793, 1, '0000-00-00', '', '', 0.00, 0, '', ''),
(2794, 1, '0000-00-00', '', '', 0.00, 0, '', ''),
(2795, 1, '0000-00-00', '', '', 0.00, 0, '', ''),
(2796, 1, '0000-00-00', '', '', 0.00, 0, '', ''),
(2797, 1, '0000-00-00', '', '', 0.00, 0, '', ''),
(2798, 1, '0000-00-00', '', '', 0.00, 0, '', ''),
(2799, 1, '0000-00-00', '', '', 0.00, 0, '', ''),
(2800, 1, '0000-00-00', '', '', 0.00, 0, '', ''),
(2801, 1, '0000-00-00', '', '', 0.00, 0, '', ''),
(2802, 1, '0000-00-00', '', '', 0.00, 0, '', ''),
(2803, 1, '0000-00-00', '', '', 0.00, 0, '', ''),
(2804, 1, '0000-00-00', '', '', 0.00, 0, '', ''),
(2805, 1, '0000-00-00', '', '', 0.00, 0, '', ''),
(2806, 1, '0000-00-00', '', '', 0.00, 0, '', ''),
(2807, 1, '0000-00-00', '', '', 0.00, 0, '', ''),
(2808, 1, '0000-00-00', '', '', 0.00, 0, '', ''),
(2809, 1, '0000-00-00', '', '', 0.00, 0, '', ''),
(2810, 1, '0000-00-00', '', '', 0.00, 0, '', ''),
(2811, 1, '0000-00-00', '', '', 0.00, 0, '', ''),
(2812, 1, '0000-00-00', '', '', 0.00, 0, '', ''),
(2813, 1, '0000-00-00', '', '', 0.00, 0, '', ''),
(2814, 1, '0000-00-00', '', '', 0.00, 0, '', ''),
(2815, 1, '0000-00-00', '', '', 0.00, 0, '', ''),
(2816, 1, '0000-00-00', '', '', 0.00, 0, '', ''),
(2817, 1, '0000-00-00', '', '', 0.00, 0, '', ''),
(2818, 1, '0000-00-00', '', '', 0.00, 0, '', ''),
(2819, 1, '0000-00-00', '', '', 0.00, 0, '', ''),
(2820, 1, '0000-00-00', '', '', 0.00, 0, '', ''),
(2821, 1, '0000-00-00', '', '', 0.00, 0, '', ''),
(2822, 1, '0000-00-00', '', '', 0.00, 0, '', ''),
(2823, 1, '0000-00-00', '', '', 0.00, 0, '', ''),
(2824, 1, '0000-00-00', '', '', 0.00, 0, '', ''),
(2825, 1, '0000-00-00', '', '', 0.00, 0, '', ''),
(2826, 1, '0000-00-00', '', '', 0.00, 0, '', ''),
(2827, 1, '0000-00-00', '', '', 0.00, 0, '', ''),
(2828, 1, '0000-00-00', '', '', 0.00, 0, '', ''),
(2829, 1, '0000-00-00', '', '', 0.00, 0, '', ''),
(2830, 1, '0000-00-00', '', '', 0.00, 0, '', ''),
(2831, 1, '0000-00-00', '', '', 0.00, 0, '', ''),
(2832, 1, '0000-00-00', '', '', 0.00, 0, '', ''),
(2833, 1, '0000-00-00', '', '', 0.00, 0, '', ''),
(2834, 1, '0000-00-00', '', '', 0.00, 0, '', ''),
(2835, 1, '0000-00-00', '', '', 0.00, 0, '', ''),
(2836, 1, '0000-00-00', '', '', 0.00, 0, '', ''),
(2837, 1, '0000-00-00', '', '', 0.00, 0, '', ''),
(2838, 1, '0000-00-00', '', '', 0.00, 0, '', ''),
(2839, 1, '0000-00-00', '', '', 0.00, 0, '', ''),
(2840, 1, '0000-00-00', '', '', 0.00, 0, '', ''),
(2841, 1, '0000-00-00', '', '', 0.00, 0, '', ''),
(2842, 1, '0000-00-00', '', '', 0.00, 0, '', ''),
(2843, 1, '0000-00-00', '', '', 0.00, 0, '', ''),
(2844, 1, '0000-00-00', '', '', 0.00, 0, '', ''),
(2845, 1, '0000-00-00', '', '', 0.00, 0, '', ''),
(2846, 1, '0000-00-00', '', '', 0.00, 0, '', ''),
(2847, 1, '0000-00-00', '', '', 0.00, 0, '', ''),
(2848, 1, '0000-00-00', '', '', 0.00, 0, '', ''),
(2849, 1, '0000-00-00', '', '', 0.00, 0, '', ''),
(2850, 1, '0000-00-00', '', '', 0.00, 0, '', ''),
(2851, 1, '0000-00-00', '', '', 0.00, 0, '', ''),
(2852, 1, '0000-00-00', '', '', 0.00, 0, '', ''),
(2853, 1, '0000-00-00', '', '', 0.00, 0, '', ''),
(2854, 1, '0000-00-00', '', '', 0.00, 0, '', ''),
(2855, 1, '0000-00-00', '', '', 0.00, 0, '', ''),
(2856, 1, '0000-00-00', '', '', 0.00, 0, '', ''),
(2857, 1, '0000-00-00', '', '', 0.00, 0, '', ''),
(2858, 1, '0000-00-00', '', '', 0.00, 0, '', ''),
(2859, 1, '0000-00-00', '', '', 0.00, 0, '', ''),
(2860, 1, '0000-00-00', '', '', 0.00, 0, '', ''),
(2861, 1, '0000-00-00', '', '', 0.00, 0, '', ''),
(2862, 1, '0000-00-00', '', '', 0.00, 0, '', ''),
(2863, 1, '0000-00-00', '', '', 0.00, 0, '', ''),
(2864, 1, '0000-00-00', '', '', 0.00, 0, '', ''),
(2865, 1, '0000-00-00', '', '', 0.00, 0, '', ''),
(2866, 1, '0000-00-00', '', '', 0.00, 0, '', ''),
(2867, 1, '0000-00-00', '', '', 0.00, 0, '', ''),
(2868, 1, '0000-00-00', '', '', 0.00, 0, '', ''),
(2869, 1, '0000-00-00', '', '', 0.00, 0, '', ''),
(2870, 1, '0000-00-00', '', '', 0.00, 0, '', ''),
(2871, 1, '0000-00-00', '', '', 0.00, 0, '', ''),
(2872, 1, '0000-00-00', '', '', 0.00, 0, '', ''),
(2873, 1, '0000-00-00', '', '', 0.00, 0, '', ''),
(2874, 1, '0000-00-00', '', '', 0.00, 0, '', ''),
(2875, 1, '0000-00-00', '', '', 0.00, 0, '', ''),
(2876, 1, '0000-00-00', '', '', 0.00, 0, '', ''),
(2877, 1, '0000-00-00', '', '', 0.00, 0, '', ''),
(2878, 1, '0000-00-00', '', '', 0.00, 0, '', ''),
(2879, 1, '0000-00-00', '', '', 0.00, 0, '', ''),
(2880, 1, '0000-00-00', '', '', 0.00, 0, '', ''),
(2881, 1, '0000-00-00', '', '', 0.00, 0, '', ''),
(2882, 1, '0000-00-00', '', '', 0.00, 0, '', ''),
(2883, 1, '0000-00-00', '', '', 0.00, 0, '', ''),
(2884, 1, '0000-00-00', '', '', 0.00, 0, '', ''),
(2885, 1, '0000-00-00', '', '', 0.00, 0, '', ''),
(2886, 1, '0000-00-00', '', '', 0.00, 0, '', ''),
(2887, 1, '0000-00-00', '', '', 0.00, 0, '', ''),
(2888, 8, '2013-02-19', 'ESTANTE SITIO', '', -120.00, 2223400, '', ''),
(2889, 8, '2013-02-19', '$ RONALDO', '', -50.00, 2223810, '', ''),
(2890, 8, '2013-02-19', '$ KATIA', '', -40.00, 2223820, '', ''),
(2891, 4, '2013-02-01', 'SALDO INICIAL', ' ', 140.11, 3100000, 'SALDO INICIAL', ''),
(2892, 1, '0000-00-00', '', '', 0.00, 0, '', ''),
(2893, 1, '0000-00-00', '', '', 0.00, 0, '', ''),
(2894, 1, '0000-00-00', '', '', 0.00, 0, '', ''),
(2895, 1, '0000-00-00', '', '', 0.00, 0, '', ''),
(2896, 1, '0000-00-00', '', '', 0.00, 0, '', ''),
(2897, 1, '0000-00-00', '', '', 0.00, 0, '', ''),
(2898, 1, '0000-00-00', '', '', 0.00, 0, '', ''),
(2899, 1, '0000-00-00', '', '', 0.00, 0, '', ''),
(2900, 1, '0000-00-00', '', '', 0.00, 0, '', ''),
(2901, 1, '0000-00-00', '', '', 0.00, 0, '', ''),
(2902, 1, '0000-00-00', '', '', 0.00, 0, '', ''),
(2903, 1, '0000-00-00', '', '', 0.00, 0, '', ''),
(2904, 1, '0000-00-00', '', '', 0.00, 0, '', ''),
(2905, 1, '0000-00-00', '', '', 0.00, 0, '', ''),
(2906, 1, '0000-00-00', '', '', 0.00, 0, '', ''),
(2907, 1, '0000-00-00', '', '', 0.00, 0, '', ''),
(2908, 1, '0000-00-00', '', '', 0.00, 0, '', ''),
(2909, 1, '0000-00-00', '', '', 0.00, 0, '', ''),
(2910, 1, '0000-00-00', '', '', 0.00, 0, '', ''),
(2911, 1, '0000-00-00', '', '', 0.00, 0, '', ''),
(2912, 1, '0000-00-00', '', '', 0.00, 0, '', ''),
(2913, 1, '0000-00-00', '', '', 0.00, 0, '', ''),
(2914, 1, '0000-00-00', '', '', 0.00, 0, '', ''),
(2915, 1, '0000-00-00', '', '', 0.00, 0, '', ''),
(2916, 1, '0000-00-00', '', '', 0.00, 0, '', ''),
(2917, 1, '0000-00-00', '', '', 0.00, 0, '', ''),
(2918, 1, '0000-00-00', '', '', 0.00, 0, '', ''),
(2919, 1, '0000-00-00', '', '', 0.00, 0, '', ''),
(2920, 1, '0000-00-00', '', '', 0.00, 0, '', ''),
(2921, 1, '0000-00-00', '', '', 0.00, 0, '', ''),
(2922, 1, '0000-00-00', '', '', 0.00, 0, '', ''),
(2923, 1, '0000-00-00', '', '', 0.00, 0, '', ''),
(2924, 1, '0000-00-00', '', '', 0.00, 0, '', ''),
(2925, 1, '0000-00-00', '', '', 0.00, 0, '', ''),
(2926, 1, '0000-00-00', '', '', 0.00, 0, '', ''),
(2927, 1, '0000-00-00', '', '', 0.00, 0, '', ''),
(2928, 1, '0000-00-00', '', '', 0.00, 0, '', ''),
(2929, 1, '0000-00-00', '', '', 0.00, 0, '', ''),
(2930, 1, '0000-00-00', '', '', 0.00, 0, '', ''),
(2931, 1, '0000-00-00', '', '', 0.00, 0, '', ''),
(2932, 1, '0000-00-00', '', '', 0.00, 0, '', ''),
(2933, 1, '0000-00-00', '', '', 0.00, 0, '', ''),
(2934, 1, '0000-00-00', '', '', 0.00, 0, '', ''),
(2935, 1, '0000-00-00', '', '', 0.00, 0, '', ''),
(2936, 1, '0000-00-00', '', '', 0.00, 0, '', ''),
(2937, 1, '0000-00-00', '', '', 0.00, 0, '', ''),
(2938, 1, '0000-00-00', '', '', 0.00, 0, '', ''),
(2939, 1, '0000-00-00', '', '', 0.00, 0, '', ''),
(2940, 1, '0000-00-00', '', '', 0.00, 0, '', ''),
(2941, 1, '0000-00-00', '', '', 0.00, 0, '', ''),
(2942, 1, '0000-00-00', '', '', 0.00, 0, '', ''),
(2943, 1, '0000-00-00', '', '', 0.00, 0, '', ''),
(2944, 1, '0000-00-00', '', '', 0.00, 0, '', ''),
(2945, 1, '0000-00-00', '', '', 0.00, 0, '', ''),
(2946, 1, '0000-00-00', '', '', 0.00, 0, '', ''),
(2947, 1, '0000-00-00', '', '', 0.00, 0, '', ''),
(2948, 1, '0000-00-00', '', '', 0.00, 0, '', ''),
(2949, 1, '0000-00-00', '', '', 0.00, 0, '', ''),
(2950, 1, '0000-00-00', '', '', 0.00, 0, '', ''),
(2951, 1, '0000-00-00', '', '', 0.00, 0, '', ''),
(2952, 1, '0000-00-00', '', '', 0.00, 0, '', ''),
(2953, 1, '0000-00-00', '', '', 0.00, 0, '', ''),
(2954, 1, '0000-00-00', '', '', 0.00, 0, '', ''),
(2955, 1, '0000-00-00', '', '', 0.00, 0, '', ''),
(2956, 1, '0000-00-00', '', '', 0.00, 0, '', ''),
(2957, 1, '0000-00-00', '', '', 0.00, 0, '', ''),
(2958, 1, '0000-00-00', '', '', 0.00, 0, '', ''),
(2959, 1, '0000-00-00', '', '', 0.00, 0, '', ''),
(2960, 1, '0000-00-00', '', '', 0.00, 0, '', ''),
(2961, 1, '0000-00-00', '', '', 0.00, 0, '', ''),
(2962, 1, '0000-00-00', '', '', 0.00, 0, '', ''),
(2963, 1, '0000-00-00', '', '', 0.00, 0, '', ''),
(2964, 1, '0000-00-00', '', '', 0.00, 0, '', ''),
(2965, 1, '0000-00-00', '', '', 0.00, 0, '', ''),
(2966, 1, '0000-00-00', '', '', 0.00, 0, '', ''),
(2967, 1, '0000-00-00', '', '', 0.00, 0, '', ''),
(2968, 1, '0000-00-00', '', '', 0.00, 0, '', ''),
(2969, 1, '0000-00-00', '', '', 0.00, 0, '', '');
INSERT INTO `extratos` (`id`, `id_conta_corrente`, `data_emissao`, `historico`, `numero_doc`, `valor`, `conta_caixa`, `obs`, `vazio`) VALUES
(2970, 1, '0000-00-00', '', '', 0.00, 0, '', ''),
(2971, 1, '0000-00-00', '', '', 0.00, 0, '', ''),
(2972, 1, '0000-00-00', '', '', 0.00, 0, '', ''),
(2973, 1, '0000-00-00', '', '', 0.00, 0, '', ''),
(2974, 1, '0000-00-00', '', '', 0.00, 0, '', ''),
(2975, 1, '0000-00-00', '', '', 0.00, 0, '', ''),
(2976, 1, '0000-00-00', '', '', 0.00, 0, '', ''),
(2977, 1, '0000-00-00', '', '', 0.00, 0, '', ''),
(2978, 1, '0000-00-00', '', '', 0.00, 0, '', ''),
(2979, 1, '0000-00-00', '', '', 0.00, 0, '', ''),
(2980, 1, '0000-00-00', '', '', 0.00, 0, '', ''),
(2981, 1, '0000-00-00', '', '', 0.00, 0, '', ''),
(2982, 1, '0000-00-00', '', '', 0.00, 0, '', ''),
(2983, 1, '0000-00-00', '', '', 0.00, 0, '', ''),
(2984, 1, '0000-00-00', '', '', 0.00, 0, '', ''),
(2985, 1, '0000-00-00', '', '', 0.00, 0, '', ''),
(2986, 1, '0000-00-00', '', '', 0.00, 0, '', ''),
(2987, 1, '0000-00-00', '', '', 0.00, 0, '', ''),
(2988, 1, '0000-00-00', '', '', 0.00, 0, '', ''),
(2989, 1, '0000-00-00', '', '', 0.00, 0, '', ''),
(2990, 1, '0000-00-00', '', '', 0.00, 0, '', ''),
(2991, 1, '0000-00-00', '', '', 0.00, 0, '', ''),
(2992, 1, '0000-00-00', '', '', 0.00, 0, '', ''),
(2993, 1, '0000-00-00', '', '', 0.00, 0, '', ''),
(2994, 1, '0000-00-00', '', '', 0.00, 0, '', ''),
(2995, 1, '0000-00-00', '', '', 0.00, 0, '', ''),
(2996, 1, '0000-00-00', '', '', 0.00, 0, '', ''),
(2997, 1, '0000-00-00', '', '', 0.00, 0, '', ''),
(2998, 1, '0000-00-00', '', '', 0.00, 0, '', ''),
(2999, 1, '0000-00-00', '', '', 0.00, 0, '', ''),
(3000, 1, '0000-00-00', '', '', 0.00, 0, '', ''),
(3001, 1, '0000-00-00', '', '', 0.00, 0, '', ''),
(3002, 1, '0000-00-00', '', '', 0.00, 0, '', ''),
(3003, 1, '0000-00-00', '', '', 0.00, 0, '', ''),
(3004, 1, '0000-00-00', '', '', 0.00, 0, '', ''),
(3005, 1, '0000-00-00', '', '', 0.00, 0, '', ''),
(3006, 1, '0000-00-00', '', '', 0.00, 0, '', ''),
(3007, 1, '0000-00-00', '', '', 0.00, 0, '', ''),
(3008, 1, '0000-00-00', '', '', 0.00, 0, '', ''),
(3009, 1, '0000-00-00', '', '', 0.00, 0, '', ''),
(3010, 1, '0000-00-00', '', '', 0.00, 0, '', ''),
(3011, 1, '0000-00-00', '', '', 0.00, 0, '', ''),
(3012, 1, '0000-00-00', '', '', 0.00, 0, '', ''),
(3013, 1, '0000-00-00', '', '', 0.00, 0, '', ''),
(3014, 1, '0000-00-00', '', '', 0.00, 0, '', ''),
(3015, 1, '0000-00-00', '', '', 0.00, 0, '', ''),
(3016, 1, '0000-00-00', '', '', 0.00, 0, '', ''),
(3017, 1, '0000-00-00', '', '', 0.00, 0, '', ''),
(3018, 1, '0000-00-00', '', '', 0.00, 0, '', ''),
(3019, 1, '0000-00-00', '', '', 0.00, 0, '', ''),
(3020, 1, '0000-00-00', '', '', 0.00, 0, '', ''),
(3021, 1, '0000-00-00', '', '', 0.00, 0, '', ''),
(3022, 1, '0000-00-00', '', '', 0.00, 0, '', ''),
(3023, 1, '0000-00-00', '', '', 0.00, 0, '', ''),
(3024, 1, '0000-00-00', '', '', 0.00, 0, '', ''),
(3025, 1, '0000-00-00', '', '', 0.00, 0, '', ''),
(3026, 1, '0000-00-00', '', '', 0.00, 0, '', ''),
(3027, 1, '0000-00-00', '', '', 0.00, 0, '', ''),
(3028, 1, '0000-00-00', '', '', 0.00, 0, '', ''),
(3029, 1, '0000-00-00', '', '', 0.00, 0, '', ''),
(3030, 1, '0000-00-00', '', '', 0.00, 0, '', ''),
(3031, 1, '0000-00-00', '', '', 0.00, 0, '', ''),
(3032, 1, '0000-00-00', '', '', 0.00, 0, '', ''),
(3033, 1, '0000-00-00', '', '', 0.00, 0, '', ''),
(3034, 1, '0000-00-00', '', '', 0.00, 0, '', ''),
(3035, 1, '0000-00-00', '', '', 0.00, 0, '', ''),
(3036, 1, '0000-00-00', '', '', 0.00, 0, '', ''),
(3037, 1, '0000-00-00', '', '', 0.00, 0, '', ''),
(3038, 1, '0000-00-00', '', '', 0.00, 0, '', ''),
(3039, 1, '0000-00-00', '', '', 0.00, 0, '', ''),
(3040, 1, '0000-00-00', '', '', 0.00, 0, '', ''),
(3041, 1, '0000-00-00', '', '', 0.00, 0, '', ''),
(3042, 1, '0000-00-00', '', '', 0.00, 0, '', ''),
(3043, 1, '0000-00-00', '', '', 0.00, 0, '', ''),
(3044, 1, '0000-00-00', '', '', 0.00, 0, '', ''),
(3045, 1, '2013-02-18', 'Dep?sito COMPE           ', '024368', 417.92, 1111200, '104 0144  5116815000154 ALTA INDUSTRIA', ''),
(3046, 1, '2013-02-18', 'Dep?sito COMPE           ', '554750', 1165.31, 1111200, '033 3154 17500224000246 USIMINAS MECAN', ''),
(3047, 1, '2013-02-18', 'Cobran?a                 ', '078487', 631.55, 1111300, 'Cobran?a                 ', ''),
(3048, 1, '2013-02-18', 'Cheque Pago Outra Ag?ncia', '854296', -458.00, 2112120, 'SUCATA MANGELS', ''),
(3049, 1, '2013-02-18', 'Transfer?ncia on line    ', '014834', -152.42, 2124420, '18/02 1804      14834-2 SUPM BARRIGAO ', ''),
(3050, 1, '2013-02-18', 'Pagamento de T?tulo      ', '021801', -220.00, 2123110, 'QUIMICLEAN', ''),
(3051, 1, '2013-02-18', 'Pagamento de T?tulo      ', '021802', -284.00, 2113110, 'LEVERCLEAN COMERCIAL LTDA - ME        ', ''),
(3052, 1, '2013-02-18', 'Impostos                 ', '021803', -621.30, 2221100, 'SECRET. FAZENDA MG                    ', ''),
(3053, 1, '2013-02-18', 'Pagto cart?o cr?dito     ', '066860', -4190.59, 2118200, 'BNDS', ''),
(3054, 1, '2013-02-18', 'D?bito Servi?o Cobran?a  ', '020454', -2.86, 2118100, 'D?bito Servi?o Cobran?a  ', ''),
(3055, 1, '2013-02-18', 'Cheque Compensado        ', '854136', -1200.00, 2129130, 'MAQUINA DIVINO', ''),
(3056, 1, '2013-02-18', 'Pagto Energia El?trica   ', '002534', -301.52, 2222200, 'Pagto Energia El?trica    KR', ''),
(3057, 1, '2013-02-18', 'Pagamento de Telefone    ', '042157', -444.41, 2114210, 'Pagamento de Telefone    ', ''),
(3058, 6, '2013-02-18', 'TAR TED PESSOAL         ', '', -13.30, 2225100, '', ''),
(3059, 2, '2013-02-18', 'Transfer?ncia on line - 18/02 4888      38585-9 RONALDO COSTA', '038585', 1500.00, 1310000, '', ''),
(3060, 2, '2013-02-18', 'Pagto cart?o cr?dito', '240214', -3594.64, 2310000, '', ''),
(3061, 2, '2013-02-18', 'Pagto cart?o cr?dito', '122315', -1374.46, 2310000, '', ''),
(3062, 2, '2013-02-19', 'Transferido da poupan?a - 19/02 4888      26698-1 KATIA VIEIRA S', '026698', 140.11, 1310000, '', ''),
(3063, 2, '2013-02-19', 'Transferido da poupan?a - 19/02 4888      26698-1 KATIA VIEIRA S', '026698', 0.37, 1310000, '', ''),
(3064, 3, '2013-02-18', 'Transfer?ncia on line - 18/02 4888      26698-1 KATIA VIEIRA S', '026698', -1500.00, 2310000, '', ''),
(3065, 1, '2013-02-19', 'Cobran?a                 ', '044020', 6528.88, 1111300, 'Cobran?a                 ', ''),
(3066, 1, '2013-02-19', 'Transfer?ncia on line    ', '014137', -912.00, 2224000, 'PÇ GRANVITARA SP ALTERNATIVA 4X', ''),
(3067, 1, '2013-02-19', 'D?bito Servi?o Cobran?a  ', '022358', -8.58, 2118100, 'D?bito Servi?o Cobran?a  ', ''),
(3068, 1, '2013-02-19', 'D?bito Servi?o Cobran?a  ', '009472', -15.60, 2118100, 'D?bito Servi?o Cobran?a  ', ''),
(3069, 1, '2013-02-19', 'Tarifa Pacote de Servi?os', '510577', -68.50, 2118100, 'Tarifa referente a 19/02/2013         ', ''),
(3070, 1, '2013-02-19', 'Cheque Compensado        ', '854267', -254.00, 2224000, '2/8 CORTINA', ''),
(3071, 1, '2013-02-19', 'Cheque Compensado        ', '854297', -50.00, 2224000, 'CAPINA LOTE', ''),
(3072, 1, '2013-02-19', 'Cheque Compensado        ', '854299', -68.50, 2223600, 'BAR CELINHO', ''),
(3073, 3, '2013-02-20', 'DCO - Ped?gio AG.01-9', '11806', -12.40, 2222400, '', ''),
(3074, 4, '2013-02-19', 'TRANSF CTA', '', -65.85, 2310000, '', ''),
(3075, 6, '2013-02-19', 'DOC INT 856262  it>brd  ', '', -1000.00, 2310000, '', ''),
(3076, 5, '2013-02-01', 'SALDO INICIAL', ' ', 91.84, 3100000, 'SALDO INICIAL', ''),
(3077, 4, '2013-02-19', 'TRANSF CTA', '', -0.29, 2310000, '', ''),
(3078, 4, '2013-02-19', 'TRANSF CTA', '', -74.26, 2310000, '', ''),
(3079, 4, '2013-02-19', 'TRANSF CTA', '', -0.08, 2310000, '', ''),
(3080, 4, '2013-02-18', 'Juros', '', 0.37, 1122200, '', ''),
(3081, 7, '2013-02-15', 'Transf cc Para cc pj', ' ', 787.00, 1121300, 'VJ CORREIA', ''),
(3082, 7, '2013-02-15', 'Tarifa Bancaria', ' ', -13.40, 2225100, '', ''),
(3083, 7, '2013-02-19', 'Doc Credito Automatico', ' ', 1000.00, 1310000, '', ''),
(3084, 7, '2013-02-19', 'Transf.aut.c/c p/poup.', ' ', -120.00, 2123430, 'FAX JOELMA 28/01 E 11/02', ''),
(3085, 1, '2013-02-20', 'Transfer?ncia on line    ', '026698', 4000.00, 1310000, '20/02 4888      26698-1 KATIA VIEIRA S', ''),
(3086, 1, '2013-02-20', 'TED Transf.Eletr.Dispon', '538567', 10147.34, 1111300, '033 2048  2236908000124 DYTECH DO BRAS', ''),
(3087, 1, '2013-02-20', 'Cobran?a                 ', '089824', 780.11, 1111300, 'Cobran?a                 ', ''),
(3088, 1, '2013-02-20', 'Cheque Pago Outra Ag?ncia', '854303', -297.67, 2124110, '1/3 POWER MAX', ''),
(3089, 1, '2013-02-20', 'Pagamento de T?tulo      ', '022001', -390.00, 2113200, 'JOSE BIGGI                            ', ''),
(3090, 1, '2013-02-20', 'Pagamento de T?tulo      ', '022002', -635.01, 2222200, 'CONDOMÍNIO', ''),
(3091, 1, '2013-02-20', 'Impostos                 ', '022003', -126.40, 2221100, 'IPVA GRANVITARA', ''),
(3092, 1, '2013-02-20', 'Impostos                 ', '022004', -994.71, 2111200, 'GPS - CODIGO DE BARRAS                ', ''),
(3093, 1, '2013-02-20', 'Impostos                 ', '022005', -6772.91, 2111100, 'DAS - SIMPLES NACIONAL                ', ''),
(3094, 1, '2013-02-20', 'BB Giro Flex             ', '001540', -1770.13, 2118200, 'BB Giro Flex             ', ''),
(3095, 1, '2013-02-20', 'BB Giro Flex             ', '000543', -288.12, 2118200, 'BB Giro Flex             ', ''),
(3096, 1, '2013-02-20', 'D?bito Servi?o Cobran?a  ', '008881', -28.60, 2118100, 'D?bito Servi?o Cobran?a  ', ''),
(3097, 2, '2013-02-20', 'Compra com Cart?o - 20/02 13:07  ECO 2', '147263', -50.00, 2222400, '', ''),
(3098, 2, '2013-02-20', 'Transfer?ncia on line - 20/02 1222      79480-5 SEGURA UNIFORM', '079480', -4000.00, 2310000, '', ''),
(3099, 8, '2013-02-09', 'SLD SAL JAN/13 NETO', '', -200.00, 2123310, '20 DIAS FERIAS - OFICINA', ''),
(3100, 8, '2013-02-20', 'VALES', '', -450.00, 2123310, 'ADILSON,NILCE,FAB,FAB', ''),
(3101, 8, '2013-02-19', 'VENDA USADO', '', 120.00, 1121120, 'CIA DA LAJE', ''),
(3102, 8, '2013-02-19', 'VENDA USADO', '', 258.00, 1121120, 'BRASIL LAJES', ''),
(3103, 8, '2013-02-19', 'LAVANDERIA', '', 71.12, 1121200, 'GUINDALTO', ''),
(3104, 1, '2013-02-21', 'Cobran?a                 ', '062957', 1301.94, 1111300, 'Cobran?a                 ', ''),
(3105, 1, '2013-02-21', 'Transfer?ncia on line    ', '050701', -1760.85, 2123410, '21/02 1222      50701-6 RAFAEL ANTONIO', ''),
(3106, 1, '2013-02-21', 'Pagamento de T?tulo      ', '022101', -1189.03, 1111300, 'SEGURA UNIFORMES E EQUIPAMENTO        ', ''),
(3107, 1, '2013-02-21', 'Pagamento de T?tulo      ', '022102', -3841.79, 1111300, 'SEGURA UNIFORMES E EQUIPAMENTO        ', ''),
(3108, 1, '2013-02-21', 'Pagamento de T?tulo      ', '022103', -591.58, 1111300, 'SEGURA UNIFORMES E EQUIPAMENTO        ', ''),
(3109, 1, '2013-02-21', 'Pagamento de T?tulo      ', '022104', -201.82, 1111300, 'SEGURA UNIFORMES E EQUIPAMENTO        ', ''),
(3110, 1, '2013-02-21', 'Tar Cust?dia Cheque      ', '022443', -0.38, 2118100, 'Tarifa referente a 21/02/2013         ', ''),
(3111, 1, '2013-02-21', 'Pagamento Fatura de ?gua ', '043580', -890.64, 2113120, 'Pagamento Fatura de ?gua ', ''),
(3112, 1, '2013-02-21', 'Desbloqueio de dep?sito  ', '473443', 48.40, 1121120, 'ANTARES venda porta', ''),
(3113, 3, '2013-02-21', 'Transferido da poupan?a - 21/02 4888      38585-9 RONALDO COSTA', '038585', 92.30, 1310000, '', ''),
(3114, 5, '2013-02-21', 'TRANSF CTA', '', -92.30, 2310000, '', ''),
(3116, 7, '2013-02-21', 'DEPÓSITO CHQ Pe LEOPOLDO', ' ', 115.00, 1121120, 'DEPÓSITO CHQ Pe LEOPOLDO', ''),
(3118, 8, '2013-02-21', 'ESTACIONAMENTO', '', -14.00, 2222400, 'DIAMOND E P?TIO', ''),
(3119, 8, '2013-02-22', 'BH COLETA', 'NF 2013 979', 78.84, 1121200, 'LAVANDERIA', ''),
(3120, 1, '2013-02-22', 'Cobran?a                 ', '062283', 6812.14, 1111300, 'Cobran?a                 ', ''),
(3121, 1, '2013-02-22', 'Pagamento de T?tulo      ', '022201', -609.86, 2122120, '7 LAGOS J CERUTTI', ''),
(3122, 1, '2013-02-22', 'Pagamento de T?tulo      ', '022202', -609.94, 1111300, 'BX DIR ESMERALDA', ''),
(3123, 1, '2013-02-22', 'Pagamento de T?tulo      ', '022204', -2547.99, 1111300, 'BX DYTECH', ''),
(3124, 1, '2013-02-22', 'Pagamento de T?tulo      ', '022205', -847.70, 1111300, 'BX MVR', ''),
(3125, 1, '2013-02-22', 'D?bito Servi?o Cobran?a  ', '009291', -15.60, 2118100, 'D?bito Servi?o Cobran?a  ', ''),
(3126, 1, '2013-02-22', 'D?bito Servi?o Cobran?a  ', '097684', -2.86, 2118100, 'D?bito Servi?o Cobran?a  ', ''),
(3127, 1, '2013-02-22', 'Tar Cust?dia Cheque      ', '024285', -0.38, 2118100, 'Tarifa referente a 22/02/2013         ', ''),
(3128, 1, '2013-02-22', 'Pagto Energia El?trica   ', '002534', -797.02, 2113130, 'Pagto Energia El?trica   ', ''),
(3129, 2, '2013-02-22', 'Compra com Cart?o - 22/02 12:04  ECO 2', '143479', -50.00, 2222400, '', ''),
(3130, 2, '2013-02-22', 'Compra com Cart?o - 22/02 20:49    ENJOY CAKES', '274943', -6.50, 2223600, '', ''),
(3131, 8, '2013-02-25', 'JOELMA', '', -60.00, 2123430, 'FAXINA SEGURA', ''),
(3132, 1, '2013-02-25', 'Dep?sito COMPE           ', '405819', 49.07, 1111200, '341 6633  7788752000108 NATURAL IMOVEI', ''),
(3133, 1, '2013-02-25', 'Cobran?a                 ', '060275', 4135.63, 1111300, 'Cobran?a                 ', ''),
(3134, 8, '2013-02-25', 'Saque com cart?o         ', '783933', 150.00, 1310000, '23/02 14:55 SAA-JABOTICATUBAS         \r\n', ''),
(3135, 1, '2013-02-25', 'Saque com cart?o         ', '783933', -150.00, 2310000, '23/02 14:55 SAA-JABOTICATUBAS         \r\n', ''),
(3136, 1, '2013-02-25', 'Pagamento de T?tulo      ', '022501', -339.00, 2114510, 'PRO W', ''),
(3137, 1, '2013-02-25', 'BB Giro Flex             ', '001544', -287.01, 2118200, 'BB Giro Flex             ', ''),
(3138, 1, '2013-02-25', 'Empr?stimo               ', '000349', -810.54, 2118200, 'JUROS VINCULADA', ''),
(3139, 1, '2013-02-25', 'BB Giro Flex             ', '000547', -653.01, 2118200, 'BB Giro Flex             ', ''),
(3140, 1, '2013-02-25', 'D?bito Servi?o Cobran?a  ', '008915', -10.40, 2118100, 'D?bito Servi?o Cobran?a  ', ''),
(3141, 1, '2013-02-25', 'Cheque Compensado        ', '854302', -1020.00, 2123140, 'GAS', ''),
(3142, 1, '2013-02-25', 'Cheque Compensado        ', '854310', -220.00, 2223400, 'CACHORRO ANANDA', ''),
(3143, 1, '2013-02-25', 'Cheque Compensado        ', '854321', -1005.00, 2223200, 'STA MARCELINA', ''),
(3144, 1, '2013-02-25', 'Brasilprev               ', '013597', -72.50, 2226140, 'Brasilprev               ', ''),
(3145, 1, '2013-02-25', 'Brasilprev               ', '013597', -72.50, 2226140, 'Brasilprev               ', ''),
(3146, 1, '2013-02-25', 'Brasilprev               ', '013597', -72.50, 2226140, 'Brasilprev               ', ''),
(3147, 1, '2013-02-25', 'Pagto Mensalidade Seguro ', '040069', -333.76, 2226150, 'Pagto Mensalidade Seguro ', ''),
(3148, 1, '2013-02-25', 'Pagto Mensalidade Seguro ', '040069', -167.34, 2226150, 'Pagto Mensalidade Seguro ', ''),
(3149, 8, '2013-02-22', 'SHOP BOULEVARD', '', -8.40, 2222400, 'ESTACIONAMENTO', ''),
(3150, 1, '2013-02-26', 'Cobran?a                 ', '064589', 3750.59, 1111300, 'Cobran?a                 ', ''),
(3151, 1, '2013-02-26', 'Cobran?a                 ', '022506', 4755.70, 1111300, 'Cobran?a                 ', ''),
(3152, 1, '2013-02-26', 'Transfer?ncia on line    ', '012230', -50.00, 2223500, '26/02 0524      12230-0 LOJA MACONICA ', ''),
(3153, 1, '2013-02-26', 'Transferido para Poupan', '003333', -139.00, 2223500, '26/02 2190  510003333-5 LOJA MACONICA ', ''),
(3154, 1, '2013-02-26', 'Transferido para Poupan', '003333', -45.00, 2223500, '26/02 2190  960003333-7 LOJA MACONICA ', ''),
(3155, 1, '2013-02-26', 'Impostos                 ', '022601', -92.31, 2111200, 'FGTS RENATO JAN2001', ''),
(3156, 1, '2013-02-26', 'Pagto conta telefone     ', '022602', -39.90, 2114210, 'VIVO MG - TELEMIG                     ', ''),
(3157, 1, '2013-02-26', 'BB Giro R?pido           ', '000613', -2055.20, 2118200, 'BB Giro R?pido           ', ''),
(3158, 1, '2013-02-26', 'D?bito Servi?o Cobran?a  ', '008808', -10.40, 2118100, 'D?bito Servi?o Cobran?a  ', ''),
(3159, 1, '2013-02-26', 'Cheque Compensado        ', '854313', -200.00, 2123620, 'FRETE LIXO', ''),
(3160, 1, '2013-02-26', 'Pagamento de Telefone    ', '048314', -1309.79, 2114210, 'Pagamento de Telefone    ', ''),
(3161, 6, '2013-02-26', 'PAGTO PAGTO DEV SEG CRED', '', 75.81, 2226150, '', ''),
(3162, 7, '2013-02-25', 'dep Elizabete', ' ', -110.00, 2223710, 'LIMPEZA PELE ANANDA', ''),
(3163, 7, '2013-02-23', 'dep Myllene', ' ', -40.00, 2227100, 'TÂNIA FAXINA LT', ''),
(3164, 1, '2013-02-27', 'TED Transf.Eletr.Dispon', '983477', 11648.60, 1111300, '033 0678 60689346000170 DYTECH TECALON', ''),
(3165, 1, '2013-02-27', 'Cobran?a                 ', '060415', 1126.39, 1111300, 'Cobran?a                 ', ''),
(3166, 1, '2013-02-27', 'Telefone Pre-Pago        ', '503585', -18.00, 2223400, '31098569576-Vivo MG                   ', ''),
(3167, 1, '2013-02-27', 'Cheque descontado        ', '612881', -395.00, 1121300, 'Cheque descontado        ', ''),
(3168, 1, '2013-02-27', 'Pagamento de T?tulo      ', '022701', -1870.02, 2226120, 'TRITON', ''),
(3169, 1, '2013-02-27', 'D?bito Servi?o Cobran?a  ', '008682', -13.00, 2118100, 'D?bito Servi?o Cobran?a  ', ''),
(3170, 1, '2013-02-27', 'Cheque Compensado        ', '854208', -833.00, 2122120, 'J CERUTTI', ''),
(3171, 1, '2013-02-27', 'Cheque Compensado        ', '854295', -950.00, 2123510, 'FRETE MANGELS', ''),
(3172, 8, '2013-02-28', 'RETIRADA P/ SOCIOS', '', -22584.15, 2124620, '', ''),
(3173, 8, '2013-02-28', 'RETIRADA DA SEGURA', '', 22584.15, 1221200, '', ''),
(3174, 1, '2013-02-28', 'Cheque descontado        ', '000720', 1327.82, 1121300, 'Cheque descontado        ', ''),
(3175, 1, '2013-02-28', 'Dep?sito COMPE           ', '879616', 900.00, 1310000, '341 8606    41745221620 RONALDO COSTA ', ''),
(3176, 1, '2013-02-28', 'Cobran?a                 ', '065974', 3694.85, 1111300, 'Cobran?a                 ', ''),
(3177, 1, '2013-02-28', 'Transfer?ncia on line    ', '026698', -10000.00, 1310000, '28/02 4888      26698-1 KATIA VIEIRA S', ''),
(3178, 1, '2013-02-28', 'Transfer?ncia on line    ', '038585', -700.00, 2310000, '28/02 4888      38585-9 RONALDO COSTA ', ''),
(3179, 1, '2013-02-28', 'Pagamento de T?tulo      ', '022801', -35.00, 2227100, 'FUNDO CRIANÇAS', ''),
(3180, 1, '2013-02-28', 'Emiss?o de DOC           ', '022802', -3033.96, 2223100, 'UNIMED', ''),
(3181, 1, '2013-02-28', 'D?bito Servi?o Cobran?a  ', '007969', -13.00, 2118100, 'D?bito Servi?o Cobran?a  ', ''),
(3182, 1, '2013-02-28', 'Tar DOC/TED Eletr?nico   ', '071890', -7.40, 2118100, 'Tarifa referente a 28/02/2013         ', ''),
(3183, 1, '2013-02-28', 'TARIFA DESC CHEQUES LIBER', '248190', -4.75, 2118100, 'Tarifa referente a 28/02/2013         ', ''),
(3184, 1, '2013-02-28', 'Cheque Compensado        ', '854225', -2000.00, 1111300, 'FABIO', ''),
(3185, 1, '2013-02-28', 'Cheque Compensado        ', '854316', -30.00, 2224000, 'ALINHAM GRANVIT', ''),
(3186, 1, '2013-02-28', 'Cheque Compensado        ', '854317', -160.00, 2222320, 'FAIXA CABRAL', ''),
(3187, 1, '2013-02-28', 'Cobran?a de Juros        ', '057709', -153.54, 2118200, 'Cobran?a de Juros        ', ''),
(3188, 2, '2013-02-28', 'Transfer?ncia on line - 28/02 1222      79480-5 SEGURA UNIFORM', '079480', 10000.00, 1310000, '', ''),
(3189, 2, '2013-03-01', 'Encargos', '0', -63.96, 2225100, '', ''),
(3190, 3, '2013-02-28', 'Transfer?ncia on line - 28/02 1222      79480-5 SEGURA UNIFORM', '079480', 700.00, 1310000, '', ''),
(3191, 3, '2013-02-28', 'Pgto BB Cr?d Ve?culo', '004689', -1019.78, 2226120, 'GRAN VITARA', ''),
(3192, 3, '2013-03-01', 'Encargos', '0', -19.57, 2225100, '', ''),
(3193, 6, '2013-02-28', 'DOC INT 879616  itau kr ', '', -900.00, 2310000, '', ''),
(3194, 6, '2013-02-28', 'SISPAG  6BRASIL LEGAL C ', '', 666.67, 1211200, '', ''),
(3195, 8, '2013-02-22', 'J CERUTTI', '', -1950.00, 2122120, 'COMPRA LUVAS MALHA', ''),
(3196, 8, '2013-02-28', 'KR', '', -862.72, 2124110, 'PGTOS S VER', ''),
(3197, 8, '2013-02-28', 'POSTO RONALDO', '', -50.00, 2124300, '', ''),
(3198, 8, '2013-02-01', 'LILI', '', -60.00, 2223300, 'CHURR BAFO JAN', ''),
(3202, 8, '2013-02-01', 'LANCHE ANANDA', '', -100.00, 2223710, '', ''),
(3203, 8, '2013-02-01', 'LANCHE IGOR', '', -50.00, 2223720, '', ''),
(3204, 8, '2013-02-01', 'LANCHE BIANCA', '', -50.00, 2223730, '', ''),
(3205, 8, '2013-02-28', 'VENDA PORTA', '', 15.00, 1121120, '', ''),
(3206, 1, '2013-03-01', 'DOC devolvido            ', '100002', 3033.96, 2223100, 'DOC devolvido            ', ''),
(3207, 1, '2013-03-01', 'Cobran?a                 ', '084721', 600.49, 1111300, 'Cobran?a                 ', ''),
(3208, 1, '2013-03-01', 'Compra com Cart?o        ', '239045', -50.00, 2222400, '01/03 10:50  SUPREMO                  ', ''),
(3209, 8, '2013-03-01', 'Saque com cart?o         ', '783933', 450.00, 1310000, '01/03 14:03 SOP-CEASA-CONTAGEM        \r\n', ''),
(3210, 1, '2013-03-01', 'Saque com cart?o         ', '783933', -450.00, 2310000, '01/03 14:03 SOP-CEASA-CONTAGEM        \r\n', ''),
(3211, 1, '2013-03-01', 'Pagamento de T?tulo      ', '030101', -121.16, 2114510, 'POWERMAX SEGURANCA PATRIMONIAL        ', ''),
(3212, 1, '2013-03-01', 'D?bito Servi?o Cobran?a  ', '008345', -10.40, 2118100, 'D?bito Servi?o Cobran?a  ', ''),
(3213, 1, '2013-03-01', 'Tarifa Susta??o/Revoga?', '011100', -10.80, 2118100, 'Tarifa referente a 01/03/2013         ', ''),
(3214, 1, '2013-03-01', 'Tarifa Susta??o/Revoga?', '011101', -10.80, 2118100, 'Tarifa referente a 01/03/2013         ', ''),
(3215, 1, '2013-03-01', 'Tarifa Susta??o/Revoga?', '011102', -10.80, 2118100, 'Tarifa referente a 01/03/2013         ', ''),
(3216, 1, '2013-03-01', 'Tarifa Susta??o/Revoga?', '011103', -10.80, 2118100, 'Tarifa referente a 01/03/2013         ', ''),
(3217, 1, '2013-03-01', 'Tarifa Susta??o/Revoga?', '011104', -10.80, 2118100, 'Tarifa referente a 01/03/2013         ', ''),
(3218, 1, '2013-03-01', 'Tarifa Susta??o/Revoga?', '011105', -10.80, 2118100, 'Tarifa referente a 01/03/2013         ', ''),
(3219, 1, '2013-03-01', 'Tarifa Susta??o/Revoga?', '011106', -10.80, 2118100, 'Tarifa referente a 01/03/2013         ', ''),
(3220, 1, '2013-03-01', 'Cheque Compensado        ', '854318', -392.48, 2223600, 'HELVECIO', ''),
(3221, 1, '2013-03-01', 'Cheque Compensado        ', '854319', -80.00, 2224000, 'LAVAJATO GRANVITARA', ''),
(3222, 1, '2013-03-01', 'Cobran?a de I.O.F.       ', '100702', -105.08, 2118100, 'Cobran?a de I.O.F.       ', ''),
(3223, 1, '2013-03-01', 'Desbloqueio de dep?sito  ', '100028', 395.00, 1111300, 'Desbloqueio de dep?sito  ', ''),
(3224, 8, '2013-02-28', 'mangueira para banheira', '', -57.79, 2224000, '', ''),
(3225, 1, '2013-03-04', 'Dep?sito Online          ', '655843', 100.00, 1320000, 'festiva p/ marcelo', ''),
(3226, 1, '2013-03-04', 'TED Transf.Eletr.Dispon', '910445', 15000.00, 1310000, '341 8606    41745221620 RONALDO COSTA ', ''),
(3227, 1, '2013-03-04', 'Tarifa Susta??o/Revoga?', '080244', 75.60, 2118100, 'Estorno tarifa cobrada em   01/03/2013', ''),
(3228, 1, '2013-03-04', 'Cobran?a                 ', '113698', 13453.47, 1111300, 'Cobran?a                 ', ''),
(3229, 1, '2013-03-01', 'Empr?stimo               ', '000357', -74.04, 2118200, 'Empr?stimo               ', ''),
(3230, 1, '2013-03-01', 'BB Giro R?pido           ', '000622', -37.03, 2118200, 'BB Giro R?pido           ', ''),
(3231, 1, '2013-03-04', 'TED Transf.Eletr.Disponiv', '030401', -3033.96, 2223100, 'UNIMED', ''),
(3232, 1, '2013-03-04', 'Pagamento de T?tulo      ', '030402', -6557.97, 2310000, 'CARTAO ITAU UNIBANCO S.A.                    ', ''),
(3233, 1, '2013-03-04', 'Pagamento de T?tulo      ', '030403', -520.00, 2113610, 'ENGEQUISA', ''),
(3234, 1, '2013-03-04', 'Pagamento de T?tulo      ', '030404', -8209.80, 1111300, 'BX DAYCO     ', ''),
(3235, 1, '2013-03-04', 'Pagamento de T?tulo      ', '030405', -2717.34, 1111300, 'BX DAYCO', ''),
(3236, 1, '2013-03-04', 'Pagamento de T?tulo      ', '030406', -9702.49, 1111300, 'BX DAYCO ', ''),
(3237, 1, '2013-03-04', 'Pagamento de T?tulo      ', '030407', -275.06, 1111300, 'BX INPAR DEP BRADESCO  ', ''),
(3238, 1, '2013-03-04', 'D?bito Servi?o Cobran?a  ', '013588', -13.00, 2118100, 'D?bito Servi?o Cobran?a  ', ''),
(3239, 1, '2013-03-04', 'Cheque Compensado        ', '854280', -100.00, 2223200, 'ESCANINHO COLEG', ''),
(3240, 1, '2013-03-04', 'Cheque Compensado        ', '854320', -150.00, 2222400, 'LAVAJATO LANCHA E TRITON', ''),
(3241, 6, '2013-03-01', 'IOF                     ', '', -59.12, 2118100, '', ''),
(3242, 6, '2013-03-04', 'RSHOP-DOG HISTORY-01/03 ', '', -80.00, 2223400, '', ''),
(3243, 6, '2013-03-04', 'INT TED   736987 itau kr', '', -15000.00, 2310000, '', ''),
(3244, 6, '2013-03-04', 'TAR MAXICONTA MENS FEV13', '', -37.00, 2225100, '', ''),
(3247, 1, '2013-03-01', 'SALDO INICIAL', ' ', -2118.44, 3100000, 'SALDO INICIAL', ''),
(3248, 2, '2013-03-01', 'SALDO INICIAL', ' ', 77.66, 3100000, 'SALDO INICIAL', ''),
(3249, 3, '2013-03-01', 'SALDO INICIAL', ' ', 94.82, 3100000, 'SALDO INICIAL', ''),
(3250, 4, '2013-03-01', 'SALDO INICIAL', ' ', 0.00, 3100000, 'SALDO INICIAL', ''),
(3251, 5, '2013-03-01', 'SALDO INICIAL', ' ', 0.00, 3100000, 'SALDO INICIAL', ''),
(3252, 6, '2013-03-01', 'SALDO INICIAL', ' ', 834.71, 3100000, 'SALDO INICIAL', ''),
(3253, 7, '2013-03-01', 'SALDO INICIAL', ' ', 174.10, 3100000, 'SALDO INICIAL', ''),
(3254, 8, '2013-03-04', 'SITIO ADERBAL E TUSICA', '', 206.00, 1121120, '$ RON', ''),
(3255, 8, '2013-03-04', 'CER BRUNET', '', 750.00, 1121120, '$ GAVETA', ''),
(3256, 1, '2013-03-05', 'Dep?sito COMPE           ', '644804', 87.41, 1111200, '341 0654   584755000180 VIA ENGENHARIA', ''),
(3257, 1, '2013-03-05', 'Cobran?a                 ', '073192', 22527.51, 1111300, 'Cobran?a                 ', ''),
(3258, 1, '2013-03-05', 'Compra com Cart?o        ', '052142', -100.00, 2223500, '05/03 14:29 CENPRO CONCURSOS          ', ''),
(3259, 1, '2013-03-05', 'Transferido para Poupan', '003333', -10.00, 2223500, '05/03 2190  510003333-5 LOJA MACONICA ', ''),
(3260, 1, '2013-03-05', 'Pagamento de T?tulo      ', '030501', -934.00, 2223200, 'COLEGUIUM IGOR', ''),
(3261, 1, '2013-03-05', 'Pagamento de T?tulo      ', '030502', -918.00, 2223200, 'COLEGUIUM BIANCA', ''),
(3262, 1, '2013-03-05', 'Pagamento de T?tulo      ', '030503', -584.54, 1111300, 'BAIXA LITORANEA PG CHQ', ''),
(3263, 1, '2013-03-05', 'Cheque Compensado        ', '854290', -392.00, 2123110, 'SABAO AZUL', ''),
(3264, 1, '2013-03-06', 'Dep?sito COMPE           ', '854346', 611.70, 1111200, '033 3154 17500224000246 USIMINAS MECAN', ''),
(3265, 1, '2013-03-06', 'Cobran?a                 ', '081157', 1395.28, 1111300, 'Cobran?a                 ', ''),
(3266, 1, '2013-03-06', 'Transfer?ncia on line    ', '050701', -1179.88, 2123410, '06/03 1222      50701-6 RAFAEL ANTONIO', ''),
(3267, 1, '2013-03-06', 'Transfer?ncia on line    ', '050817', -400.00, 2223710, '06/03 1222      50817-9 ANANDA VIEIRA ', ''),
(3268, 1, '2013-03-06', 'Transferido para Poupan', '050818', -100.00, 2223730, '06/03 1222  510050818-X BIANCA VIEIRA ', ''),
(3269, 1, '2013-03-06', 'Pagamento de T?tulo      ', '030602', -280.10, 1111300, 'BAIXA BICALHO EMPREEND', ''),
(3270, 1, '2013-03-06', 'Pagamento de T?tulo      ', '030603', -83.00, 2223200, 'COLEGUIUM PAG SEGURO UNIF BI', ''),
(3271, 1, '2013-03-06', 'Impostos                 ', '030604', -7.66, 2111200, 'FGTS ARREC GRRF                       ', ''),
(3272, 1, '2013-03-06', 'Transfer?ncia on line    ', '026698', -100.00, 2310000, '05/03 4888  510026698-4 KATIA VIEIRA S', ''),
(3273, 1, '2013-03-06', 'D?bito Servi?o Cobran?a  ', '022178', -2.86, 2118100, 'D?bito Servi?o Cobran?a  ', ''),
(3274, 1, '2013-03-06', 'D?bito Servi?o Cobran?a  ', '008140', -39.00, 2118100, 'D?bito Servi?o Cobran?a  ', ''),
(3275, 1, '2013-03-06', 'Tar Cust?dia Cheque      ', '003754', -0.38, 2118100, 'Tarifa referente a 06/03/2013         ', ''),
(3276, 1, '2013-03-06', 'Cheque Compensado        ', '854301', -375.00, 2122120, 'ZE RODRIGUES', ''),
(3277, 1, '2013-03-06', 'Cheque Compensado        ', '854343', -300.00, 2123510, 'FRT MAGNESITA', ''),
(3278, 1, '2013-03-06', 'Pagto TV por Assinatura  ', '043101', -237.60, 2223600, 'Pagto TV por Assinatura  ', ''),
(3279, 1, '2013-03-07', 'Cobran?a                 ', '067399', 2552.73, 1111300, 'Cobran?a                 ', ''),
(3280, 1, '2013-03-07', 'Transfer?ncia on line    ', '031018', -713.38, 2113310, 'NILCE 31018-2 JESSICA LUCAS ', ''),
(3281, 1, '2013-03-07', 'Transfer?ncia on line    ', '026698', -6500.00, 2310000, '07/03 4888      26698-1 KATIA VIEIRA S', ''),
(3282, 1, '2013-03-07', 'Transfer?ncia on line    ', '038585', -1200.00, 2310000, '07/03 4888      38585-9 RONALDO COSTA ', ''),
(3283, 1, '2013-03-07', 'Impostos                 ', '030702', -635.89, 2111200, 'FGTS ARRECADACAO GRF                  ', ''),
(3284, 1, '2013-03-07', 'Impostos                 ', '030703', -54.24, 2223400, 'FGTS ROBERTO', ''),
(3285, 1, '2013-03-07', 'Pagamento de T?tulo      ', '030704', -111.00, 2112120, 'SAINT GOBAIN', ''),
(3286, 1, '2013-03-07', 'Pagamento de T?tulo      ', '030705', -113.47, 2114220, 'TELELISTAS', ''),
(3287, 1, '2013-03-07', 'Emiss?o de DOC           ', '030706', -630.02, 2113310, 'ADILSON', ''),
(3288, 1, '2013-03-07', 'Emiss?o de DOC           ', '030707', -1000.00, 2113320, 'ADILSON EMPRESTIMO', ''),
(3289, 1, '2013-03-07', 'Emiss?o de DOC           ', '030708', -643.09, 2113310, 'FABIANO', ''),
(3290, 1, '2013-03-07', 'Emiss?o de DOC           ', '030709', -808.75, 2113310, 'RAPHAEL', ''),
(3291, 1, '2013-03-07', 'Emiss?o de DOC           ', '030710', -802.64, 2113310, 'FABRICIO', ''),
(3292, 1, '2013-03-07', 'Emiss?o de DOC           ', '030711', -1362.80, 2113310, 'ZE RENATO', ''),
(3293, 1, '2013-03-07', 'Emiss?o de DOC           ', '030712', -836.06, 2113310, 'MARCOS', ''),
(3294, 1, '2013-03-07', 'Emiss?o de DOC           ', '030713', -817.76, 2113310, 'SAMUEL', ''),
(3295, 1, '2013-03-07', 'Pagamento de T?tulo      ', '030714', -434.74, 1111300, 'BAIXA CER ALTO PARANAIBA', ''),
(3296, 1, '2013-03-07', 'Pagamento de T?tulo      ', '030715', -777.43, 1111300, 'BAIXA JB FERROMETAL', ''),
(3297, 1, '2013-03-07', 'Pagamento de T?tulo      ', '030716', -618.44, 1111300, 'BAIXA USIMINAS', ''),
(3298, 1, '2013-03-07', 'Transfer?ncia on line    ', '026698', -100.00, 2310000, '05/03 4888  510026698-4 KATIA VIEIRA S', ''),
(3299, 1, '2013-03-07', 'D?bito Servi?o Cobran?a  ', '000976', -3.50, 2118100, 'D?bito Servi?o Cobran?a  ', ''),
(3300, 1, '2013-03-07', 'D?bito Servi?o Cobran?a  ', '000520', -3.50, 2118100, 'D?bito Servi?o Cobran?a  ', ''),
(3301, 1, '2013-03-07', 'Tar DOC/TED Eletr?nico   ', '074809', -7.40, 2118100, 'Tarifa referente a 07/03/2013         ', ''),
(3302, 1, '2013-03-07', 'Tar DOC/TED Eletr?nico   ', '074810', -7.40, 2118100, 'Tarifa referente a 07/03/2013         ', ''),
(3303, 1, '2013-03-07', 'Tar DOC/TED Eletr?nico   ', '074811', -7.40, 2128100, 'Tarifa referente a 07/03/2013         ', ''),
(3304, 1, '2013-03-07', 'Tar DOC/TED Eletr?nico   ', '074812', -7.40, 2118100, 'Tarifa referente a 07/03/2013         ', ''),
(3305, 1, '2013-03-07', 'Tar DOC/TED Eletr?nico   ', '074813', -7.40, 2118100, 'Tarifa referente a 07/03/2013         ', ''),
(3306, 1, '2013-03-07', 'Tar DOC/TED Eletr?nico   ', '074814', -7.40, 2118100, 'Tarifa referente a 07/03/2013         ', ''),
(3307, 1, '2013-03-07', 'Tar DOC/TED Eletr?nico   ', '074815', -7.40, 2118100, 'Tarifa referente a 07/03/2013         ', ''),
(3308, 1, '2013-03-07', 'Cheque Compensado        ', '854292', -310.00, 2223400, 'TELA SITIO', ''),
(3309, 1, '2013-03-07', 'Cheque Compensado        ', '854341', -373.98, 2123510, 'FRT MADAP', ''),
(3310, 1, '2013-03-07', 'Desbloqueio de dep?sito  ', '612703', 400.00, 1111120, 'CER ALTO PARAN c/desc 30,00', ''),
(3311, 1, '2013-03-07', 'Desbloqueio de dep?sito  ', '623620', 760.00, 1111120, 'JB FERROMETAL', ''),
(3312, 2, '2013-03-05', 'Compra com Cart?o - 05/03 15:36 IA PADUA', '156213', -16.99, 2223730, '', ''),
(3313, 2, '2013-03-05', 'Tarifa Pacote de Servi?os - Tarifa referente a 05/03/2013', '033285', -38.00, 2225100, '', ''),
(3314, 2, '2013-03-05', 'Cobran?a de Juros', '058901', -695.35, 2128100, '', ''),
(3315, 2, '2013-03-07', 'Transfer?ncia on line - 07/03 1222      79480-5 SEGURA UNIFORM', '079480', 6500.00, 1310000, '', ''),
(3316, 2, '2013-03-07', 'Compra com Cart?o - 07/03 08:50    POSTO CARAJAS', '131852', -140.02, 2222400, '', ''),
(3317, 3, '2013-03-05', 'Tarifa Pacote de Servi?os - Tarifa referente a 05/03/2013', '033329', -38.00, 2225100, '', ''),
(3318, 3, '2013-03-05', 'Cobran?a de Juros', '058901', -441.70, 2225100, '', ''),
(3319, 3, '2013-03-06', 'Devolu??o Juros-Chq Espec', '058901', 342.00, 2225100, '', ''),
(3320, 3, '2013-03-07', 'Transfer?ncia on line - 07/03 1222      79480-5 SEGURA UNIFORM', '079480', 1200.00, 1310000, '', ''),
(3321, 4, '2013-03-06', 'PLANEJADA', '', 100.00, 1310000, '', ''),
(3322, 4, '2013-03-07', 'PLANEJADA', '', 100.00, 1310000, '', ''),
(3323, 7, '2013-03-01', 'deposito', ' ', 270.76, 1111200, 'INPAR', ''),
(3324, 7, '2013-03-04', 'iof', ' ', -1.38, 2118100, 'IOF', ''),
(3325, 7, '2013-03-05', 'encargos', ' ', -2.21, 2118100, 'ENCARGOS', ''),
(3326, 7, '2013-03-07', 'encargos', ' ', -46.40, 2118100, 'JUROS', ''),
(3327, 8, '2013-01-05', 'ROBERT SITIO', '', -332.00, 0, 'SAL - 2/3 QUADRI', ''),
(3328, 8, '2013-01-05', 'J?SE', '', -135.00, 0, '', ''),
(3329, 8, '2013-01-05', 'WERLEY', '', -110.00, 0, '', ''),
(3330, 8, '2013-01-05', 'CELINHO', '', -83.00, 0, '', ''),
(3331, 8, '2013-01-05', 'CRISTINA', '', -40.00, 0, '', ''),
(3332, 8, '2013-01-05', 'ADERBAL', '', -43.00, 0, '', ''),
(3333, 8, '2013-01-31', 'LANCHES E SAIDINHAS EM BH', '', -500.00, 0, '', ''),
(3334, 8, '2013-01-28', 'FAXINA JOELMA $', '', -60.00, 0, '', ''),
(3335, 8, '2013-03-06', 'UNIAO FABRIL', '', 340.00, 1121120, 'SUCATA UNIFORMES', ''),
(3336, 8, '2013-03-06', 'VENDA PORTA', '', 8.00, 1121120, '', ''),
(3337, 8, '2013-03-06', 'VENDA PORTA', '', 45.00, 1121120, 'RECUP RES PLAST', ''),
(3338, 8, '2013-03-07', '$ RONALDO', '', -50.00, 2223810, 'GASTOS DIVERSOS', ''),
(3339, 8, '2013-03-07', 'MAURO', '', -50.00, 2124110, 'MANUTEN??O', ''),
(3340, 8, '2013-03-07', 'MO', '', -310.00, 2123310, 'GREDSON 19 a 28/02', ''),
(3341, 8, '2013-03-08', 'CARTORIO', '', -155.00, 2121400, 'LIBERACAO GALPAO', ''),
(3342, 8, '2013-03-08', 'VENDA PORTA', '', 20.00, 1121120, '', ''),
(3343, 8, '2013-03-08', '$ KATIA', '', -20.00, 2223820, 'GASTOS DIVERSOS', ''),
(3344, 8, '2013-03-07', '+1DIA NETO', '', -39.44, 2113310, '', ''),
(3345, 8, '2013-03-06', 'POSTO $ K', '', -50.00, 2222400, 'P/ IR COLEGUIUM', ''),
(3346, 8, '2013-03-06', 'VALE RAFAEL MOT', '', -340.00, 2123410, '', ''),
(3347, 8, '2013-03-01', 'CACHORRO IGOR', '', -320.00, 2223400, '', ''),
(3348, 8, '2013-03-08', '$ C/RONALDO', '', -330.00, 2223810, 'PG DIVERSOS', ''),
(3349, 1, '2013-03-08', 'Cobran?a                 ', '101778', 2969.48, 1111300, 'Cobran?a                 ', ''),
(3350, 8, '2013-03-08', 'Saque com cart?o         ', '783933', 300.00, 1310000, '08/03 12:26 SOP-CEASA-CONTAGEM        \r\n', ''),
(3351, 1, '2013-03-08', 'Saque com cart?o         ', '783933', -300.00, 2310000, '08/03 12:26 SOP-CEASA-CONTAGEM        \r\n', ''),
(3352, 1, '2013-03-08', 'Folha de Pagamento       ', '004866', -1288.78, 2113310, 'RENATO E LILI', ''),
(3353, 1, '2013-03-08', 'Pagamento de T?tulo      ', '030802', -1005.00, 2223200, 'SANTA MARCELINA - ANANDA', ''),
(3354, 1, '2013-03-08', 'Pagamento de T?tulo      ', '030803', -92.61, 1111300, 'BX VIA ENGa DEP 05-03 VR 87,41', ''),
(3355, 1, '2013-03-08', 'Transfer?ncia on line    ', '026698', -100.00, 2310000, '05/03 4888  510026698-4 KATIA VIEIRA S', ''),
(3356, 1, '2013-03-08', 'Tar Pag Sal?r Cr?d Conta ', '226736', -5.00, 2118100, 'Tarifa referente a 08/03/2013         ', ''),
(3357, 1, '2013-03-08', 'Cheque Compensado        ', '854298', -475.00, 2122120, 'LUVAS CLEUSA', ''),
(3358, 4, '2013-03-08', 'PLANEJADA', '', 100.00, 1310000, '', ''),
(3359, 8, '2013-03-07', 'TX CARTORIO BB', '', -4.84, 2124410, 'LIB LOTE - FIRMA GER BB', ''),
(3360, 8, '2013-03-08', 'ESTACIONAMENTO', '', -5.60, 2222400, 'BOULEVARD', ''),
(3361, 8, '2013-03-07', 'ESTACIONAMENTO', '', -6.60, 2222400, 'DEL REY', ''),
(3362, 8, '2013-03-08', 'VENDA RESIDUOS', '', 10.00, 1121130, 'OLEO JACARE', ''),
(3363, 8, '2013-03-11', 'VENDA PORTA', '', 20.00, 1121120, '', ''),
(3364, 8, '2013-03-09', 'ROSARINHO', '', -200.00, 2223400, 'MANUT S?TIO - CASA CAO', ''),
(3365, 8, '2013-03-09', 'ROBERTO', '', -366.00, 2223400, 'SAL 5-3, DESC QUADRI', ''),
(3366, 8, '2013-03-01', 'DESC SMS CEL IGOR', '', -200.00, 2223720, 'MESADA IGOR', ''),
(3367, 8, '2013-03-01', 'DESC SMS CEL IGOR', '', 200.00, 2222310, 'ABATER NA CT CEL', ''),
(3368, 10, '2013-04-02', '	PAGAMENTO EFETUADO 	-', ' ', 6557.97, 0, '	PAGAMENTO EFETUADO 	-', ''),
(3369, 10, '2013-04-02', '	CHILLI BEANS 02/03', ' ', -66.00, 0, '	CHILLI BEANS 02/03', ''),
(3370, 10, '2013-04-02', '	LEITURA ELDORADO 02/04', ' ', -51.60, 0, '	LEITURA ELDORADO 02/04', ''),
(3371, 10, '2013-04-02', '	ANUIDADE DIFERENCI06/06', ' ', -24.00, 0, '	ANUIDADE DIFERENCI06/06', ''),
(3372, 10, '2013-04-02', '	CENPRO CONCURSOS 01/06 ', ' ', -190.00, 0, '	CENPRO CONCURSOS 01/06 ', ''),
(3373, 10, '2013-04-02', '	RIO CLARO PNEUS 10/10 ', ' ', -138.98, 0, '	RIO CLARO PNEUS 10/10 ', ''),
(3374, 10, '2013-04-02', '	LEROY MERLIN CONTA07/10 ', ' ', -145.20, 0, '	LEROY MERLIN CONTA07/10 ', ''),
(3375, 10, '2013-04-02', '	PONTO FRIO LJ 428 06/10 ', ' ', -214.63, 0, '	PONTO FRIO LJ 428 06/10 ', ''),
(3376, 10, '2013-04-02', '	G R UM EDITORA 06/06', ' ', -36.00, 0, '	G R UM EDITORA 06/06', ''),
(3377, 10, '2013-04-02', '	CASA DOS COLCHOES 05/10 ', ' ', -136.00, 0, '	CASA DOS COLCHOES 05/10 ', ''),
(3378, 10, '2013-04-02', '	PONTO FRIO LJ 428 04/10 ', ' ', -189.42, 0, '	PONTO FRIO LJ 428 04/10 ', ''),
(3379, 10, '2013-04-02', '	LOJAS RENNER FL 6103/03 ', ' ', -145.84, 0, '	LOJAS RENNER FL 6103/03 ', ''),
(3380, 10, '2013-04-02', '	MESQUITA MOTORES 03/06', ' ', -83.35, 0, '	MESQUITA MOTORES 03/06', ''),
(3381, 10, '2013-04-02', '	RICARDO ELETRO F2303/10 ', ' ', -209.90, 0, '	RICARDO ELETRO F2303/10 ', ''),
(3382, 10, '2013-04-02', '	PONTO FRIO LJ 161 03/10 ', ' ', -149.00, 0, '	PONTO FRIO LJ 161 03/10 ', ''),
(3383, 10, '2013-04-02', '	ESTADO DE MINAS 03/03', ' ', -29.36, 0, '	ESTADO DE MINAS 03/03', ''),
(3384, 10, '2013-04-02', '	RIO CLARO PNEUS 02/10 ', ' ', -134.38, 0, '	RIO CLARO PNEUS 02/10 ', ''),
(3385, 10, '2013-04-02', '	GRANDLUB 02/02 ', ' ', -104.00, 0, '	GRANDLUB 02/02 ', ''),
(3386, 10, '2013-04-02', '	ARTESANAL 02/04', ' ', -95.00, 0, '	ARTESANAL 02/04', ''),
(3387, 10, '2013-04-02', '	RICARDO ELETRO F5802/10', ' ', -91.92, 0, '	RICARDO ELETRO F5802/10', ''),
(3388, 10, '2013-04-02', '	PAPEL NOVO SHOPPING', ' ', 0.04, 0, '	PAPEL NOVO SHOPPING', ''),
(3389, 10, '2013-04-02', '	PAPEL NOVO SHOPPIN02/03', ' ', -50.68, 0, '	PAPEL NOVO SHOPPIN02/03', ''),
(3390, 10, '2013-04-02', '	EXACTA ODONTOLOGIA02/03 ', ' ', -155.00, 0, '	EXACTA ODONTOLOGIA02/03 ', ''),
(3391, 10, '2013-04-02', '	GRANDLUB 02/02 ', ' ', -154.00, 0, '	GRANDLUB 02/02 ', ''),
(3392, 10, '2013-04-02', '	ANUIDADE DIFERENCI06/06', ' ', -12.00, 0, '	ANUIDADE DIFERENCI06/06', ''),
(3393, 10, '2013-04-02', '	TAMBASA ATACADISTA', ' ', -86.04, 0, '	TAMBASA ATACADISTA', ''),
(3394, 10, '2013-04-02', '	DROGARIA ARAUJO CEASA', ' ', -20.48, 0, '	DROGARIA ARAUJO CEASA', ''),
(3395, 10, '2013-04-02', '	MERCADOPAGO', ' ', -39.90, 0, '	MERCADOPAGO', ''),
(3396, 10, '2013-04-02', '	EMPREENDIMENTOS BRITO', ' ', -50.00, 0, '	EMPREENDIMENTOS BRITO', ''),
(3397, 10, '2013-04-02', '	PANIFICADORA GIARDINO', ' ', -33.40, 0, '	PANIFICADORA GIARDINO', ''),
(3398, 10, '2013-04-02', '	PORTO NORTE SUL ', ' ', -118.76, 0, '	PORTO NORTE SUL ', ''),
(3399, 10, '2013-04-02', '	DOG HISTORY PET SHOP', ' ', -18.80, 0, '	DOG HISTORY PET SHOP', ''),
(3400, 10, '2013-04-02', '	POSTO ASSIS ', ' ', -121.69, 0, '	POSTO ASSIS ', ''),
(3401, 10, '2013-04-02', '	RANCHO PANTANAL', ' ', -53.70, 0, '	RANCHO PANTANAL', ''),
(3402, 10, '2013-04-02', '	GIARDINO PANNE', ' ', -21.90, 0, '	GIARDINO PANNE', ''),
(3403, 10, '2013-04-02', '	GRANDLUB 01/02 ', ' ', -142.75, 0, '	GRANDLUB 01/02 ', ''),
(3404, 10, '2013-04-02', '	PONTO ELETRICO', ' ', -49.90, 0, '	PONTO ELETRICO', ''),
(3405, 10, '2013-04-02', '	EMBOL ', ' ', -161.27, 0, '	EMBOL ', ''),
(3406, 10, '2013-04-02', '	PAPEL NOVO', ' ', -38.30, 0, '	PAPEL NOVO', ''),
(3407, 10, '2013-04-02', '	B H EMBALAGENS', ' ', -41.62, 0, '	B H EMBALAGENS', ''),
(3408, 10, '2013-04-02', '	INST DE PAT CLIN HERME', ' ', -33.00, 0, '	INST DE PAT CLIN HERME', ''),
(3409, 10, '2013-04-02', '	POSTO TROPICO LTDA ', ' ', -188.03, 0, '	POSTO TROPICO LTDA ', ''),
(3410, 10, '2013-04-02', '	EXACTA ODONTOLOGIA01/02 ', ' ', -325.00, 0, '	EXACTA ODONTOLOGIA01/02 ', ''),
(3411, 10, '2013-04-02', '	NUTRI PASTORIL ', ' ', -135.30, 0, '	NUTRI PASTORIL ', ''),
(3412, 10, '2013-04-02', '	GIARDINO PANNE', ' ', -35.30, 0, '	GIARDINO PANNE', ''),
(3413, 10, '2013-04-02', '	RANCHO PANTANAL', ' ', -78.60, 0, '	RANCHO PANTANAL', ''),
(3414, 10, '2013-04-02', '	PAULO ROBERTO F', ' ', -43.84, 0, '	PAULO ROBERTO F', ''),
(3415, 10, '2013-04-02', '	POSTO CLEARGEL ', ' ', -191.92, 0, '	POSTO CLEARGEL ', ''),
(3416, 10, '2013-04-02', '	SLICE VJV ', ' ', -260.25, 0, '	SLICE VJV ', ''),
(3417, 10, '2013-04-02', '	SLICE VJV', ' ', -46.40, 0, '	SLICE VJV', ''),
(3418, 10, '2013-04-02', '	PAULO ROBERTO F', ' ', -37.55, 0, '	PAULO ROBERTO F', ''),
(3419, 10, '2013-04-02', '	DROGARIA ARAUJO CE01/03', ' ', -31.09, 0, '	DROGARIA ARAUJO CE01/03', ''),
(3420, 10, '2013-04-02', '	POSTO SUPRICEL BELO HO ', ' ', -136.93, 0, '	POSTO SUPRICEL BELO HO ', ''),
(3421, 10, '2013-04-02', '	PONTO ELETRICO', ' ', -38.70, 0, '	PONTO ELETRICO', ''),
(3422, 10, '2013-04-02', '	NUTRI PASTORIL', ' ', -56.90, 0, '	NUTRI PASTORIL', ''),
(3423, 10, '2013-04-02', '	TAMBASA ATACADISTA', ' ', -69.08, 0, '	TAMBASA ATACADISTA', ''),
(3424, 10, '2013-04-02', '	PAGAMENTO EFETUADO 	-', ' ', 6557.97, 0, '	PAGAMENTO EFETUADO 	-', ''),
(3425, 10, '2013-04-02', '	CHILLI BEANS 02/03', ' ', -66.00, 0, '	CHILLI BEANS 02/03', ''),
(3426, 10, '2013-04-02', '	LEITURA ELDORADO 02/04', ' ', -51.60, 0, '	LEITURA ELDORADO 02/04', ''),
(3427, 10, '2013-04-02', '	ANUIDADE DIFERENCI06/06', ' ', -24.00, 0, '	ANUIDADE DIFERENCI06/06', ''),
(3428, 10, '2013-04-02', '	CENPRO CONCURSOS 01/06 ', ' ', -190.00, 0, '	CENPRO CONCURSOS 01/06 ', ''),
(3429, 10, '2013-04-02', '	RIO CLARO PNEUS 10/10 ', ' ', -138.98, 0, '	RIO CLARO PNEUS 10/10 ', ''),
(3430, 10, '2013-04-02', '	LEROY MERLIN CONTA07/10 ', ' ', -145.20, 0, '	LEROY MERLIN CONTA07/10 ', ''),
(3431, 10, '2013-04-02', '	PONTO FRIO LJ 428 06/10 ', ' ', -214.63, 0, '	PONTO FRIO LJ 428 06/10 ', ''),
(3432, 10, '2013-04-02', '	G R UM EDITORA 06/06', ' ', -36.00, 0, '	G R UM EDITORA 06/06', ''),
(3433, 10, '2013-04-02', '	CASA DOS COLCHOES 05/10 ', ' ', -136.00, 0, '	CASA DOS COLCHOES 05/10 ', ''),
(3434, 10, '2013-04-02', '	PONTO FRIO LJ 428 04/10 ', ' ', -189.42, 0, '	PONTO FRIO LJ 428 04/10 ', ''),
(3435, 10, '2013-04-02', '	LOJAS RENNER FL 6103/03 ', ' ', -145.84, 0, '	LOJAS RENNER FL 6103/03 ', ''),
(3436, 10, '2013-04-02', '	MESQUITA MOTORES 03/06', ' ', -83.35, 0, '	MESQUITA MOTORES 03/06', ''),
(3437, 10, '2013-04-02', '	RICARDO ELETRO F2303/10 ', ' ', -209.90, 0, '	RICARDO ELETRO F2303/10 ', ''),
(3438, 10, '2013-04-02', '	PONTO FRIO LJ 161 03/10 ', ' ', -149.00, 0, '	PONTO FRIO LJ 161 03/10 ', ''),
(3439, 10, '2013-04-02', '	ESTADO DE MINAS 03/03', ' ', -29.36, 0, '	ESTADO DE MINAS 03/03', ''),
(3440, 10, '2013-04-02', '	RIO CLARO PNEUS 02/10 ', ' ', -134.38, 0, '	RIO CLARO PNEUS 02/10 ', ''),
(3441, 10, '2013-04-02', '	GRANDLUB 02/02 ', ' ', -104.00, 0, '	GRANDLUB 02/02 ', ''),
(3442, 10, '2013-04-02', '	ARTESANAL 02/04', ' ', -95.00, 0, '	ARTESANAL 02/04', ''),
(3443, 10, '2013-04-02', '	RICARDO ELETRO F5802/10', ' ', -91.92, 0, '	RICARDO ELETRO F5802/10', ''),
(3444, 10, '2013-04-02', '	PAPEL NOVO SHOPPING', ' ', 0.04, 0, '	PAPEL NOVO SHOPPING', ''),
(3445, 10, '2013-04-02', '	PAPEL NOVO SHOPPIN02/03', ' ', -50.68, 0, '	PAPEL NOVO SHOPPIN02/03', ''),
(3446, 10, '2013-04-02', '	EXACTA ODONTOLOGIA02/03 ', ' ', -155.00, 0, '	EXACTA ODONTOLOGIA02/03 ', ''),
(3447, 10, '2013-04-02', '	GRANDLUB 02/02 ', ' ', -154.00, 0, '	GRANDLUB 02/02 ', ''),
(3448, 10, '2013-04-02', '	ANUIDADE DIFERENCI06/06', ' ', -12.00, 0, '	ANUIDADE DIFERENCI06/06', ''),
(3449, 10, '2013-04-02', '	TAMBASA ATACADISTA', ' ', -86.04, 0, '	TAMBASA ATACADISTA', ''),
(3450, 10, '2013-04-02', '	DROGARIA ARAUJO CEASA', ' ', -20.48, 0, '	DROGARIA ARAUJO CEASA', ''),
(3451, 10, '2013-04-02', '	MERCADOPAGO', ' ', -39.90, 0, '	MERCADOPAGO', ''),
(3452, 10, '2013-04-02', '	EMPREENDIMENTOS BRITO', ' ', -50.00, 0, '	EMPREENDIMENTOS BRITO', ''),
(3453, 10, '2013-04-02', '	PANIFICADORA GIARDINO', ' ', -33.40, 0, '	PANIFICADORA GIARDINO', ''),
(3454, 10, '2013-04-02', '	PORTO NORTE SUL ', ' ', -118.76, 0, '	PORTO NORTE SUL ', ''),
(3455, 10, '2013-04-02', '	DOG HISTORY PET SHOP', ' ', -18.80, 0, '	DOG HISTORY PET SHOP', ''),
(3456, 10, '2013-04-02', '	POSTO ASSIS ', ' ', -121.69, 0, '	POSTO ASSIS ', ''),
(3457, 10, '2013-04-02', '	RANCHO PANTANAL', ' ', -53.70, 0, '	RANCHO PANTANAL', ''),
(3458, 10, '2013-04-02', '	GIARDINO PANNE', ' ', -21.90, 0, '	GIARDINO PANNE', ''),
(3459, 10, '2013-04-02', '	GRANDLUB 01/02 ', ' ', -142.75, 0, '	GRANDLUB 01/02 ', ''),
(3460, 10, '2013-04-02', '	PONTO ELETRICO', ' ', -49.90, 0, '	PONTO ELETRICO', ''),
(3461, 10, '2013-04-02', '	EMBOL ', ' ', -161.27, 0, '	EMBOL ', ''),
(3462, 10, '2013-04-02', '	PAPEL NOVO', ' ', -38.30, 0, '	PAPEL NOVO', ''),
(3463, 10, '2013-04-02', '	B H EMBALAGENS', ' ', -41.62, 0, '	B H EMBALAGENS', ''),
(3464, 10, '2013-04-02', '	INST DE PAT CLIN HERME', ' ', -33.00, 0, '	INST DE PAT CLIN HERME', ''),
(3465, 10, '2013-04-02', '	POSTO TROPICO LTDA ', ' ', -188.03, 0, '	POSTO TROPICO LTDA ', ''),
(3466, 10, '2013-04-02', '	EXACTA ODONTOLOGIA01/02 ', ' ', -325.00, 0, '	EXACTA ODONTOLOGIA01/02 ', ''),
(3467, 10, '2013-04-02', '	NUTRI PASTORIL ', ' ', -135.30, 0, '	NUTRI PASTORIL ', ''),
(3468, 10, '2013-04-02', '	GIARDINO PANNE', ' ', -35.30, 0, '	GIARDINO PANNE', ''),
(3469, 10, '2013-04-02', '	RANCHO PANTANAL', ' ', -78.60, 0, '	RANCHO PANTANAL', ''),
(3470, 10, '2013-04-02', '	PAULO ROBERTO F', ' ', -43.84, 0, '	PAULO ROBERTO F', ''),
(3471, 10, '2013-04-02', '	POSTO CLEARGEL ', ' ', -191.92, 0, '	POSTO CLEARGEL ', ''),
(3472, 10, '2013-04-02', '	SLICE VJV ', ' ', -260.25, 0, '	SLICE VJV ', ''),
(3473, 10, '2013-04-02', '	SLICE VJV', ' ', -46.40, 0, '	SLICE VJV', ''),
(3474, 10, '2013-04-02', '	PAULO ROBERTO F', ' ', -37.55, 0, '	PAULO ROBERTO F', ''),
(3475, 10, '2013-04-02', '	DROGARIA ARAUJO CE01/03', ' ', -31.09, 0, '	DROGARIA ARAUJO CE01/03', ''),
(3476, 10, '2013-04-02', '	POSTO SUPRICEL BELO HO ', ' ', -136.93, 0, '	POSTO SUPRICEL BELO HO ', ''),
(3477, 10, '2013-04-02', '	PONTO ELETRICO', ' ', -38.70, 0, '	PONTO ELETRICO', ''),
(3478, 10, '2013-04-02', '	NUTRI PASTORIL', ' ', -56.90, 0, '	NUTRI PASTORIL', ''),
(3479, 10, '2013-04-02', '	TAMBASA ATACADISTA', ' ', -69.08, 0, '	TAMBASA ATACADISTA', ''),
(3480, 10, '2013-04-02', '	PAGAMENTO EFETUADO 	-', ' ', 6557.97, 0, '	PAGAMENTO EFETUADO 	-', ''),
(3481, 10, '2013-04-02', '	CHILLI BEANS 02/03', ' ', -66.00, 0, '	CHILLI BEANS 02/03', ''),
(3482, 10, '2013-04-02', '	LEITURA ELDORADO 02/04', ' ', -51.60, 0, '	LEITURA ELDORADO 02/04', ''),
(3483, 10, '2013-04-02', '	ANUIDADE DIFERENCI06/06', ' ', -24.00, 0, '	ANUIDADE DIFERENCI06/06', ''),
(3484, 10, '2013-04-02', '	CENPRO CONCURSOS 01/06 ', ' ', -190.00, 0, '	CENPRO CONCURSOS 01/06 ', ''),
(3485, 10, '2013-04-02', '	RIO CLARO PNEUS 10/10 ', ' ', -138.98, 0, '	RIO CLARO PNEUS 10/10 ', ''),
(3486, 10, '2013-04-02', '	LEROY MERLIN CONTA07/10 ', ' ', -145.20, 0, '	LEROY MERLIN CONTA07/10 ', ''),
(3487, 10, '2013-04-02', '	PONTO FRIO LJ 428 06/10 ', ' ', -214.63, 0, '	PONTO FRIO LJ 428 06/10 ', ''),
(3488, 10, '2013-04-02', '	G R UM EDITORA 06/06', ' ', -36.00, 0, '	G R UM EDITORA 06/06', ''),
(3489, 10, '2013-04-02', '	CASA DOS COLCHOES 05/10 ', ' ', -136.00, 0, '	CASA DOS COLCHOES 05/10 ', ''),
(3490, 10, '2013-04-02', '	PONTO FRIO LJ 428 04/10 ', ' ', -189.42, 0, '	PONTO FRIO LJ 428 04/10 ', ''),
(3491, 10, '2013-04-02', '	LOJAS RENNER FL 6103/03 ', ' ', -145.84, 0, '	LOJAS RENNER FL 6103/03 ', ''),
(3492, 10, '2013-04-02', '	MESQUITA MOTORES 03/06', ' ', -83.35, 0, '	MESQUITA MOTORES 03/06', ''),
(3493, 10, '2013-04-02', '	RICARDO ELETRO F2303/10 ', ' ', -209.90, 0, '	RICARDO ELETRO F2303/10 ', ''),
(3494, 10, '2013-04-02', '	PONTO FRIO LJ 161 03/10 ', ' ', -149.00, 0, '	PONTO FRIO LJ 161 03/10 ', ''),
(3495, 10, '2013-04-02', '	ESTADO DE MINAS 03/03', ' ', -29.36, 0, '	ESTADO DE MINAS 03/03', ''),
(3496, 10, '2013-04-02', '	RIO CLARO PNEUS 02/10 ', ' ', -134.38, 0, '	RIO CLARO PNEUS 02/10 ', ''),
(3497, 10, '2013-04-02', '	GRANDLUB 02/02 ', ' ', -104.00, 0, '	GRANDLUB 02/02 ', ''),
(3498, 10, '2013-04-02', '	ARTESANAL 02/04', ' ', -95.00, 0, '	ARTESANAL 02/04', ''),
(3499, 10, '2013-04-02', '	RICARDO ELETRO F5802/10', ' ', -91.92, 0, '	RICARDO ELETRO F5802/10', ''),
(3500, 10, '2013-04-02', '	PAPEL NOVO SHOPPING', ' ', 0.04, 0, '	PAPEL NOVO SHOPPING', ''),
(3501, 10, '2013-04-02', '	PAPEL NOVO SHOPPIN02/03', ' ', -50.68, 0, '	PAPEL NOVO SHOPPIN02/03', ''),
(3502, 10, '2013-04-02', '	EXACTA ODONTOLOGIA02/03 ', ' ', -155.00, 0, '	EXACTA ODONTOLOGIA02/03 ', ''),
(3503, 10, '2013-04-02', '	GRANDLUB 02/02 ', ' ', -154.00, 0, '	GRANDLUB 02/02 ', ''),
(3504, 10, '2013-04-02', '	ANUIDADE DIFERENCI06/06', ' ', -12.00, 0, '	ANUIDADE DIFERENCI06/06', ''),
(3505, 10, '2013-04-02', '	TAMBASA ATACADISTA', ' ', -86.04, 0, '	TAMBASA ATACADISTA', ''),
(3506, 10, '2013-04-02', '	DROGARIA ARAUJO CEASA', ' ', -20.48, 0, '	DROGARIA ARAUJO CEASA', ''),
(3507, 10, '2013-04-02', '	MERCADOPAGO', ' ', -39.90, 0, '	MERCADOPAGO', ''),
(3508, 10, '2013-04-02', '	EMPREENDIMENTOS BRITO', ' ', -50.00, 0, '	EMPREENDIMENTOS BRITO', ''),
(3509, 10, '2013-04-02', '	PANIFICADORA GIARDINO', ' ', -33.40, 0, '	PANIFICADORA GIARDINO', ''),
(3510, 10, '2013-04-02', '	PORTO NORTE SUL ', ' ', -118.76, 0, '	PORTO NORTE SUL ', ''),
(3511, 10, '2013-04-02', '	DOG HISTORY PET SHOP', ' ', -18.80, 0, '	DOG HISTORY PET SHOP', ''),
(3512, 10, '2013-04-02', '	POSTO ASSIS ', ' ', -121.69, 0, '	POSTO ASSIS ', ''),
(3513, 10, '2013-04-02', '	RANCHO PANTANAL', ' ', -53.70, 0, '	RANCHO PANTANAL', ''),
(3514, 10, '2013-04-02', '	GIARDINO PANNE', ' ', -21.90, 0, '	GIARDINO PANNE', ''),
(3515, 10, '2013-04-02', '	GRANDLUB 01/02 ', ' ', -142.75, 0, '	GRANDLUB 01/02 ', ''),
(3516, 10, '2013-04-02', '	PONTO ELETRICO', ' ', -49.90, 0, '	PONTO ELETRICO', ''),
(3517, 10, '2013-04-02', '	EMBOL ', ' ', -161.27, 0, '	EMBOL ', ''),
(3518, 10, '2013-04-02', '	PAPEL NOVO', ' ', -38.30, 0, '	PAPEL NOVO', ''),
(3519, 10, '2013-04-02', '	B H EMBALAGENS', ' ', -41.62, 0, '	B H EMBALAGENS', ''),
(3520, 10, '2013-04-02', '	INST DE PAT CLIN HERME', ' ', -33.00, 0, '	INST DE PAT CLIN HERME', '');
INSERT INTO `extratos` (`id`, `id_conta_corrente`, `data_emissao`, `historico`, `numero_doc`, `valor`, `conta_caixa`, `obs`, `vazio`) VALUES
(3521, 10, '2013-04-02', '	POSTO TROPICO LTDA ', ' ', -188.03, 0, '	POSTO TROPICO LTDA ', ''),
(3522, 10, '2013-04-02', '	EXACTA ODONTOLOGIA01/02 ', ' ', -325.00, 0, '	EXACTA ODONTOLOGIA01/02 ', ''),
(3523, 10, '2013-04-02', '	NUTRI PASTORIL ', ' ', -135.30, 0, '	NUTRI PASTORIL ', ''),
(3524, 10, '2013-04-02', '	GIARDINO PANNE', ' ', -35.30, 0, '	GIARDINO PANNE', ''),
(3525, 10, '2013-04-02', '	RANCHO PANTANAL', ' ', -78.60, 0, '	RANCHO PANTANAL', ''),
(3526, 10, '2013-04-02', '	PAULO ROBERTO F', ' ', -43.84, 0, '	PAULO ROBERTO F', ''),
(3527, 10, '2013-04-02', '	POSTO CLEARGEL ', ' ', -191.92, 0, '	POSTO CLEARGEL ', ''),
(3528, 10, '2013-04-02', '	SLICE VJV ', ' ', -260.25, 0, '	SLICE VJV ', ''),
(3529, 10, '2013-04-02', '	SLICE VJV', ' ', -46.40, 0, '	SLICE VJV', ''),
(3530, 10, '2013-04-02', '	PAULO ROBERTO F', ' ', -37.55, 0, '	PAULO ROBERTO F', ''),
(3531, 10, '2013-04-02', '	DROGARIA ARAUJO CE01/03', ' ', -31.09, 0, '	DROGARIA ARAUJO CE01/03', ''),
(3532, 10, '2013-04-02', '	POSTO SUPRICEL BELO HO ', ' ', -136.93, 0, '	POSTO SUPRICEL BELO HO ', ''),
(3533, 10, '2013-04-02', '	PONTO ELETRICO', ' ', -38.70, 0, '	PONTO ELETRICO', ''),
(3534, 10, '2013-04-02', '	NUTRI PASTORIL', ' ', -56.90, 0, '	NUTRI PASTORIL', ''),
(3535, 10, '2013-04-02', '	TAMBASA ATACADISTA', ' ', -69.08, 0, '	TAMBASA ATACADISTA', ''),
(3536, 1, '2013-03-11', 'Dep?sito COMPE           ', '675920', 289.45, 1111200, '341 1382  5116854000151 USIFOR USINAGE', ''),
(3537, 1, '2013-03-11', 'Cobran?a                 ', '097536', 1930.95, 1111300, 'Cobran?a                 ', ''),
(3538, 8, '2013-03-11', 'Saque com cart?o         ', '783933', 500.00, 1310000, '09/03 11:35 SAA-JABOTICATUBAS         \r\n', ''),
(3539, 1, '2013-03-11', 'Saque com cart?o         ', '783933', -500.00, 2310000, '09/03 11:35 SAA-JABOTICATUBAS         \r\n', ''),
(3540, 1, '2013-03-11', 'Telefone Pre-Pago        ', '508983', -25.00, 2227100, '31096670158-Vivo MG Cel LT                  ', ''),
(3541, 8, '2013-03-11', 'Saque com cart?o         ', '783933', 100.00, 1310000, '11/03 15:55 SOP-PAMPULHA              \r\n', ''),
(3542, 1, '2013-03-11', 'Saque com cart?o         ', '783933', -100.00, 2310000, '11/03 15:55 SOP-PAMPULHA              \r\n', ''),
(3543, 1, '2013-03-11', 'Pagamento de T?tulo      ', '031104', -137.29, 2113510, 'BRASIL CARGAS', ''),
(3544, 1, '2013-03-11', 'Pagamento de T?tulo      ', '031105', -51.00, 2113510, 'BRASIL CARGAS', ''),
(3545, 1, '2013-03-11', 'Pagamento de T?tulo      ', '031106', -153.70, 2124420, 'PADARIA SEGURA', ''),
(3546, 1, '2013-03-11', 'Pagamento de T?tulo      ', '031107', -79.90, 2114510, 'CONSTRUSITE', ''),
(3547, 1, '2013-03-11', 'Impostos                 ', '031108', -212.58, 2121300, 'PREF MUNIC DE CONTAG IPTU GALPAO', ''),
(3548, 1, '2013-03-11', 'Emiss?o de DOC           ', '031109', -288.00, 2112120, 'MAGNESITA', ''),
(3549, 1, '2013-03-11', 'Transfer?ncia on line    ', '026698', -100.00, 2310000, '06/03 4888  510026698-4 KATIA VIEIRA S', ''),
(3550, 1, '2013-03-11', 'Transfer?ncia on line    ', '038585', -100.00, 2310000, '08/03 4888  510038585-1 RONALDO COSTA ', ''),
(3551, 1, '2013-03-11', 'BB Giro Flex             ', '001564', -1221.93, 2118200, 'BB Giro Flex             ', ''),
(3552, 1, '2013-03-11', 'BB Giro Flex             ', '000570', -1955.03, 2118200, 'BB Giro Flex             ', ''),
(3553, 1, '2013-03-11', 'BB Giro Flex             ', '000053', -3047.80, 2118100, 'BB Giro Flex             ', ''),
(3554, 1, '2013-03-11', 'D?bito Servi?o Cobran?a  ', '019611', -2.86, 2118100, 'D?bito Servi?o Cobran?a  ', ''),
(3555, 1, '2013-03-11', 'D?bito Servi?o Cobran?a  ', '000918', -3.50, 2118100, 'D?bito Servi?o Cobran?a  ', ''),
(3556, 1, '2013-03-11', 'D?bito Servi?o Cobran?a  ', '008399', -41.60, 2118100, 'D?bito Servi?o Cobran?a  ', ''),
(3557, 1, '2013-03-11', 'Cheque Compensado        ', '854249', -449.70, 2224000, '1/10 SOFA', ''),
(3558, 1, '2013-03-11', 'Pagamento de Telefone    ', '015732', -158.98, 2222310, 'Pagamento de Telefone    ', ''),
(3559, 2, '2013-03-11', 'BB Cons?rcio - Presta?', '23068', -647.90, 2226120, '', ''),
(3560, 3, '2013-03-11', 'Pgto CDC Empr Eletr?nico', '014024', -258.39, 2128200, '', ''),
(3561, 3, '2013-03-11', 'Pagto cart?o cr?dito', '886086', -116.30, 2310000, '', ''),
(3562, 4, '2013-03-11', 'PLANEJADA', '', 100.00, 1310000, '', ''),
(3563, 5, '2013-03-11', 'PLANEJADA', '', 100.00, 1310000, '', ''),
(3564, 6, '2013-03-11', 'TBI 4535.16422-4Unimed  ', '', 810.00, 1320000, '', ''),
(3565, 10, '2013-03-02', '	PAGAMENTO EFETUADO 	-', ' ', 6557.97, 1310000, 'PAGAMENTO EFETUADO -', ''),
(3566, 10, '2013-03-02', '	ANUIDADE DIFERENCI05/06', ' ', -24.00, 2225100, 'ANUIDADE DIFERENCI05/06', ''),
(3567, 10, '2013-03-02', '	SEGURO MAXI PROTECA', ' ', -3.03, 2225100, 'SEGURO MAXI PROTECA', ''),
(3568, 10, '2013-03-02', '	CHILLI BEANS 01/03', ' ', -66.00, 2223730, 'CHILLI BEANS 01/03', ''),
(3569, 10, '2013-03-02', '	LEITURA ELDORADO 01/04', ' ', -51.60, 2223200, 'LEITURA ELDORADO 01/04', ''),
(3570, 10, '2013-03-02', '	PANIFICADORA GIARDINO', ' ', -38.56, 2222100, 'PANIFICADORA GIARDINO', ''),
(3571, 10, '2013-03-02', '	LEROY MERLIN CONTAGEM', ' ', -59.90, 2224000, 'LEROY MERLIN CONTAGEM', ''),
(3572, 10, '2013-03-02', '	RIO CLARO PNEUS 09/10 ', ' ', -138.98, 2224000, 'RIO CLARO PNEUS 09/10 ', ''),
(3573, 10, '2013-03-02', '	LEROY MERLIN CONTA06/10 ', ' ', -145.20, 2224000, 'LEROY MERLIN CONTA06/10 ', ''),
(3574, 10, '2013-03-02', '	ELMO CALCADOS FIL 06/06', ' ', -32.52, 2222500, 'ELMO CALCADOS FIL 06/06', ''),
(3575, 10, '2013-03-02', '	PONTO FRIO LJ 428 05/10 ', ' ', -214.63, 2224000, 'PONTO FRIO LJ 428 05/10 ', ''),
(3576, 10, '2013-03-02', '	G R UM EDITORA 05/06', ' ', -36.00, 2222320, 'G R UM EDITORA 05/06', ''),
(3577, 10, '2013-03-02', '	CASA DOS COLCHOES 04/10 ', ' ', -136.00, 2224000, 'CASA DOS COLCHOES 04/10 ', ''),
(3578, 10, '2013-03-02', '	PONTO FRIO LJ 428 03/10 ', ' ', -189.42, 2224000, 'PONTO FRIO LJ 428 03/10 ', ''),
(3579, 10, '2013-03-02', '	ESTADO DE MINAS 03/03', ' ', -43.59, 2222320, 'ESTADO DE MINAS 03/03', ''),
(3580, 10, '2013-03-02', '	COFERMETA 03/03', ' ', -53.48, 2124110, 'COFERMETA 03/03', ''),
(3581, 10, '2013-03-02', '	CHALES BAR 03/03 ', ' ', -155.30, 2223600, 'CHALES BAR 03/03 ', ''),
(3582, 10, '2013-03-02', '	LOJAS RENNER FL 61', ' ', 0.02, 2222500, 'LOJAS RENNER FL 61', ''),
(3583, 10, '2013-03-02', '	LOJAS RENNER FL 6102/03 ', ' ', -145.84, 2222500, 'LOJAS RENNER FL 6102/03 ', ''),
(3584, 10, '2013-03-02', '	MESQUITA MOTORES', ' ', 0.10, 2124110, 'MESQUITA MOTORES', ''),
(3585, 10, '2013-03-02', '	MESQUITA MOTORES 02/06', ' ', -83.35, 2124110, 'MESQUITA MOTORES 02/06', ''),
(3586, 10, '2013-03-02', '	RICARDO ELETRO F2302/10 ', ' ', -209.90, 2224000, 'RICARDO ELETRO F2302/10 ', ''),
(3587, 10, '2013-03-02', '	PONTO FRIO LJ 161 02/10 ', ' ', -149.00, 2224000, 'PONTO FRIO LJ 161 02/10 ', ''),
(3588, 10, '2013-03-02', '	ESTADO DE MINAS', ' ', 0.02, 2222320, 'ESTADO DE MINAS', ''),
(3589, 10, '2013-03-02', '	ESTADO DE MINAS 02/03', ' ', -29.36, 2222320, 'ESTADO DE MINAS 02/03', ''),
(3590, 10, '2013-03-02', '	POSTO NORTESUL ', ' ', -140.02, 2222400, 'POSTO NORTESUL ', ''),
(3591, 10, '2013-03-02', '	ANUIDADE DIFERENCI05/06', ' ', -12.00, 2225100, 'ANUIDADE DIFERENCI05/06', ''),
(3592, 10, '2013-03-02', '	TAMBASA ATACADISTA', ' ', -77.71, 2124420, 'TAMBASA ATACADISTA', ''),
(3593, 10, '2013-03-02', '	PAULO ROBERTO F', ' ', -21.25, 2222100, 'PAULO ROBERTO F', ''),
(3594, 10, '2013-03-02', '	EMBOL EMBALAGENS ', ' ', -103.01, 2123200, 'EMBOL EMBALAGENS ', ''),
(3595, 10, '2013-03-02', '	PONTO ELETRICO', ' ', -61.20, 2124110, 'PONTO ELETRICO', ''),
(3596, 10, '2013-03-02', '	RANCHO PANTANAL', ' ', -53.00, 2223400, 'RANCHO PANTANAL', ''),
(3597, 10, '2013-03-02', '	SACOLAO TOTAL', ' ', -22.48, 2222100, 'SACOLAO TOTAL', ''),
(3598, 10, '2013-03-02', '	RIO CLARO PNEUS 01/10 ', ' ', -134.38, 2224000, 'RIO CLARO PNEUS 01/10 ', ''),
(3599, 10, '2013-03-02', '	ESTADO DE MINAS', ' ', -62.00, 2222320, 'ESTADO DE MINAS', ''),
(3600, 10, '2013-03-02', '	GIARDINO PANNE', ' ', -38.60, 2222100, 'GIARDINO PANNE', ''),
(3601, 10, '2013-03-02', '	PANIFICADORA GIARDINO', ' ', -39.49, 2222100, 'PANIFICADORA GIARDINO', ''),
(3602, 10, '2013-03-02', '	POSTO ASSIS ', ' ', -178.83, 2222400, 'POSTO ASSIS ', ''),
(3603, 10, '2013-03-02', '	JMC MATER CONSTRUCAO', ' ', -98.74, 2124110, 'JMC MATER CONSTRUCAO', ''),
(3604, 10, '2013-03-02', '	POSTO NORTESUL ', ' ', -126.44, 2222400, 'POSTO NORTESUL ', ''),
(3605, 10, '2013-03-02', '	FERRAGENS PRECO FINO ', ' ', -144.00, 2124110, 'FERRAGENS PRECO FINO ', ''),
(3606, 10, '2013-03-02', '	COLISEU DA CARNE ', ' ', -268.48, 2223600, 'COLISEU DA CARNE ', ''),
(3607, 10, '2013-03-02', '	GRANDLUB 01/02 ', ' ', -104.00, 2224000, 'GRANDLUB 01/02 ', ''),
(3608, 10, '2013-03-02', '	TAMBASA ATACADISTA', ' ', -57.30, 2223400, 'TAMBASA ATACADISTA', ''),
(3609, 10, '2013-03-02', '	DROGARIA ARAUJO CEASA', ' ', -38.91, 2223400, 'DROGARIA ARAUJO CEASA', ''),
(3610, 10, '2013-03-02', '	ARTESANAL 01/04', ' ', -95.00, 2224000, 'ARTESANAL 01/04', ''),
(3611, 10, '2013-03-02', '	EMBOL EMBALAGENS ', ' ', -133.66, 2123200, 'EMBOL EMBALAGENS ', ''),
(3612, 10, '2013-03-02', '	POSTO ASSIS ', ' ', -216.04, 2222400, 'POSTO ASSIS ', ''),
(3613, 10, '2013-03-02', '	RICARDO ELETRO F5801/10', ' ', -91.92, 2224000, 'RICARDO ELETRO F5801/10', ''),
(3614, 10, '2013-03-02', '	NUTRI PASTORIL', ' ', -60.90, 2223400, 'NUTRI PASTORIL', ''),
(3615, 10, '2013-03-02', '	TAMBASA ATACADISTA', ' ', -55.67, 2124110, 'TAMBASA ATACADISTA', ''),
(3616, 10, '2013-03-02', '	POSTO NORTESUL ', ' ', -214.47, 2222400, 'POSTO NORTESUL ', ''),
(3617, 10, '2013-03-02', '	SEG COMPRA PROTEGID', ' ', -7.90, 2225100, 'SEG COMPRA PROTEGID', ''),
(3618, 10, '2013-03-02', '	PAPEL NOVO SHOPPIN01/03', ' ', -50.68, 2124410, 'PAPEL NOVO SHOPPIN01/03', ''),
(3619, 10, '2013-03-02', '	EXACTA ODONTOLOGIA01/03 ', ' ', -155.00, 2223100, 'EXACTA ODONTOLOGIA01/03 ', ''),
(3620, 10, '2013-03-02', '	POSTO JACINTO ', ' ', -184.84, 2222400, 'POSTO JACINTO ', ''),
(3621, 10, '2013-03-02', '	DROGARIA ARAUJO CEASA', ' ', -39.38, 2223400, 'DROGARIA ARAUJO CEASA', ''),
(3622, 10, '2013-03-02', '	BB SEGURO AUTO ', ' ', -491.13, 2226150, 'BB SEGURO AUTO ', ''),
(3623, 10, '2013-03-02', '	TAMBASA ATACADISTA', ' ', -55.30, 2124110, 'TAMBASA ATACADISTA', ''),
(3624, 10, '2013-03-02', '	PAULO ROBERTO F', ' ', -26.51, 2222100, 'PAULO ROBERTO F', ''),
(3625, 10, '2013-03-02', '	PONTO ELETRICO', ' ', -94.50, 2124110, 'PONTO ELETRICO', ''),
(3626, 10, '2013-03-02', '	LOJA ELETRICA CEASA ', ' ', -107.86, 2124110, 'LOJA ELETRICA CEASA ', ''),
(3627, 10, '2013-03-02', '	TECNOPACK ', ' ', -146.65, 2124110, 'TECNOPACK ', ''),
(3628, 10, '2013-03-02', '	POSTO ASSIS ', ' ', -183.31, 2222400, 'POSTO ASSIS ', ''),
(3629, 10, '2013-03-02', '	DROGARIA E PERFUM JK', ' ', -39.00, 2223100, 'DROGARIA E PERFUM JK', ''),
(3630, 10, '2013-03-02', '	PAULO ROBERTO F', ' ', -28.00, 2222100, 'PAULO ROBERTO F', ''),
(3631, 10, '2013-03-02', '	GRANDLUB 01/02 ', ' ', -154.00, 2224000, 'GRANDLUB 01/02 ', ''),
(3632, 10, '2013-03-02', '	POSTO CEASA III', ' ', -50.00, 2222400, 'POSTO CEASA III', ''),
(3633, 10, '2013-03-02', '	DROGARIA ARAUJO CEASA', ' ', -88.89, 2223400, 'DROGARIA ARAUJO CEASA', ''),
(3634, 1, '2013-03-12', 'Transfer?ncia on line    ', '026698', 4500.00, 1310000, '12/03 4888      26698-1 KATIA VIEIRA S', ''),
(3635, 1, '2013-03-12', 'Cobran?a                 ', '112054', 808.69, 1111300, 'Cobran?a                 ', ''),
(3636, 8, '2013-03-12', 'Saque com cart?o         ', '783933', 100.00, 1310000, '12/03 11:38 SOP-CEASA-CONTAGEM        \r\n', ''),
(3637, 1, '2013-03-12', 'Saque com cart?o         ', '783933', -100.00, 2310000, '12/03 11:38 SOP-CEASA-CONTAGEM        \r\n', ''),
(3638, 1, '2013-03-12', 'Folha de Pagamento       ', '003488', -488.13, 2113310, 'Folha de Pagamento       ', ''),
(3639, 1, '2013-03-12', 'Impostos                 ', '031202', -5391.56, 2113330, 'FGTS ARREC GRRF                       ', ''),
(3640, 1, '2013-03-12', 'Transfer?ncia on line    ', '026698', -100.00, 2310000, '06/03 4888  510026698-4 KATIA VIEIRA S', ''),
(3641, 1, '2013-03-12', 'D?bito Servi?o Cobran?a  ', '023685', -2.86, 2118100, 'D?bito Servi?o Cobran?a  ', ''),
(3642, 1, '2013-03-12', 'D?bito Servi?o Cobran?a  ', '008495', -13.00, 2118100, 'D?bito Servi?o Cobran?a  ', ''),
(3643, 1, '2013-03-12', 'Tar DOC/TED Eletr?nico   ', '157443', -7.40, 2118100, 'Tarifa referente a 11/03/2013         ', ''),
(3644, 1, '2013-03-12', 'Tar Pag Sal?r Cr?d Conta ', '026945', -2.50, 2118100, 'Tarifa referente a 12/03/2013         ', ''),
(3645, 1, '2013-03-12', 'Cheque Compensado        ', '854259', -208.00, 2224000, 'IMPERMEAB SOFÁ', ''),
(3646, 1, '2013-03-12', 'Cheque Compensado        ', '854322', -699.20, 2124510, 'JOPHAL', ''),
(3647, 1, '2013-03-12', 'Cheque Compensado        ', '854342', -175.50, 2124420, 'REST SEGURA', ''),
(3648, 1, '2013-03-12', 'Desbloqueio de dep?sito  ', '502111', 169.16, 0, 'Desbloqueio de dep?sito  ', ''),
(3649, 2, '2013-03-12', 'Transfer?ncia on line - 12/03 1222      79480-5 SEGURA UNIFORM', '079480', -4500.00, 2310000, '', ''),
(3650, 4, '2013-03-12', 'PLANEJADA', '', 100.00, 1310000, '', ''),
(3651, 13, '2013-03-10', 'PGTO DEBITO CONTA 4888 ', ' ', 116.30, 1310000, 'PGTO DEBITO CONTA 4888 ', ''),
(3652, 13, '2013-03-10', 'JORNAL BALCAO PARC 03/0', ' ', -28.33, 2222320, 'JORNAL BALCAO PARC 03/0', ''),
(3653, 13, '2013-03-10', 'JORNAL BALCAO PARC 02/0', ' ', -31.63, 2222320, 'JORNAL BALCAO PARC 02/0', ''),
(3654, 13, '2013-03-10', 'JORNAL BALCAO PARC 01/0', ' ', -28.34, 2222320, 'JORNAL BALCAO PARC 01/0', '');

-- --------------------------------------------------------

--
-- Estrutura da tabela `grupo_provisorio`
--

CREATE TABLE IF NOT EXISTS `grupo_provisorio` (
  `id` int(11) NOT NULL AUTO_INCREMENT,
  `cntcx_original` int(6) NOT NULL,
  `cntcx_provisorio` int(6) NOT NULL,
  `posicao` int(1) NOT NULL,
  `descricao` text NOT NULL,
  `valor` decimal(8,2) NOT NULL,
  PRIMARY KEY (`id`)
) ENGINE=InnoDB  DEFAULT CHARSET=latin1 AUTO_INCREMENT=24275 ;

--
-- Extraindo dados da tabela `grupo_provisorio`
--

INSERT INTO `grupo_provisorio` (`id`, `cntcx_original`, `cntcx_provisorio`, `posicao`, `descricao`, `valor`) VALUES
(24194, 1111200, 1111200, 1, 'SERVICO', 3874.27),
(24195, 1111300, 1111300, 1, 'MISTO VENDA E SERVICO', 65789.34),
(24196, 1113100, 1113100, 1, 'EMPRESTIMO CAP GIRO', 5000.00),
(24197, 1121120, 1111120, 1, 'MATERIAL USADO', 3457.55),
(24198, 1121200, 1111200, 1, 'SERVICO', 149.96),
(24199, 1121300, 1111300, 1, 'MISTO VENDA E SERVICO', 1719.82),
(24200, 1122200, 1112200, 1, 'REND RESG CAPITAL', 0.37),
(24201, 1211200, 1211200, 2, 'GP', 666.67),
(24202, 1221200, 1221200, 2, 'RETIRADA DA SEGURA ', 22000.00),
(24203, 1222100, 1222100, 2, 'VENDA PATRIMONIO', 249000.00),
(24204, 1310000, 1310000, 3, 'CONCILIACAO', 372362.96),
(24205, 2111100, 2111100, 1, 'IMP S FATURAMENTO', -6883.00),
(24206, 2111200, 2111200, 1, 'IMP S MO', -1894.33),
(24207, 2112110, 2112110, 1, 'NOVOS, FAC&Ccedil;&Aacute;O', -517.44),
(24208, 2112120, 2112120, 1, 'SUCATA', -489.70),
(24209, 2113110, 2113110, 1, 'PRODUTO LIMPEZA', -2035.79),
(24210, 2113120, 2113120, 1, 'AGUA', -890.64),
(24211, 2113130, 2113130, 1, 'LUZ', -797.02),
(24212, 2113200, 2113200, 1, 'REPARACAO E EMBALAGENS', -390.00),
(24213, 2113310, 2113310, 1, 'SALARIOS', -7568.10),
(24214, 2113320, 2113320, 1, 'PROVISOES', -1000.00),
(24215, 2113330, 2113330, 1, 'FER DT AC PRES', -3521.07),
(24216, 2113510, 2113510, 1, 'FRT SUC/CLIENTE/FORNECEDOR', -104.78),
(24217, 2113610, 2113610, 1, 'ETE', -250.35),
(24218, 2113620, 2113620, 1, 'LIXO', -334.92),
(24219, 2114210, 2114210, 1, 'TEL CEL INTERNE', -1794.10),
(24220, 2114220, 2114220, 1, 'DIVULGACAO ANUN', -113.47),
(24221, 2114510, 2114510, 1, 'PROW POWMX CSIT', -460.16),
(24222, 2118100, 2118100, 1, 'ENCARGOS E TARIFAS BANC', -77.79),
(24223, 2118200, 2118200, 1, 'EMPRESTIMOS E CAP GIRO', -23041.57),
(24224, 2119100, 2119100, 1, 'PATRIMONIAL', -433.89),
(24225, 2119130, 2119130, 1, 'MAQUINAS', -1272.88),
(24226, 2121300, 2111300, 1, 'S PATRIMONIO', -210.52),
(24227, 2122120, 2112120, 1, 'SUCATA', -4917.86),
(24228, 2123110, 2113110, 1, 'PRODUTO LIMPEZA', -220.00),
(24229, 2123140, 2113140, 1, 'GAS', -1020.00),
(24230, 2123200, 2113200, 1, 'REPARACAO E EMBALAGENS', -1316.34),
(24231, 2123310, 2113310, 1, 'SALARIOS', -650.00),
(24232, 2123410, 2113410, 1, 'TRANSP COL ENT', -3914.05),
(24233, 2123430, 2113430, 1, 'FAX CHAPA VENDEDOR', -4180.00),
(24234, 2123510, 2113510, 1, 'FRT SUCAT CLIEN', -950.00),
(24235, 2123620, 2113620, 1, 'LIXO E FRT LIXO', -200.00),
(24236, 2124110, 2114110, 1, 'MANUTECAO E ME', -2398.89),
(24237, 2124220, 2114220, 1, 'DIVULGACAO ANUN', -36.00),
(24238, 2124300, 2114300, 1, 'TRANSPORTE COMBUSTIVEL', -50.00),
(24239, 2124420, 2114420, 1, 'MAT LIMP ALIMEN', -657.41),
(24240, 2124510, 2114510, 1, 'JOPHAL CONSTRUSITE', -773.00),
(24241, 2124620, 2114620, 1, 'RETIRADA', -22000.00),
(24242, 2128100, 2118100, 1, 'ENCARGOS E TARIFAS BANC', -284.00),
(24243, 2128200, 2118200, 1, 'EMPRESTIMOS E CAP GIRO', -27297.32),
(24244, 2211200, 2211200, 2, 'GP', -61.90),
(24245, 2221100, 2221100, 2, 'IR IPTU IPVA', -747.70),
(24246, 2222100, 2222100, 2, 'ALIMENT HIGIENE ', -2546.90),
(24247, 2222200, 2222200, 2, 'AG LUZ GAS', -936.53),
(24248, 2222300, 2222300, 2, 'COMUNICACAO', -483.64),
(24249, 2222310, 2222310, 2, 'TEL CEL INT', -59.15),
(24250, 2222320, 2222320, 2, 'ANUNCIOS CORREIOS', -160.00),
(24251, 2222400, 2222400, 2, 'TRANSP COMBUST', -1878.73),
(24252, 2222500, 2222500, 2, 'VESTUARIO', -740.42),
(24253, 2223100, 2223100, 2, 'SAUDE', -2217.24),
(24254, 2223200, 2223200, 2, 'ESCOLA', -3642.73),
(24255, 2223300, 2223300, 2, 'MO E ENCARGOS ', -60.00),
(24256, 2223400, 2223400, 2, 'SITIO', -1822.70),
(24257, 2223500, 2223500, 2, 'ATIVIDADES EXTRAS', -344.00),
(24258, 2223600, 2223600, 2, 'LAZER E CULTURA ', -1444.36),
(24259, 2223700, 2223700, 2, 'MESADAS ', -367.40),
(24260, 2223710, 2223710, 2, 'MESADA ANANDA', -185.00),
(24261, 2223720, 2223720, 2, 'MESADA IGOR', -25.00),
(24262, 2223730, 2223730, 2, 'MESADA BIANCA', -90.00),
(24263, 2223810, 2223810, 2, 'RONALDO', -1155.51),
(24264, 2223820, 2223820, 2, 'KATIA', -85.00),
(24265, 2224000, 2224000, 2, 'MANUTEN&Ccedil;&Atilde;O', -2311.09),
(24266, 2225100, 2225100, 2, 'ENCARGOS E TARIFAS BANC', -137.44),
(24267, 2226110, 2226110, 2, 'IMOVEIS', -145658.31),
(24268, 2226120, 2226120, 2, 'VEICULOS', -3529.93),
(24269, 2226130, 2226130, 2, 'EQUIP E MOVEIS', -900.08),
(24270, 2226140, 2226140, 2, 'RESERVA CAP', -217.50),
(24271, 2226150, 2226150, 2, 'SEGUROS', -916.43),
(24272, 2227100, 2227100, 2, 'DOACOES ', -309.11),
(24273, 2310000, 2310000, 3, 'CONCILIACAO', -372362.96),
(24274, 3100000, 3110000, 1, 'SALDO INICIAL', -54614.94);

-- --------------------------------------------------------

--
-- Estrutura da tabela `perguntas`
--

CREATE TABLE IF NOT EXISTS `perguntas` (
  `id` int(11) NOT NULL AUTO_INCREMENT,
  `seq` int(1) NOT NULL,
  `anterior` int(7) NOT NULL,
  `valor` int(7) NOT NULL,
  `descricao` text,
  `nivel` int(1) NOT NULL,
  `fim` char(1) DEFAULT NULL,
  PRIMARY KEY (`id`)
) ENGINE=InnoDB  DEFAULT CHARSET=latin1 AUTO_INCREMENT=495 ;

--
-- Extraindo dados da tabela `perguntas`
--

INSERT INTO `perguntas` (`id`, `seq`, `anterior`, `valor`, `descricao`, `nivel`, `fim`) VALUES
(62, 1, 1, 1000000, 'ENTRADA', 1, 'N'),
(63, 2, 2, 2000000, 'SAIDA', 1, 'N'),
(64, 1, 11, 1100000, 'PESS.JURIDICA', 2, 'N'),
(65, 2, 12, 1200000, 'PESS.FISICA', 2, 'N'),
(66, 3, 13, 1300000, 'CONCILIACAO', 2, 'N'),
(67, 1, 21, 2100000, 'PESS.JURIDICA', 2, 'N'),
(68, 2, 22, 2200000, 'PESS.FISICA', 2, 'N'),
(69, 3, 23, 2300000, 'CONCILIACAO', 2, 'N'),
(85, 3, 3, 3000000, 'SALDOS', 1, 'N'),
(88, 1, 31, 3100000, 'INICIAL', 2, 'S'),
(89, 2, 32, 3200000, 'FINAL', 2, 'S'),
(90, 1, 111, 1110000, 'FISCAL', 3, 'N'),
(91, 2, 112, 1120000, 'OR&Ccedil;ADO', 3, 'N'),
(92, 1, 121, 1210000, 'NEGOCIOS', 3, 'N'),
(93, 2, 122, 1220000, 'FAMILIA', 3, 'N'),
(94, 1, 131, 1310000, 'BANCOS', 3, 'S'),
(95, 2, 132, 1320000, 'TERCEIROS', 3, 'S'),
(96, 1, 211, 2110000, 'FISCAL', 3, 'N'),
(97, 2, 212, 2120000, 'OR&Ccedil;ADO', 3, 'N'),
(98, 1, 221, 2210000, 'NEGOCIOS', 3, 'N'),
(99, 2, 222, 2220000, 'FAMILIA', 3, 'N'),
(100, 1, 231, 2310000, 'BANCOS', 3, 'S'),
(101, 2, 232, 2320000, 'TERCEIROS', 3, 'S'),
(102, 1, 1111, 1111000, 'RECEITAS OPERACIONAIS', 4, 'N'),
(103, 2, 1112, 1112000, 'RETORNO DE INVESTIMENTOS', 4, 'N'),
(104, 3, 1113, 1113000, 'RECURSOS FINANCEIROS', 4, 'N'),
(105, 4, 1114, 1114000, 'OUTRAS ENTRADAS', 4, 'N'),
(107, 1, 1121, 1121000, 'RECEITAS OPERACIONAIS', 4, 'N'),
(108, 2, 1122, 1122000, 'RETORNO DE INVESTIMENTOS', 4, 'N'),
(109, 3, 1123, 1123000, 'RECURSOS FINANCEIROS', 4, 'N'),
(110, 4, 1124, 1124000, 'OUTRAS RENDAS', 4, 'N'),
(112, 1, 1221, 1221000, 'RENDA PRINCIPAL (SAL/PRO LAB/RET)', 4, 'N'),
(113, 2, 1222, 1222000, 'RETORNO DE INVESTIMENTOS', 4, 'N'),
(114, 1, 2111, 2111000, 'IMPOSTOS', 4, 'N'),
(115, 2, 2112, 2112000, 'FORNECEDORES', 4, 'N'),
(116, 3, 2113, 2113000, 'PRODU&Ccedil;&Atilde;O', 4, 'N'),
(117, 4, 2114, 2114000, 'ADMINISTRA&Ccedil;&Atilde;O', 4, 'N'),
(118, 5, 2115, 2115000, '@LIVRE', 4, 'S'),
(119, 6, 2116, 2116000, '@LIVRE', 4, 'S'),
(120, 7, 2117, 2117000, 'OUTROS', 4, 'N'),
(128, 1, 2221, 2221000, 'IMPOSTOS', 4, 'N'),
(129, 2, 2222, 2222000, 'CONSUMO', 4, 'N'),
(130, 3, 2223, 2223000, 'PADR&Atilde;O', 4, 'N'),
(131, 4, 2224, 2224000, 'MANUTEN&Ccedil;&Atilde;O', 4, 'S'),
(142, 3, 1223, 1223000, 'RECURSOS FINANCEIROS', 4, 'N'),
(157, 1, 1211, 1211000, 'RENDAS ALTERNATIVAS', 4, 'N'),
(158, 2, 1212, 1212000, 'RETORNO DE INVESTIMENTOS', 4, 'N'),
(159, 7, 2227, 2227000, 'OUTROS', 4, 'N'),
(160, 1, 2211, 2211000, 'JOPHAL', 4, 'N'),
(260, 5, 2225, 2225000, 'FINANCEIRA', 4, 'N'),
(261, 6, 2226, 2226000, 'INVESTIMENTOS', 4, 'N'),
(264, 4, 1224, 1224000, 'OUTRAS ENTRADAS', 4, 'N'),
(272, 3, 1213, 1213000, 'RECURSOS FINANCEIROS', 4, 'N'),
(273, 4, 1214, 1214000, 'OUTRAS ENTRADAS', 4, 'S'),
(274, 2, 2212, 2212000, 'INVESTIMENTOS P/ NEG&Oacute;CIOS', 4, 'N'),
(275, 3, 2213, 2213000, 'FINANCEIRO', 4, 'N'),
(276, 4, 2214, 2214000, 'OUTROS', 4, 'S'),
(277, 1, 11211, 1121100, 'VENDA', 5, 'N'),
(278, 2, 11212, 1121200, 'SERVICO', 5, 'S'),
(279, 1, 11221, 1122100, 'VENDA PATRIMONIAL', 5, 'S'),
(280, 1, 11111, 1111100, 'VENDA', 5, 'N'),
(281, 2, 11112, 1111200, 'SERVICO', 5, 'S'),
(282, 1, 11121, 1112100, 'VENDA PATRIMONIO', 5, 'S'),
(283, 2, 11122, 1112200, 'REND RESG CAPITAL', 5, 'S'),
(284, 1, 11131, 1113100, 'EMPRESTIMO CAP GIRO', 5, 'S'),
(285, 1, 11141, 1114100, 'DOACOES', 5, 'S'),
(286, 2, 11222, 1122200, 'REND RESG CAPITAL', 5, 'S'),
(287, 1, 11231, 1123100, 'EMPRESTIMO CAP GIRO', 5, 'S'),
(288, 1, 11241, 1124100, 'DOACOES', 5, 'S'),
(289, 1, 12111, 1211100, 'QUADRI', 5, 'S'),
(290, 2, 12112, 1211200, 'GP', 5, 'S'),
(291, 1, 12121, 1212100, 'ALUGUEIS ', 5, 'S'),
(292, 1, 12131, 1213100, 'EMPRESTIMOS P NEG PF', 5, 'S'),
(293, 1, 12211, 1221100, 'PRO LABORE KR', 5, 'S'),
(294, 2, 12212, 1221200, 'RETIRADA DA SEGURA', 5, 'S'),
(295, 1, 12221, 1222100, 'VENDA PATRIMONIO ', 5, 'S'),
(296, 1, 12231, 1223100, 'EMPRESTIMOS P FAM PF', 5, 'S'),
(297, 1, 12241, 1224100, 'DISTRIBUICAO DE LUCRO', 5, 'S'),
(298, 2, 12242, 1224200, 'DOACOES ', 5, 'S'),
(299, 1, 21111, 2111100, 'S FATURAMENTO', 5, 'S'),
(300, 2, 21112, 2111200, 'S MO ', 5, 'S'),
(301, 3, 21113, 2111300, 'S PATRIMONIO', 5, 'S'),
(302, 1, 21121, 2112100, 'MERCADORIAS', 5, 'N'),
(305, 1, 21131, 2113100, 'HIGIENIZACAO', 5, 'N'),
(306, 2, 21132, 2113200, 'REPARACAO E EMBALAGENS', 5, 'S'),
(307, 3, 21133, 2113300, 'M.O.', 5, 'N'),
(308, 4, 21134, 2113400, 'M.O. TERCEIRIZADA', 5, 'N'),
(309, 5, 21135, 2113500, 'FRETES', 5, 'N'),
(310, 6, 21136, 2113600, 'DESTINACAO RESIDUOS', 5, 'N'),
(314, 1, 21141, 2114100, 'INFRAESTRUTURA ', 5, 'N'),
(315, 2, 21142, 2114200, 'COMUNICACAO E MARKETING ', 5, 'N'),
(316, 3, 21143, 2114300, 'TRANSPORTE COMBUSTIVEL', 5, 'S'),
(317, 4, 21144, 2114400, 'MATERIAIS ', 5, 'N'),
(318, 5, 21145, 2114500, 'SERV TERCEIROS ', 5, 'N'),
(319, 1, 21181, 2118100, 'ENCARGOS E TARIFAS BANC', 5, 'S'),
(320, 2, 21182, 2118200, 'EMPRESTIMOS E CAP GIRO', 5, 'S'),
(321, 1, 21191, 2119100, 'PATRIMONIAL ', 5, 'N'),
(322, 2, 21192, 2119200, 'QUALITATIVO ', 5, 'N'),
(323, 1, 21171, 2117100, 'DOACOES', 5, 'S'),
(324, 2, 21172, 2117200, 'OUTROS ', 5, 'S'),
(346, 1, 22111, 2211100, 'QUADRI', 5, 'S'),
(347, 2, 22112, 2211200, 'GP', 5, 'S'),
(348, 1, 22121, 2212100, 'AQUISICAO IMOVEIS P ALG', 5, 'S'),
(349, 1, 22131, 2213100, 'ENCARGOS E TARIFAS BANC', 5, 'S'),
(350, 2, 22132, 2213200, 'EMPRESTIMOS P NEG PF', 5, 'S'),
(351, 1, 22211, 2221100, 'IR IPTU IPVA ', 5, 'S'),
(352, 1, 22221, 2222100, 'ALIMENT HIGIENE ', 5, 'S'),
(353, 2, 22222, 2222200, 'AG LUZ GAS', 5, 'S'),
(354, 3, 22223, 2222300, 'COMUNICACAO', 5, 'N'),
(355, 4, 22224, 2222400, 'TRANSP COMBUST', 5, 'S'),
(356, 5, 22225, 2222500, 'VESTUARIO', 5, 'S'),
(357, 1, 22231, 2223100, 'SAUDE', 5, 'S'),
(358, 2, 22232, 2223200, 'ESCOLA', 5, 'S'),
(359, 3, 22233, 2223300, 'MO E ENCARGOS ', 5, 'S'),
(360, 4, 22234, 2223400, 'SITIO', 5, 'S'),
(361, 5, 22235, 2223500, 'ATIVIDADES EXTRAS', 5, 'S'),
(362, 6, 22236, 2223600, 'LAZER E CULTURA', 5, 'S'),
(363, 7, 22237, 2223700, 'MESADAS', 5, 'N'),
(364, 1, 22251, 2225100, 'ENCARGOS E TARIFAS BANC', 5, 'S'),
(365, 2, 22252, 2225200, 'EMPRESTIMOS P FAMILIA', 5, 'S'),
(366, 1, 22261, 2226100, 'PATRIMONIAL', 5, 'N'),
(367, 1, 22271, 2227100, 'DOACOES ', 5, 'S'),
(368, 1, 111111, 1111110, 'NOVO', 6, 'S'),
(369, 2, 111112, 1111120, 'USADO', 6, 'S'),
(370, 3, 111113, 1111130, 'DESCARTE', 6, 'S'),
(371, 1, 112111, 1121110, 'NOVO', 6, 'S'),
(372, 2, 112112, 1121120, 'USADO', 6, 'S'),
(373, 3, 112113, 1121130, 'DESCARTE', 6, 'S'),
(374, 1, 211211, 2112110, 'NOVOS, FAC&Ccedil;&Aacute;O', 6, 'S'),
(375, 2, 211212, 2112120, 'SUCATA', 6, 'S'),
(376, 1, 211311, 2113110, 'PRODUTO LIMPEZA', 6, 'S'),
(377, 2, 211312, 2113120, 'AGUA', 6, 'S'),
(378, 3, 211313, 2113130, 'LUZ', 6, 'S'),
(379, 4, 211314, 2113140, 'GAS', 6, 'S'),
(386, 1, 211391, 2113910, 'SUCATA CLIENTE', 6, 'S'),
(387, 1, 211411, 2114110, 'MANUTENCAO E ME', 6, 'S'),
(388, 1, 211421, 2114210, 'TEL CEL INTERNE', 6, 'S'),
(389, 2, 211422, 2114220, 'DIVULGACAO ANUN', 6, 'S'),
(390, 1, 211441, 2114410, 'MAT ESCRITORIO', 6, 'S'),
(391, 2, 211442, 2114420, 'MAT LIMP ALIMEN', 6, 'S'),
(392, 1, 211451, 2114510, 'PROW POWMX CSIT', 6, 'S'),
(393, 2, 211912, 2119120, 'VEICULOS', 6, 'S'),
(394, 3, 211913, 2119130, 'MAQUINAS', 6, 'S'),
(395, 4, 211914, 2119140, 'EQUIP MOV UTENS', 6, 'S'),
(396, 5, 211915, 2119150, 'RESERVA CAPITAL', 6, 'S'),
(397, 6, 211916, 2119160, 'SEGUROS', 6, 'S'),
(398, 1, 211921, 2119210, 'TREINAM CONSULT', 6, 'S'),
(399, 1, 2121, 2121000, 'IMPOSTOS', 4, 'N'),
(400, 2, 2122, 2122000, 'FORNECEDORES', 4, 'N'),
(401, 3, 2123, 2123000, 'PRODU&Ccedil;&Atilde;O', 4, 'N'),
(402, 4, 2124, 2124000, 'ADMINISTRA&Ccedil;&Atilde;O', 4, 'N'),
(403, 5, 2125, 2125000, '@LIVRE', 4, 'S'),
(404, 6, 2126, 2126000, '@LIVRE', 4, 'S'),
(405, 7, 2127, 2127000, 'OUTROS', 4, 'N'),
(406, 1, 21211, 2121100, 'S FATURAMENTO', 5, 'S'),
(407, 2, 21212, 2121200, 'S MO ', 5, 'S'),
(408, 3, 21213, 2121300, 'S PATRIMONIO', 5, 'S'),
(409, 1, 21221, 2122100, 'MERCADORIAS', 5, 'N'),
(410, 1, 21231, 2123100, 'HIGIENIZACAO', 5, 'N'),
(411, 2, 21232, 2123200, 'REPARACAO E EMBALAGENS', 5, 'S'),
(412, 3, 21233, 2123300, 'M.O.', 5, 'N'),
(413, 4, 21234, 2123400, 'M.O. TERCEIRIZADA', 5, 'N'),
(414, 5, 21235, 2123500, 'FRETES', 5, 'N'),
(415, 6, 21236, 2123600, 'DESTINACAO RESIDUOS', 5, 'N'),
(416, 1, 21241, 2124100, 'INFRAESTRUTURA ', 5, 'N'),
(417, 2, 21242, 2124200, 'COMUNICACAO E MARKETING ', 5, 'N'),
(418, 3, 21243, 2124300, 'TRANSPORTE COMBUSTIVEL', 5, 'S'),
(419, 4, 21244, 2124400, 'MATERIAIS ', 5, 'N'),
(420, 5, 21245, 2124500, 'SERV TERCEIROS ', 5, 'N'),
(421, 1, 21281, 2128100, 'ENCARGOS E TARIFAS BANC', 5, 'S'),
(422, 2, 21282, 2128200, 'EMPRESTIMOS E CAP GIRO', 5, 'S'),
(423, 1, 21291, 2129100, 'PATRIMONIAL ', 5, 'N'),
(424, 2, 21292, 2129200, 'QUALITATIVO ', 5, 'N'),
(425, 1, 21271, 2127100, 'DOACOES', 5, 'S'),
(426, 2, 21272, 2127200, 'OUTROS ', 5, 'S'),
(427, 1, 212211, 2122110, 'NOVOS, FAC&Ccedil;&Aacute;O', 6, 'S'),
(428, 2, 212212, 2122120, 'SUCATA', 6, 'S'),
(429, 1, 212311, 2123110, 'PRODUTO LIMPEZA', 6, 'S'),
(430, 2, 212312, 2123120, 'AGUA', 6, 'S'),
(431, 3, 212313, 2123130, 'LUZ', 6, 'S'),
(432, 4, 212314, 2123140, 'GAS', 6, 'S'),
(433, 1, 212391, 2123910, 'SUCATA CLIENTE', 6, 'S'),
(434, 1, 212411, 2124110, 'MANUTENCAO E ME', 6, 'S'),
(435, 1, 212421, 2124210, 'TEL CEL INTERNE', 6, 'S'),
(436, 2, 212422, 2124220, 'DIVULGACAO ANUN', 6, 'S'),
(437, 1, 212441, 2124410, 'MAT ESCRITORIO', 6, 'S'),
(438, 2, 212442, 2124420, 'MAT LIMP ALIMEN', 6, 'S'),
(439, 1, 212451, 2124510, 'JOPHAL CONSTRUSITE', 6, 'S'),
(440, 2, 212912, 2129120, 'VEICULOS', 6, 'S'),
(441, 3, 212913, 2129130, 'MAQUINAS', 6, 'S'),
(442, 4, 212914, 2129140, 'EQUIP MOV UTENS', 6, 'S'),
(443, 5, 212915, 2129150, 'RESERVA CAPITAL', 6, 'S'),
(444, 6, 212915, 2129160, 'SEGUROS', 6, 'S'),
(445, 1, 212921, 2129210, 'TREINAMENTO CONSULTORIA', 6, 'S'),
(446, 1, 211331, 2113310, 'SALARIOS', 6, 'S'),
(447, 2, 211332, 2113320, 'PROVISOES', 6, 'S'),
(448, 3, 211333, 2113330, 'FER DT AC PRES', 6, 'S'),
(449, 1, 211341, 2113410, 'TRANSP COL ENT', 6, 'S'),
(450, 2, 211342, 2113420, 'COSTUREIRA', 6, 'S'),
(451, 3, 211343, 2113430, 'FAXINA CHAPA ET', 6, 'S'),
(452, 1, 211351, 2113510, 'FRT SUC/CLIENTE/FORNECEDOR', 6, 'S'),
(453, 1, 211361, 2113610, 'ETE', 6, 'S'),
(454, 2, 211362, 2113620, 'LIXO E FRT LIXO', 6, 'S'),
(455, 3, 211363, 2113630, 'DESNTUP INSINER', 6, 'S'),
(456, 4, 21114, 2111400, 'TX E IMP DIVERSOS', 5, 'S'),
(457, 1, 222611, 2226110, 'IMOVEIS', 6, 'S'),
(458, 2, 222612, 2226120, 'VEICULOS', 6, 'S'),
(459, 3, 222613, 2226130, 'EQUIP E MOVEIS', 6, 'S'),
(460, 4, 222614, 2226140, 'RESERVA CAP', 6, 'S'),
(461, 5, 222615, 2226150, 'SEGUROS', 6, 'S'),
(462, 4, 21214, 2121400, 'TX IMP DIVERSOS', 5, 'S'),
(463, 1, 212331, 2123310, 'SALARIOS', 6, 'S'),
(464, 2, 212332, 2123320, 'PROVISOES', 6, 'S'),
(465, 3, 212333, 2123330, 'FER DT AC PRES', 6, 'S'),
(466, 1, 212341, 2123410, 'TRANSP COL ENT', 6, 'S'),
(467, 2, 212342, 2123420, 'COSTUREIRA', 6, 'S'),
(468, 3, 212343, 2123430, 'FAX CHAPA VENDEDOR', 6, 'S'),
(469, 1, 212351, 2123510, 'SUCATA E CLIENT', 6, 'S'),
(470, 1, 212361, 2123610, 'ETE', 6, 'S'),
(471, 2, 212362, 2123620, 'LIXO E FRT LIXO', 6, 'S'),
(472, 3, 212363, 2123630, 'DESNTUP INSINER', 6, 'S'),
(473, 3, 11113, 1111300, 'MISTO VENDA E SERVICO', 5, 'S'),
(474, 3, 11213, 1121300, 'MISTO VENDA E SERVICO', 5, 'S'),
(475, 1, 222231, 2222310, 'TEL CEL INT', 6, 'S'),
(476, 2, 222232, 2222320, 'ANUNCIOS CORREIOS', 6, 'S'),
(477, 1, 222371, 2223710, 'ANANDA', 6, 'S'),
(478, 2, 222372, 2223720, 'IGOR', 6, 'S'),
(479, 3, 222373, 2223730, 'BIANCA', 6, 'S'),
(480, 6, 21246, 2124600, 'SOCIOS', 5, 'N'),
(481, 1, 212461, 2124610, 'PRO LABORE', 6, 'S'),
(482, 2, 212462, 2124620, 'RETIRADA', 6, 'S'),
(483, 3, 212463, 2124630, 'DISTRIBUICAO DE LUCROS', 6, 'S'),
(484, 8, 22238, 2223800, 'PESSOAL KR', 5, 'N'),
(485, 1, 222381, 2223810, 'RONALDO', 6, 'S'),
(486, 2, 222382, 2223820, 'KATIA', 6, 'S'),
(487, 8, 2118, 2118000, 'FINANCEIRO', 4, 'N'),
(488, 9, 2119, 2119000, 'INVESTIMENTO', 4, 'N'),
(489, 8, 2128, 2128000, 'FINANCEIRO', 4, 'N'),
(490, 9, 2129, 2129000, 'INVESTIMENTO', 4, 'N'),
(491, 1, 211911, 2119110, 'IMOVEIS', 6, 'S'),
(492, 1, 212911, 2129110, 'IMOVEIS', 6, 'S'),
(493, 4, 211364, 2113640, 'INSINERACAO', 6, 'S'),
(494, 4, 212364, 2123640, 'INSINERACAO', 6, 'S');

-- --------------------------------------------------------

--
-- Estrutura da tabela `sequencia`
--

CREATE TABLE IF NOT EXISTS `sequencia` (
  `id` int(11) NOT NULL AUTO_INCREMENT,
  `seq` int(1) NOT NULL,
  PRIMARY KEY (`id`)
) ENGINE=InnoDB  DEFAULT CHARSET=latin1 AUTO_INCREMENT=10 ;

--
-- Extraindo dados da tabela `sequencia`
--

INSERT INTO `sequencia` (`id`, `seq`) VALUES
(1, 1),
(2, 2),
(3, 3),
(4, 4),
(5, 5),
(6, 6),
(7, 7),
(8, 8),
(9, 9);

-- --------------------------------------------------------

--
-- Estrutura da tabela `temp_cx_incluidos`
--

CREATE TABLE IF NOT EXISTS `temp_cx_incluidos` (
  `id` int(11) NOT NULL AUTO_INCREMENT,
  `cx_ins_temp` int(6) NOT NULL,
  `descricao_inc_temp` text NOT NULL,
  `valor_inc_temp` decimal(8,2) DEFAULT NULL,
  PRIMARY KEY (`id`)
) ENGINE=InnoDB  DEFAULT CHARSET=latin1 AUTO_INCREMENT=519 ;

--
-- Extraindo dados da tabela `temp_cx_incluidos`
--

INSERT INTO `temp_cx_incluidos` (`id`, `cx_ins_temp`, `descricao_inc_temp`, `valor_inc_temp`) VALUES
(516, 2223300, 'MO_E_ENCARGOS_', 1090.00),
(517, 2119130, 'MAQUINAS', 1300.00),
(518, 2124300, 'TRANSPORTE_COMBUSTIVEL', 800.00);

-- --------------------------------------------------------

--
-- Estrutura da tabela `temp_graf_ordem`
--

CREATE TABLE IF NOT EXISTS `temp_graf_ordem` (
  `id` int(11) NOT NULL AUTO_INCREMENT,
  `id_grupo` int(11) NOT NULL,
  `nome_grupo` text NOT NULL,
  `valor` decimal(8,2) DEFAULT NULL,
  PRIMARY KEY (`id`)
) ENGINE=InnoDB  DEFAULT CHARSET=latin1 AUTO_INCREMENT=1089 ;

--
-- Extraindo dados da tabela `temp_graf_ordem`
--

INSERT INTO `temp_graf_ordem` (`id`, `id_grupo`, `nome_grupo`, `valor`) VALUES
(1087, 1, 'RECEITA 22885.10', 22885.10),
(1088, 19, 'INVESTIMENTOS 0.00', 0.00);

-- --------------------------------------------------------

--
-- Estrutura da tabela `temp_grupo_grafico`
--

CREATE TABLE IF NOT EXISTS `temp_grupo_grafico` (
  `id` int(11) NOT NULL AUTO_INCREMENT,
  `grupo` varchar(60) NOT NULL,
  `valor` decimal(8,2) DEFAULT NULL,
  PRIMARY KEY (`id`)
) ENGINE=InnoDB  DEFAULT CHARSET=latin1 AUTO_INCREMENT=8696 ;

--
-- Extraindo dados da tabela `temp_grupo_grafico`
--

INSERT INTO `temp_grupo_grafico` (`id`, `grupo`, `valor`) VALUES
(8690, '19-INVESTIMENTOS', 0.00),
(8691, '1-RECEITA', 1160.00),
(8692, '1-RECEITA', -2614.95),
(8693, '1-RECEITA', 22941.05),
(8694, '1-RECEITA', 1389.00),
(8695, '1-RECEITA', 10.00);

-- --------------------------------------------------------

--
-- Estrutura da tabela `tipo_conta`
--

CREATE TABLE IF NOT EXISTS `tipo_conta` (
  `id` int(11) NOT NULL AUTO_INCREMENT,
  `descricao` varchar(30) DEFAULT NULL,
  PRIMARY KEY (`id`)
) ENGINE=InnoDB  DEFAULT CHARSET=latin1 AUTO_INCREMENT=10 ;

--
-- Extraindo dados da tabela `tipo_conta`
--

INSERT INTO `tipo_conta` (`id`, `descricao`) VALUES
(1, 'BBCCJ'),
(2, 'BBCCF'),
(3, 'BBCPF'),
(4, 'ITCCF'),
(5, 'BDCCF'),
(6, 'CAIXA'),
(7, 'CARTAO'),
(8, 'CRTITAU'),
(9, 'SANTPF');

/*!40101 SET CHARACTER_SET_CLIENT=@OLD_CHARACTER_SET_CLIENT */;
/*!40101 SET CHARACTER_SET_RESULTS=@OLD_CHARACTER_SET_RESULTS */;
/*!40101 SET COLLATION_CONNECTION=@OLD_COLLATION_CONNECTION */;
