{
"deputadoFederal": [
      {"numero": "9101", "partido":"PEsp","nome":"Atletismo"                 ,"foto":"9101_atletismo"},
      {"numero": "9102", "partido":"PEsp","nome":"Gin\u00e1stica Art\u00edstica"  ,"foto":"9102_ginastica"},
      {"numero": "9103", "partido":"PEsp","nome":"Boxe"                      ,"foto":"9103_boxe"},
      {"numero": "9104", "partido":"PEsp","nome":"Halterofilismo"            ,"foto":"9104_halterofilismo"},
      {"numero": "9105", "partido":"PEsp","nome":"Golfe"                     ,"foto":"9105_golfe"},
      {"numero": "9201", "partido":"PMus","nome":"Sertanejo"                 ,"foto":"9201_sertanejo"},
      {"numero": "9202", "partido":"PMus","nome":"Reggae"                    ,"foto":"9202_reggae"},
      {"numero": "9203", "partido":"PMus","nome":"M\u00fasica Cl\u00e1ssica" ,"foto":"9203_musica_classica"},
      {"numero": "9204", "partido":"PMus","nome":"\u00d3pera"                ,"foto":"9204_opera"},
      {"numero": "9205", "partido":"PMus","nome":"Mariachi"                  ,"foto":"9205_mariachi"},
      {"numero": "9301", "partido":"PProf","nome":"Artista"                  ,"foto":"9301_artista"},  
      {"numero": "9302", "partido":"PProf","nome":"Oper\u00e1rio"            ,"foto":"9302_operario"}, 
      {"numero": "9303", "partido":"PProf","nome":"Astronauta"               ,"foto":"9303_astronauta"},
      {"numero": "9304", "partido":"PProf","nome":"Cozinheira"               ,"foto":"9304_cozinheira"},
      {"numero": "9305", "partido":"PProf","nome":"Fot\u00f3grafo"           ,"foto":"9305_fotografo"},
      {"numero": "9401", "partido":"PFest","nome":"Boi-bumb\u00e1"           ,"foto":"9401_boi_bumba"},        
      {"numero": "9402", "partido":"PFest","nome":"Pe\u00e3o de Boiadeiro"   ,"foto":"9402_peao_de_boiadeiro"},
      {"numero": "9403", "partido":"PFest","nome":"Oktoberfest"              ,"foto":"9403_oktoberfest"},
      {"numero": "9404", "partido":"PFest","nome":"Semana Farroupilha"       ,"foto":"9404_semana_farroupilha"},
      {"numero": "9405", "partido":"PFest","nome":"Cavalhadas"               ,"foto":"9405_cavalhadas"},
      {"numero": "9501", "partido":"PFolc","nome":"Lobisomem"                ,"foto":"9501_lobisomem"},            
      {"numero": "9502", "partido":"PFolc","nome":"Cuca"                     ,"foto":"9502_cuca"},                 
      {"numero": "9503", "partido":"PFolc","nome":"Negrinho do Pastoreio"    ,"foto":"9503_negrinho_do_pastoreio"},
      {"numero": "9504", "partido":"PFolc","nome":"Mapinguari"               ,"foto":"9504_mapinguari"},           
      {"numero": "9505", "partido":"PFolc","nome":"Cabra-Cabriola"           ,"foto":"9505_cabra_cabriola"}       
  ],
"deputadoDistrital": [
      {"numero": "91001", "partido":"PEsp","nome":"Basquete"                    ,"foto":"91001_basquete"},
      {"numero": "91002", "partido":"PEsp","nome":"Hipismo"                     ,"foto":"91002_hipismo"},
      {"numero": "91003", "partido":"PEsp","nome":"Patina\u00e7\u00e3o"         ,"foto":"91003_patinacao"},
      {"numero": "91004", "partido":"PEsp","nome":"Beisebol"                    ,"foto":"91004_beisebol"},
      {"numero": "91005", "partido":"PEsp","nome":"Polo Aqu\u00e1tico"          ,"foto":"91005_polo_aquatico"},
      {"numero": "92001", "partido":"PMus","nome":"Frevo"                       ,"foto":"92001_frevo"},           
      {"numero": "92002", "partido":"PMus","nome":"Jazz"                        ,"foto":"92002_jazz"},            
      {"numero": "92003", "partido":"PMus","nome":"M\u00fasica Eletr\u00f4nica" ,"foto":"92003_musica_eletronica"},
      {"numero": "92004", "partido":"PMus","nome":"Heavy Metal"                 ,"foto":"92004_heavy_metal"},    
      {"numero": "92005", "partido":"PMus","nome":"Salsa"                       ,"foto":"92005_salsa"},           
      {"numero": "93001", "partido":"PProf","nome":"Gar\u00e7om"                ,"foto":"93001_garcom"},   
      {"numero": "93002", "partido":"PProf","nome":"Motorista"                  ,"foto":"93002_motorista"}, 
      {"numero": "93003", "partido":"PProf","nome":"Bombeira"                   ,"foto":"93003_bombeira"}, 
      {"numero": "93004", "partido":"PProf","nome":"Pintor"                     ,"foto":"93004_pintor"},   
      {"numero": "93005", "partido":"PProf","nome":"Gari"                       ,"foto":"93005_gari"},     
      {"numero": "94001", "partido":"PFest","nome":"P\u00e1scoa"                ,"foto":"94001_pascoa"},       
      {"numero": "94002", "partido":"PFest","nome":"R\u00e9veillon"             ,"foto":"94002_reveillon"},    
      {"numero": "94003", "partido":"PFest","nome":"Festa da Uva"               ,"foto":"94003_festa_da_uva"}, 
      {"numero": "94004", "partido":"PFest","nome":"Folia de Reis"              ,"foto":"94004_folia_de_reis"}, 
      {"numero": "94005", "partido":"PFest","nome":"Festa do Milho"             ,"foto":"94005_festa_do_milho"}, 
      {"numero": "95001", "partido":"PFolc","nome":"Iara"                       ,"foto":"95001_iara"},          
      {"numero": "95002", "partido":"PFolc","nome":"Barba-Ruiva"                ,"foto":"95002_barba_ruiva"},  
      {"numero": "95003", "partido":"PFolc","nome":"Bicho-Pap\u00e3o"           ,"foto":"95003_bicho_papao"},   
      {"numero": "95004", "partido":"PFolc","nome":"Matintapereira"             ,"foto":"95004_matinta_pereira"}, 
      {"numero": "95005", "partido":"PFolc","nome":"Pisadeira"                  ,"foto":"95005_pisadeira"}    
  ],
"deputadoEstadual": [
      {"numero": "91001", "partido":"PEsp","nome":"Basquete"                    ,"foto":"91001_basquete"},
      {"numero": "91002", "partido":"PEsp","nome":"Hipismo"                     ,"foto":"91002_hipismo"},
      {"numero": "91003", "partido":"PEsp","nome":"Patina\u00e7\u00e3o"         ,"foto":"91003_patinacao"},
      {"numero": "91004", "partido":"PEsp","nome":"Beisebol"                    ,"foto":"91004_beisebol"},
      {"numero": "91005", "partido":"PEsp","nome":"Polo Aqu\u00e1tico"          ,"foto":"91005_polo_aquatico"},
      {"numero": "92001", "partido":"PMus","nome":"Frevo"                       ,"foto":"92001_frevo"},           
      {"numero": "92002", "partido":"PMus","nome":"Jazz"                        ,"foto":"92002_jazz"},            
      {"numero": "92003", "partido":"PMus","nome":"M\u00fasica Eletr\u00f4nica" ,"foto":"92003_musica_eletronica"},
      {"numero": "92004", "partido":"PMus","nome":"Heavy Metal"                 ,"foto":"92004_heavy_metal"},    
      {"numero": "92005", "partido":"PMus","nome":"Salsa"                       ,"foto":"92005_salsa"},           
      {"numero": "93001", "partido":"PProf","nome":"Gar\u00e7om"                ,"foto":"93001_garcom"},   
      {"numero": "93002", "partido":"PProf","nome":"Motorista"                  ,"foto":"93002_motorista"}, 
      {"numero": "93003", "partido":"PProf","nome":"Bombeira"                   ,"foto":"93003_bombeira"}, 
      {"numero": "93004", "partido":"PProf","nome":"Pintor"                     ,"foto":"93004_pintor"},   
      {"numero": "93005", "partido":"PProf","nome":"Gari"                       ,"foto":"93005_gari"},     
      {"numero": "94001", "partido":"PFest","nome":"P\u00e1scoa"                ,"foto":"94001_pascoa"},       
      {"numero": "94002", "partido":"PFest","nome":"R\u00e9veillon"             ,"foto":"94002_reveillon"},    
      {"numero": "94003", "partido":"PFest","nome":"Festa da Uva"               ,"foto":"94003_festa_da_uva"}, 
      {"numero": "94004", "partido":"PFest","nome":"Folia de Reis"              ,"foto":"94004_folia_de_reis"}, 
      {"numero": "94005", "partido":"PFest","nome":"Festa do Milho"             ,"foto":"94005_festa_do_milho"}, 
      {"numero": "95001", "partido":"PFolc","nome":"Iara"                       ,"foto":"95001_iara"},          
      {"numero": "95002", "partido":"PFolc","nome":"Barba-Ruiva"                ,"foto":"95002_barba_ruiva"},  
      {"numero": "95003", "partido":"PFolc","nome":"Bicho-Pap\u00e3o"           ,"foto":"95003_bicho_papao"},   
      {"numero": "95004", "partido":"PFolc","nome":"Matintapereira"             ,"foto":"95004_matinta_pereira"}, 
      {"numero": "95005", "partido":"PFolc","nome":"Pisadeira"                  ,"foto":"95005_pisadeira"}    
  ],
"senador": [
      {"numero": "911", "partido":"PEsp","nome":"Nata\u00e7\u00e3o" ,"foto":"911_natacao"}, 
	  {"numero": "911a","partido":"PEsp","nome":"Esgrima"           ,"foto":"911_esgrima"},
	  {"numero": "911b","partido":"PEsp","nome":"R\u00fagbi"        ,"foto":"911_rugbi"},	  
      {"numero": "921", "partido":"PMus","nome":"Samba"             ,"foto":"921_samba"},     
      {"numero": "921a","partido":"PMus","nome":"Tango"             ,"foto":"921_tango"},     
      {"numero": "921b","partido":"PMus","nome":"M\u00fasica Disco" ,"foto":"921_musica_disco"},     
      {"numero": "931", "partido":"PProf","nome":"Enfermeira"       ,"foto":"931_enfermeira"},
      {"numero": "931a","partido":"PProf","nome":"Aeromo\u00e7a"    ,"foto":"931_aeromoca"},
      {"numero": "931b","partido":"PProf","nome":"Detetive"         ,"foto":"931_detetive"},
      {"numero": "941", "partido":"PFest","nome":"Festa Junina"     ,"foto":"941_festa_junina"},
      {"numero": "941a","partido":"PFest","nome":"Lavagem do Bonfim","foto":"941_lavagem_do_bonfim"},
      {"numero": "941b","partido":"PFest","nome":"Dia das Bruxas"   ,"foto":"941_dia_das_bruxas"},
      {"numero": "951", "partido":"PFolc","nome":"Saci-Perer\u00ea" ,"foto":"951_saci"},
      {"numero": "951a","partido":"PFolc","nome":"Caipora"          ,"foto":"951_caipora"},
      {"numero": "951b","partido":"PFolc","nome":"M\u00e3e do Ouro" ,"foto":"951_mae_douro"}
	  
   ],
"governador": [
      {"numero": "91", "partido":"PEsp","nome":"V\u00f4lei"                          ,"foto":"91_volei"},                        
      {"numero": "91a","partido":"PEsp","nome":"T\u00eanis"                          ,"foto":"91_tenis"},                        
      {"numero": "92", "partido":"PMus","nome":"Forr\u00f3"                          ,"foto":"92_forro"},                        
      {"numero": "92a","partido":"PMus","nome":"Pagode"                              ,"foto":"92_pagode"},                        
      {"numero": "93", "partido":"PProf","nome":"M\u00e9dica"                        ,"foto":"93_medica"},                      
      {"numero": "93a","partido":"PProf","nome":"Bibliotec\u00e1ria"                 ,"foto":"93_bibliotecaria"},                      
      {"numero": "94", "partido":"PFest","nome":"Dia da Independ\u00eancia do Brasil","foto":"94_independencia_do_brasil"},
      {"numero": "94a","partido":"PFest","nome":"Natal"                              ,"foto":"94_natal"},
      {"numero": "95", "partido":"PFolc","nome":"Boto Cor-de-Rosa"                   ,"foto":"95_boto"},            
      {"numero": "95a","partido":"PFolc","nome":"Boitat\u00e1"                       ,"foto":"95_boitata"}            
   ],
"presidente": [
      {"numero": "91", "partido":"PEsp","nome":"Futebol"                       ,"foto":"91_futebol"},      
      {"numero": "91a","partido":"PEsp","nome":"Jud\u00f4"                          ,"foto":"91_judo"},      
      {"numero": "92", "partido":"PMus","nome":"Rock"                          ,"foto":"92_rock"},          
      {"numero": "92a","partido":"PMus","nome":"M\u00fasica Popular Brasileira","foto":"92_musica_popular_brasileira"},          
      {"numero": "93", "partido":"PProf","nome":"Professora"                   ,"foto":"93_professora"},  
      {"numero": "93a","partido":"PProf","nome":"M\u00e1gico"                  ,"foto":"93_magico"},  
      {"numero": "94", "partido":"PFest","nome":"Copa do Mundo"                ,"foto":"94_copa_do_mundo"},
      {"numero": "94a","partido":"PFest","nome":"Carnaval"                     ,"foto":"94_carnaval"},
      {"numero": "95", "partido":"PFolc","nome":"Vit\u00f3ria-R\u00e9gia"      ,"foto":"95_vitoria_regia"},
      {"numero": "95a","partido":"PFolc","nome":"Curupira"                     ,"foto":"95_curupira"}
   ],
   "vereador": [
	  {"numero": "20123", "partido":"PSC","nome":"Marta Mansur"              ,"foto":"91001_volei"},
      {"numero": "91001", "partido":"PEsp","nome":"Volei"                    ,"foto":"91001_volei"},
      {"numero": "91002", "partido":"PEsp","nome":"Basquete"                 ,"foto":"91002_basquete"},
      {"numero": "91003", "partido":"PEsp","nome":"Atletismo"                ,"foto":"91003_atletismo"},
      {"numero": "91004", "partido":"PEsp","nome":"Futebol"                  ,"foto":"91004_futebol"},
      {"numero": "91005", "partido":"PEsp","nome":"TÃªnis"                    ,"foto":"91005_tenis"},
      {"numero": "92001", "partido":"PMus","nome":"Rock"                     ,"foto":"92001_rock"},
      {"numero": "92002", "partido":"PMus","nome":"Sertanejo"                ,"foto":"92002_sertanejo"},
      {"numero": "92003", "partido":"PMus","nome":"Frevo"                    ,"foto":"92003_frevo"},
      {"numero": "92004", "partido":"PMus","nome":"MÃºsica popular Brasileira","foto":"92004_musica-popular-brasileira"},
      {"numero": "92005", "partido":"PMus","nome":"Reggae"                   ,"foto":"92005_reggae"},
      {"numero": "93001", "partido":"PProf","nome":"Oper\u00e1rio"           ,"foto":"93001_operario"},  
      {"numero": "93002", "partido":"PProf","nome":"Pintor"                  ,"foto":"93002_pintor"}, 
      {"numero": "93003", "partido":"PProf","nome":"Cozinheira"              ,"foto":"93003_cozinheira"},
      {"numero": "93004", "partido":"PProf","nome":"MÃ©dica"                  ,"foto":"93004_medica"},
      {"numero": "93005", "partido":"PProf","nome":"Enfermeira"              ,"foto":"93005_enfermeira"},
      {"numero": "94001", "partido":"PFest","nome":"PÃ¡scoa"                  ,"foto":"94001_pascoa"},        
      {"numero": "94002", "partido":"PFest","nome":"Oktoberfest"             ,"foto":"94002_oktoberfest"},
      {"numero": "94003", "partido":"PFest","nome":"Folia de Reis"           ,"foto":"94003_folia-de-reis"},
      {"numero": "94004", "partido":"PFest","nome":"Boi-BumbÃ¡"               ,"foto":"94004_boi-bumba"},
      {"numero": "94005", "partido":"PFest","nome":"Cavalhadas"              ,"foto":"94005_cavalhadas"},
      {"numero": "95001", "partido":"PFolc","nome":"Curupira"                ,"foto":"95001_curupira"},            
      {"numero": "95002", "partido":"PFolc","nome":"Saci-Perer\u00ea"        ,"foto":"95002_saci"},                 
      {"numero": "95003", "partido":"PFolc","nome":"Iara"                    ,"foto":"95003_iara"},
      {"numero": "95004", "partido":"PFolc","nome":"Lobisomem"               ,"foto":"95004_lobisomem"},           
      {"numero": "95005", "partido":"PFolc","nome":"Mapinguari"              ,"foto":"95005_mapinguari"}       
  ],
"prefeito": [
      {"numero": "91", "partido":"PEsp","nome":"Nata\u00e7\u00e3o" ,"foto":"91_natacao"}, 
	  {"numero": "91a","partido":"PEsp","nome":"Judo"              ,"foto":"91_judo"},
	  {"numero": "92","partido":"PEsp","nome":"ForrÃ³"             ,"foto":"92_forro"},	  
      {"numero": "92a","partido":"PMus","nome":"Samba"             ,"foto":"92_samba"},     
      {"numero": "93", "partido":"PMus","nome":"Bombeira"          ,"foto":"93_bombeira"},     
      {"numero": "93a","partido":"PMus","nome":"Professora"        ,"foto":"93_professora"},     
      {"numero": "94", "partido":"PProf","nome":"Festa Junina"     ,"foto":"94_festa-junina"},
      {"numero": "94a","partido":"PProf","nome":"Carnaval"         ,"foto":"94_carnaval"},
      {"numero": "95" ,"partido":"PProf","nome":"Boto Cor de Rosa" ,"foto":"95_boto"},
      {"numero": "95a","partido":"PFest","nome":"BoitatÃ¡"          ,"foto":"95_boitata"}
	]
}